country,country_code,shop_id,shop_name,item_id,product_name,category,platform_category,shop_category,current_price,price,discount_percent,displayed_discount_pct,likes,liked_count,rating_count,monthly_sold_value_proxy,monthly_sold_value,history_sold_value,opportunity_score,recommendation_label,confidence_level,top_three_explanation_reasons,reason_1,reason_2,reason_3,peer_group_benchmark
id,id,809769142,Glad2Glow Official Store,19691541572,Glad2Glow Pomegranate Niacinamide Brightening Moisturizer Mencerahkan Pemutih Kulit Gel Pelembab Bercahaya Krim Siang dan Malam Perawatan Kulit Ekstrak DelimaPelembab Esensi Wajah Perawatan Kulit g2glow official store,Beauty,Beauty,SKINCARE,41900,41900,62.0,62.0,143952,143952,464216,1000.0,1000.0,10000.0,71.92,Protect Hero SKU,High,Likes are at the 100% peer percentile. | Shop credibility score is 87%. | Price is at the 17% country-category percentile.,Likes are at the 100% peer percentile.,Shop credibility score is 87%.,Price is at the 17% country-category percentile.,id | Beauty; price pctl 17%; likes pctl 100%; sold-value pctl 79%
id,id,809769142,Glad2Glow Official Store,20636165691,Glad2Glow Blueberry 5% Ceramide Moisturizer Repair Barrier Pulihkan skincare day cream Night Cream  repair cream  skincare Sensitive G2G glad2glow official store,Beauty,Beauty,SKINCARE,44900,44900,55.0,55.0,116007,116007,335718,1000.0,1000.0,10000.0,71.88,Protect Hero SKU,High,Likes are at the 99% peer percentile. | Shop credibility score is 87%. | Price is at the 20% country-category percentile.,Likes are at the 99% peer percentile.,Shop credibility score is 87%.,Price is at the 20% country-category percentile.,id | Beauty; price pctl 20%; likes pctl 99%; sold-value pctl 79%
id,id,809769142,Glad2Glow Official Store,27408030377,Glad2Glow Peeling Solution Serum Eksfoliasi Wajah 60 detik Menghaluskan Kulit AHA BHA PHA serum wajah glowing pelembab mencerahkan peeling exfoliating serum g2glow official store,Beauty,Beauty,SKINCARE,45900,45900,58.0,58.0,138736,138736,396381,1000.0,1000.0,10000.0,71.81,Protect Hero SKU,High,Likes are at the 100% peer percentile. | Shop credibility score is 87%. | Price is at the 21% country-category percentile.,Likes are at the 100% peer percentile.,Shop credibility score is 87%.,Price is at the 21% country-category percentile.,id | Beauty; price pctl 21%; likes pctl 100%; sold-value pctl 79%
id,id,809769142,Glad2Glow Official Store,18584356032,[DISKON 60%] Glad2Glow Clay Stick&Face Mask Series-Pomegranate Brightening/Mugwort Acne/ Volcanic Pore-sleeping masker g2glow official store,Beauty,Beauty,SKINCARE,48900,48900,51.0,51.0,122272,122272,277808,1000.0,1000.0,10000.0,71.77,Protect Hero SKU,High,Likes are at the 99% peer percentile. | Shop credibility score is 87%. | Historical sold-value proxy is at the 79% peer percentile.,Likes are at the 99% peer percentile.,Shop credibility score is 87%.,Historical sold-value proxy is at the 79% peer percentile.,id | Beauty; price pctl 24%; likes pctl 99%; sold-value pctl 79%
id,id,809769142,Glad2Glow Official Store,25614268730,[HOT SALE]Glad2Glow Micellar Water 300ml cleansing oil cleansing balm micellar centella salycilic acid remover pembersih double cleansing pembersih make up remove cleanface facial  Menghilangkan jerawat Penghapus riasan g2glow official store,Beauty,Beauty,✨BEST SELLING,48900,48900,51.0,51.0,109044,109044,278502,1000.0,1000.0,10000.0,71.71,Protect Hero SKU,High,Likes are at the 99% peer percentile. | Shop credibility score is 87%. | Historical sold-value proxy is at the 79% peer percentile.,Likes are at the 99% peer percentile.,Shop credibility score is 87%.,Historical sold-value proxy is at the 79% peer percentile.,id | Beauty; price pctl 24%; likes pctl 99%; sold-value pctl 79%
id,id,1112776376,Scora Official Store,25815711335,SCORA Salicylic Acid Gentle Low pH Cleanser Sabun Cuci Muka Oily Acne Prone Skin Friendly 100 ml,Beauty,Beauty,Special Day Banting Harga ✨💵,35900,35900,53.0,53.0,92863,92863,348292,1000.0,1000.0,10000.0,71.4,Protect Hero SKU,Medium,Likes are at the 98% peer percentile. | Price is at the 6% country-category percentile. | Historical sold-value proxy is at the 79% peer percentile.,Likes are at the 98% peer percentile.,Price is at the 6% country-category percentile.,Historical sold-value proxy is at the 79% peer percentile.,id | Beauty; price pctl 6%; likes pctl 98%; sold-value pctl 79%
id,id,809769142,Glad2Glow Official Store,20229171522,[BUY 100ml Save 30%]Glad2Glow Blueberry Ceramide Low pH Gel Cleanser Gentle skin Facial Wash oil control skincare  pembersih wajah sabun cuci muka face wash micellar water g2glow official store,Beauty,Beauty,SKINCARE,37000,37000,71.0,71.0,63719,63719,282209,1000.0,1000.0,10000.0,71.15,Protect Hero SKU,Medium,Likes are at the 96% peer percentile. | Price is at the 8% country-category percentile. | Shop credibility score is 87%.,Likes are at the 96% peer percentile.,Price is at the 8% country-category percentile.,Shop credibility score is 87%.,id | Beauty; price pctl 8%; likes pctl 96%; sold-value pctl 79%
id,id,779266191,lavojoy Official Shop,23587779086,[Tone Up 00-01-02-03] Lavojoy Let It Glow Daily Shine Body Serum Instant Tone Up Delicate Rose with SPF 50PA++++ | Body Serum untuk Perlindungan Sinar UV | Mencerahkan Seketika & Melembapkan Kulit dengan 3% Niacinamide + Australian Super VC + Ceramide,Beauty,Beauty,LVJ BODY CARE SERIES,59040,59040,40.0,40.0,124629,124629,100097,1000.0,1000.0,10000.0,70.74,Protect Hero SKU,Medium,Likes are at the 99% peer percentile. | Shop credibility score is 85%. | Historical sold-value proxy is at the 79% peer percentile.,Likes are at the 99% peer percentile.,Shop credibility score is 85%.,Historical sold-value proxy is at the 79% peer percentile.,id | Beauty; price pctl 33%; likes pctl 99%; sold-value pctl 79%
id,id,779266191,lavojoy Official Shop,21195685165,Lavojoy Let It Glow Body Serum Skin Brightening Upgraded Version | Body Serum Untuk Mencerahkan Dan Melembabkan Kulit Dengan Niacinamide + Ceramide + Vitamin E,Beauty,Beauty,LVJ BODY CARE SERIES,43000,43000,49.0,49.0,97560,97560,75174,1000.0,1000.0,10000.0,70.74,Protect Hero SKU,Medium,Likes are at the 98% peer percentile. | Shop credibility score is 85%. | Price is at the 18% country-category percentile.,Likes are at the 98% peer percentile.,Shop credibility score is 85%.,Price is at the 18% country-category percentile.,id | Beauty; price pctl 18%; likes pctl 98%; sold-value pctl 79%
id,id,809769142,Glad2Glow Official Store,21829166888,Glad2Glow Serum Series-Peeling| Exfoliating | Mencerahkan Wajah | Retinol |Niacinamide| Dark Spot | Acne | Jerawat Glowing Brightening Glow G2G,Beauty,Beauty,SKINCARE,39900,39900,63.0,63.0,82170,82170,258044,1000.0,1000.0,10000.0,70.69,Protect Hero SKU,Medium,Likes are at the 97% peer percentile. | Shop credibility score is 87%. | Price is at the 16% country-category percentile.,Likes are at the 97% peer percentile.,Shop credibility score is 87%.,Price is at the 16% country-category percentile.,id | Beauty; price pctl 16%; likes pctl 97%; sold-value pctl 79%
id,id,809769142,Glad2Glow Official Store,22355348169,"[Buy5 Save36k ]Glad2Glow Milk Amino Acid Gentle Cleanser facial wash,pembersih pencerah,pembersih wajah sabun cuci muka face wash skincare micellar water,Mencerahkan kulit , untuk semua jenis kulit ,Lembab Tanpa Ketarik,G2G glad2glow officia store",Beauty,Beauty,SKINCARE,43900,43900,56.0,56.0,58588,58588,185946,1000.0,1000.0,10000.0,70.61,Protect Hero SKU,Medium,Likes are at the 96% peer percentile. | Shop credibility score is 87%. | Price is at the 19% country-category percentile.,Likes are at the 96% peer percentile.,Shop credibility score is 87%.,Price is at the 19% country-category percentile.,id | Beauty; price pctl 19%; likes pctl 96%; sold-value pctl 79%
id,id,1112776376,Scora Official Store,25190984781,[READY] SCORA Sheer Glow Tone Up Cream 30 Gr | Day Cream Bright Cream,Beauty,Beauty,Special Day Banting Harga ✨💵,34900,34900,49.0,49.0,59092,59092,120634,1000.0,1000.0,10000.0,70.56,Protect Hero SKU,Medium,Likes are at the 96% peer percentile. | Price is at the 5% country-category percentile. | Historical sold-value proxy is at the 79% peer percentile.,Likes are at the 96% peer percentile.,Price is at the 5% country-category percentile.,Historical sold-value proxy is at the 79% peer percentile.,id | Beauty; price pctl 5%; likes pctl 96%; sold-value pctl 79%
id,id,809769142,Glad2Glow Official Store,23668056941,Glad2Glow Centella Water Gel Moisturizer Madeca Cream Cica Pelembab Wajah 30/55g Pengontrol Minyak Pelembab Menyembuhkan Jerawat  Krim Anti Jerawat Memperbaiki Penghalang Kulit Kelembapan Kulit g2glow official store,Beauty,Beauty,SKINCARE,58900,58900,54.0,54.0,88745,88745,271575,1000.0,1000.0,10000.0,70.28,Protect Hero SKU,Medium,Likes are at the 97% peer percentile. | Shop credibility score is 87%. | Historical sold-value proxy is at the 79% peer percentile.,Likes are at the 97% peer percentile.,Shop credibility score is 87%.,Historical sold-value proxy is at the 79% peer percentile.,id | Beauty; price pctl 31%; likes pctl 97%; sold-value pctl 79%
id,id,809769142,Glad2Glow Official Store,42800295602,Glad2Glow Moisturizer Series Mencerahkan Pencerah Wajah Anti Jerawat Penuaan Hilangkan Flek Tenangkan Kulit Niacinamide 377 Retinol Centella Skincare Pelembab Esensi Perawatan Kulit day cream tone up g2g official store,Beauty,Beauty,,44900,44900,55.0,55.0,36537,36537,161190,1000.0,1000.0,10000.0,69.93,Protect Hero SKU,Medium,Likes are at the 93% peer percentile. | Shop credibility score is 87%. | Price is at the 20% country-category percentile.,Likes are at the 93% peer percentile.,Shop credibility score is 87%.,Price is at the 20% country-category percentile.,id | Beauty; price pctl 20%; likes pctl 93%; sold-value pctl 79%
id,id,1112776376,Scora Official Store,28581613018,[Hero] SCORA Tone Up Cream Series 30 Gr Tone Up Viral Mencerahkan Secara Natural,Beauty,Beauty,Special Day Banting Harga ✨💵,26900,26900,60.0,60.0,62000,62000,130052,1000.0,1000.0,10000.0,69.88,Protect Hero SKU,Medium,Price is at the 1% country-category percentile. | Likes are at the 96% peer percentile. | Historical sold-value proxy is at the 79% peer percentile.,Price is at the 1% country-category percentile.,Likes are at the 96% peer percentile.,Historical sold-value proxy is at the 79% peer percentile.,id | Beauty; price pctl 1%; likes pctl 96%; sold-value pctl 79%
id,id,809769142,Glad2Glow Official Store,42464292818,"[New shades! ]Glad2Glow BRIGHTENING LIP SERUM ×GGBaby Special Edition  7g Ready Stock! Mencerahkan, Melembabkan Bibir dengan Warna Natural | Lip tint&Lip care g2g glad2glow official store",Beauty,Beauty,SKINCARE,50900,50900,68.0,68.0,107542,107542,136806,1000.0,1000.0,10000.0,69.36,Protect Hero SKU,Medium,Likes are at the 98% peer percentile. | Shop credibility score is 87%. | Displayed discount is at the 79% peer percentile.,Likes are at the 98% peer percentile.,Shop credibility score is 87%.,Displayed discount is at the 79% peer percentile.,id | Beauty; price pctl 27%; likes pctl 98%; sold-value pctl 79%
id,id,809769142,Glad2Glow Official Store,24704461451,Glad2Glow Pomegranate Niacinamide Brightening Clay Stick Masker Brightening Glowing Mud Clay Masker Mencerahkan Clay Pembersih Komedo Masker Wajah,Beauty,Beauty,SKINCARE,48900,48900,51.0,51.0,52298,52298,78339,360.0,360.0,10000.0,69.33,Protect Hero SKU,Medium,Likes are at the 95% peer percentile. | Shop credibility score is 87%. | Historical sold-value proxy is at the 79% peer percentile.,Likes are at the 95% peer percentile.,Shop credibility score is 87%.,Historical sold-value proxy is at the 79% peer percentile.,id | Beauty; price pctl 24%; likes pctl 95%; sold-value pctl 79%
id,id,1112776376,Scora Official Store,25666019829,[Hero] SCORA Salicylic Acid Gentle Low pH Cleanser Sabun Cuci Muka Oily Acne Prone Skin Friendly,Beauty,Beauty,Special Day Banting Harga ✨💵,35900,35900,53.0,53.0,31213,31213,112212,1000.0,1000.0,10000.0,68.8,Protect Hero SKU,Medium,Price is at the 6% country-category percentile. | Likes are at the 92% peer percentile. | Historical sold-value proxy is at the 79% peer percentile.,Price is at the 6% country-category percentile.,Likes are at the 92% peer percentile.,Historical sold-value proxy is at the 79% peer percentile.,id | Beauty; price pctl 6%; likes pctl 92%; sold-value pctl 79%
id,id,809769142,Glad2Glow Official Store,29905930406,[Hot Sale!]Glad2Glow Perfect Cover Cushion Foundation Waterproof Make Up Setting Concealer BB Cream Tahan Lama Hingga 12 Jam Hasil Akhir Glowing Dan Menyatu Dengan Warna Kulit Tekstur Ringan Di Wajah g2glow official store,Beauty,Beauty,✨BEST SELLING,78900,78900,60.0,60.0,250790,250790,388261,1000.0,1000.0,10000.0,68.78,Protect Hero SKU,Medium,Likes are at the 100% peer percentile. | Shop credibility score is 87%. | Historical sold-value proxy is at the 79% peer percentile.,Likes are at the 100% peer percentile.,Shop credibility score is 87%.,Historical sold-value proxy is at the 79% peer percentile.,id | Beauty; price pctl 50%; likes pctl 100%; sold-value pctl 79%
id,id,809769142,Glad2Glow Official Store,21429166155,Glad2Glow Centella Salicylic Acid Power Acne Serum skincare serum wajah Eksfoliasi Wajah skincare bpom essence Anti jerawat skincare Menyamarkan bekas jerawat Menenangkan kulit g2glow official store,Beauty,Beauty,SKINCARE,39900,39900,49.0,49.0,24751,24751,68938,1000.0,1000.0,10000.0,68.66,Protect Hero SKU,Medium,Likes are at the 89% peer percentile. | Shop credibility score is 87%. | Price is at the 16% country-category percentile.,Likes are at the 89% peer percentile.,Shop credibility score is 87%.,Price is at the 16% country-category percentile.,id | Beauty; price pctl 16%; likes pctl 89%; sold-value pctl 79%
id,id,1112776376,Scora Official Store,28360413045,"2,5% D-PANTHENOL BARRIER SHIELD MOISTURIZER 40ml Melembapkan Kulit Menjaga Skin Barrier",Beauty,Beauty,Calming Agent,38901,38901,44.0,44.0,27893,27893,78441,1000.0,1000.0,10000.0,68.22,Protect Hero SKU,Medium,Likes are at the 91% peer percentile. | Price is at the 13% country-category percentile. | Historical sold-value proxy is at the 79% peer percentile.,Likes are at the 91% peer percentile.,Price is at the 13% country-category percentile.,Historical sold-value proxy is at the 79% peer percentile.,id | Beauty; price pctl 13%; likes pctl 91%; sold-value pctl 79%
id,id,809769142,Glad2Glow Official Store,24577552378,Glad2Glow Perfect Blurring Powder Foundation waterproof setting two way cake TWC Mengandung squalane dan vitamin E concealer pengontrol minyak meratakan warna kulit bantalan udara yang menjaga kelembapan alas bedak krim BB concealer g2glow official store,Beauty,Beauty,✨BEST SELLING,88900,88900,40.0,40.0,64978,64978,133211,1000.0,1000.0,10000.0,68.21,Protect Hero SKU,Medium,Likes are at the 97% peer percentile. | Shop credibility score is 87%. | Historical sold-value proxy is at the 79% peer percentile.,Likes are at the 97% peer percentile.,Shop credibility score is 87%.,Historical sold-value proxy is at the 79% peer percentile.,id | Beauty; price pctl 59%; likes pctl 97%; sold-value pctl 79%
id,id,809769142,Glad2Glow Official Store,22873282452,Glad2Glow Mugwort Salicylic Acid Acne Clay Stick Masker Wajah Masker Jerawat Acne Clay Stik Anti Pores Acne Jerawat Komedo Cleansing Mugwort Mask,Beauty,Beauty,SKINCARE,48900,48900,51.0,51.0,37989,37989,50604,564.0,564.0,10000.0,68.13,Protect Hero SKU,Medium,Likes are at the 93% peer percentile. | Shop credibility score is 87%. | Historical sold-value proxy is at the 79% peer percentile.,Likes are at the 93% peer percentile.,Shop credibility score is 87%.,Historical sold-value proxy is at the 79% peer percentile.,id | Beauty; price pctl 24%; likes pctl 93%; sold-value pctl 79%
id,id,1112776376,Scora Official Store,52350295940,"SCORA Toner Series 80ml - Hydra Calm Cica Toner, Phytobright Milky Toner, D–Panthenol Barrier Essence",Beauty,Beauty,,29900,29900,51.0,51.0,26498,26498,62452,1000.0,1000.0,10000.0,68.08,Protect Hero SKU,Medium,Price is at the 2% country-category percentile. | Likes are at the 90% peer percentile. | Historical sold-value proxy is at the 79% peer percentile.,Price is at the 2% country-category percentile.,Likes are at the 90% peer percentile.,Historical sold-value proxy is at the 79% peer percentile.,id | Beauty; price pctl 2%; likes pctl 90%; sold-value pctl 79%
id,id,809769142,Glad2Glow Official Store,41075294736,[Hot sale]Glad2Glow FLAWLESS BLURRING SKIN TINT 30G Concealer Foundation Bedak padat Make up Lightweight Coverage Long-lasting 12-Hour Soft-Focus Flawless Skin oil-control  Bio-Mimetic Film Technology  Care g2glow official store,Beauty,Beauty,MAKE UP,55000,55000,65.0,65.0,58117,58117,90465,1000.0,1000.0,10000.0,67.89,Protect Hero SKU,Medium,Likes are at the 95% peer percentile. | Shop credibility score is 87%. | Historical sold-value proxy is at the 79% peer percentile.,Likes are at the 95% peer percentile.,Shop credibility score is 87%.,Historical sold-value proxy is at the 79% peer percentile.,id | Beauty; price pctl 28%; likes pctl 95%; sold-value pctl 79%
id,id,1112776376,Scora Official Store,43050856028,SCORA Bright Me Up Sunscreen 40 gr Sunblock Mencerahkan Melindungi UV Menyerap Cepat Glowing Sepanjang Hari,Beauty,Beauty,Special Day Banting Harga ✨💵,41900,41900,57.0,57.0,41582,41582,101690,1000.0,1000.0,10000.0,67.68,Protect Hero SKU,Medium,Likes are at the 94% peer percentile. | Price is at the 17% country-category percentile. | Historical sold-value proxy is at the 79% peer percentile.,Likes are at the 94% peer percentile.,Price is at the 17% country-category percentile.,Historical sold-value proxy is at the 79% peer percentile.,id | Beauty; price pctl 17%; likes pctl 94%; sold-value pctl 79%
id,id,809769142,Glad2Glow Official Store,42752568783,[HOT SALE]Glad2Glow Cherry Blossom Micellar Water 300ml Lembut cleansing oil Penghapus Makeup Waterproof Hapus Riasan Tahan Air dengan Centella & Tanpa Iritasi untuk Kulit Sensitif & Berjerawat g2glow official store,Beauty,Beauty,MAKE UP,48900,48900,62.0,62.0,25767,25767,112647,1000.0,1000.0,10000.0,67.59,Protect Hero SKU,Medium,Likes are at the 90% peer percentile. | Shop credibility score is 87%. | Historical sold-value proxy is at the 79% peer percentile.,Likes are at the 90% peer percentile.,Shop credibility score is 87%.,Historical sold-value proxy is at the 79% peer percentile.,id | Beauty; price pctl 24%; likes pctl 90%; sold-value pctl 79%
id,id,809769142,Glad2Glow Official Store,42358562447,[100g NEW SIZE]Glad2Glow Advanced Mugwort Acne Gel Mask 50/100g Masker Komedo dan Pori Pori Wajah Mask,Beauty,Beauty,SKINCARE,38900,38900,57.0,57.0,22075,22075,61587,1000.0,1000.0,10000.0,67.45,Protect Hero SKU,Medium,Price is at the 12% country-category percentile. | Shop credibility score is 87%. | Likes are at the 87% peer percentile.,Price is at the 12% country-category percentile.,Shop credibility score is 87%.,Likes are at the 87% peer percentile.,id | Beauty; price pctl 12%; likes pctl 87%; sold-value pctl 79%
id,id,809769142,Glad2Glow Official Store,27455737082,"[BUY 100ml Save 30%]Glad2Glow Centella Salicylic Acid Acne Gel Cleanser facial wash pembersih wajah sabun cuci muka face wash skincare,Menenangkan kulit berjerawat dan kemerahan,mengontrol minyak berlebih,G2G glad2glow officia store",Beauty,Beauty,SKINCARE,37000,37000,71.0,71.0,18209,18209,121325,1000.0,1000.0,10000.0,67.42,Protect Hero SKU,Medium,Price is at the 8% country-category percentile. | Shop credibility score is 87%. | Likes are at the 84% peer percentile.,Price is at the 8% country-category percentile.,Shop credibility score is 87%.,Likes are at the 84% peer percentile.,id | Beauty; price pctl 8%; likes pctl 84%; sold-value pctl 79%
id,id,809769142,Glad2Glow Official Store,27810365257,Glad2Glow Toner Complete Series - Brighten/Acne Toner/Barrier/Exfoliating toner-Skincare centella wajah eksfoliasi hydrating glowing brightening glycolic water g2glow Official Store,Beauty,Beauty,SKINCARE,44900,44900,59.0,59.0,21406,21406,98491,1000.0,1000.0,10000.0,67.35,Protect Hero SKU,Medium,Shop credibility score is 87%. | Likes are at the 87% peer percentile. | Price is at the 20% country-category percentile.,Shop credibility score is 87%.,Likes are at the 87% peer percentile.,Price is at the 20% country-category percentile.,id | Beauty; price pctl 20%; likes pctl 87%; sold-value pctl 79%
id,id,809769142,Glad2Glow Official Store,29954788720,Glad2Glow Peach Retinol Moisturizer Pelembab Anti Penuaan Penghalang Kulit Mencerahkan Flek Hitam Mengurangi kerutan mencerahkan warna kulit menghaluskan kulit mengecilkan membesar melembabkan g2glow official store,Beauty,Beauty,SKINCARE,81900,81900,59.0,59.0,88987,88987,241445,1000.0,1000.0,10000.0,67.19,Protect Hero SKU,Medium,Likes are at the 97% peer percentile. | Shop credibility score is 87%. | Historical sold-value proxy is at the 79% peer percentile.,Likes are at the 97% peer percentile.,Shop credibility score is 87%.,Historical sold-value proxy is at the 79% peer percentile.,id | Beauty; price pctl 56%; likes pctl 97%; sold-value pctl 79%
id,id,809769142,Glad2Glow Official Store,26704788256,GLAD2GLOW Kiwi 3D Acid Acne Moisturizer Pelembab Wajah Jerawat Mencerahkan Pencerah Wajah&Penuaan Hilangkan Flek & Tenangkan Kulit Skincare Pelembab Esensi Wajah Perawatan Kulit day cream tone up g2g official store,Beauty,Beauty,SKINCARE,44900,44900,55.0,55.0,19349,19349,92421,1000.0,1000.0,10000.0,67.18,Protect Hero SKU,Medium,Shop credibility score is 87%. | Likes are at the 85% peer percentile. | Price is at the 20% country-category percentile.,Shop credibility score is 87%.,Likes are at the 85% peer percentile.,Price is at the 20% country-category percentile.,id | Beauty; price pctl 20%; likes pctl 85%; sold-value pctl 79%
id,id,779266191,lavojoy Official Shop,22451188653,Lavojoy Hold Me Tight Pro Shampoo Spring Wonder | Hair Shampoo | Sampo Rambut | Shampoo Perawatan Rambut Rontok | Mempercepat Pertumbuhan Rambut | Mengurangi Kerontokkan | Sampo Ginseng & Jahe,Beauty,Beauty,LVJ HAIR CARE SERIES,100000,100000,36.0,36.0,89077,89077,89492,1000.0,1000.0,10000.0,66.84,Protect Hero SKU,Medium,Likes are at the 98% peer percentile. | Shop credibility score is 85%. | Displayed discount is at the 20% peer percentile.,Likes are at the 98% peer percentile.,Shop credibility score is 85%.,Displayed discount is at the 20% peer percentile.,id | Beauty; price pctl 68%; likes pctl 98%; sold-value pctl 79%
id,id,1112776376,Scora Official Store,29978594764,[NEW PACKAGING] SCORA 5% Niacinamide Hydramoist Gel with Alpha Arbutin & Panthenol 45ML Mencerahkan Melembapkan Kulit,Beauty,Beauty,,39800,39800,49.0,49.0,23724,23724,72268,1000.0,1000.0,10000.0,66.73,Protect Hero SKU,Medium,Likes are at the 88% peer percentile. | Price is at the 15% country-category percentile. | Historical sold-value proxy is at the 79% peer percentile.,Likes are at the 88% peer percentile.,Price is at the 15% country-category percentile.,Historical sold-value proxy is at the 79% peer percentile.,id | Beauty; price pctl 15%; likes pctl 88%; sold-value pctl 79%
id,id,809769142,Glad2Glow Official Store,16797836904,Glad2Glow 2pcs Skincare Paket- Moisturizer+Serum-Beauty Sets & Packages Mencerahkan warna kulit  Menghilangkan jerawat pengelupasan kulit penghalang perbaikan Anti penuaan kulit halusMencerahkan bintik g2glow official store,Beauty,Beauty,SKINCARE,78400,78400,61.0,61.0,40407,40407,141730,1000.0,1000.0,10000.0,66.47,Protect Hero SKU,Medium,Likes are at the 94% peer percentile. | Shop credibility score is 87%. | Historical sold-value proxy is at the 79% peer percentile.,Likes are at the 94% peer percentile.,Shop credibility score is 87%.,Historical sold-value proxy is at the 79% peer percentile.,id | Beauty; price pctl 49%; likes pctl 94%; sold-value pctl 79%
id,id,430940247,Mooi Pure Glow Official Shop,19391572774,MOOI Brightening Tone Up Booster Body Lotion,Beauty,Beauty,Lotion,49900,49900,41.0,41.0,64544,64544,39601,1000.0,1000.0,10000.0,66.39,Protect Hero SKU,Medium,Likes are at the 97% peer percentile. | Historical sold-value proxy is at the 79% peer percentile. | The listing belongs to an official shop.,Likes are at the 97% peer percentile.,Historical sold-value proxy is at the 79% peer percentile.,The listing belongs to an official shop.,id | Beauty; price pctl 26%; likes pctl 97%; sold-value pctl 79%
id,id,779266191,lavojoy Official Shop,24720372333,Lavojoy Shampoo Series | dengan Salicylic Acid | Membersihkan Kulit Kepala Dan Rambut | Mengurangi Gatal Kulit Kepala | Mengurangi Minyak Rambut | Membuat Rambut Lembut dan Berkilau,Beauty,Beauty,LVJ HAIR CARE SERIES,58500,58500,41.0,41.0,25849,25849,33362,1000.0,1000.0,10000.0,66.36,Protect Hero SKU,Medium,Likes are at the 90% peer percentile. | Shop credibility score is 85%. | Historical sold-value proxy is at the 79% peer percentile.,Likes are at the 90% peer percentile.,Shop credibility score is 85%.,Historical sold-value proxy is at the 79% peer percentile.,id | Beauty; price pctl 29%; likes pctl 90%; sold-value pctl 79%
id,id,809769142,Glad2Glow Official Store,41101567247,Glad2Glow Facial Wash All Series-Pembersih low pH lembut/niacinamide/brightening/ACNE/eksfoliasi/asam amino/wajah sabun cuci muka face wash skincare,Beauty,Beauty,SKINCARE,38900,38900,61.0,61.0,14296,14296,78804,1000.0,1000.0,10000.0,66.33,Protect Hero SKU,Medium,Price is at the 12% country-category percentile. | Shop credibility score is 87%. | Likes are at the 82% peer percentile.,Price is at the 12% country-category percentile.,Shop credibility score is 87%.,Likes are at the 82% peer percentile.,id | Beauty; price pctl 12%; likes pctl 82%; sold-value pctl 79%
id,id,809769142,Glad2Glow Official Store,29372960469,Glad2Glow Day & Night Renew Cerah Bundle 4-IN-1 Moisturizer+Serum Set Brightening 10%Niacinamide Peeling Eksfoliasi Retinol  tone up Pelembab Tubuh Kit Perawatan Kulit Hidrasi Delima Pelembab Wajah Pencerah g2glow official store,Beauty,Beauty,SKINCARE,74005,74005,63.0,63.0,31738,31738,158253,1000.0,1000.0,10000.0,66.32,Protect Hero SKU,Medium,Likes are at the 92% peer percentile. | Shop credibility score is 87%. | Historical sold-value proxy is at the 79% peer percentile.,Likes are at the 92% peer percentile.,Shop credibility score is 87%.,Historical sold-value proxy is at the 79% peer percentile.,id | Beauty; price pctl 45%; likes pctl 92%; sold-value pctl 79%
id,id,809769142,Glad2Glow Official Store,23856176929,Glad2Glow Volcano 3D Acid Pore Clay Mask Masker Wajah Masker Glad2Glow Masker Komedo Dan Pori Pori Wajah Deep Pores Cleansing Masker Organik Clay Mask Clay Masker Mud Mask Face Masker Jelly Mask Sheetmask Wash Off Mask Masker Jerawat G2Glow Official Store,Beauty,Beauty,SKINCARE,31900,31900,68.0,68.0,20838,20838,42000,1000.0,1000.0,10000.0,66.29,Protect Hero SKU,Medium,Price is at the 3% country-category percentile. | Shop credibility score is 87%. | Likes are at the 86% peer percentile.,Price is at the 3% country-category percentile.,Shop credibility score is 87%.,Likes are at the 86% peer percentile.,id | Beauty; price pctl 3%; likes pctl 86%; sold-value pctl 79%
id,id,779266191,lavojoy Official Shop,29264374480,Lavojoy Let It Glow Black Opium Body Serum Skin Brightening Upgraded Version | Body Lotion Untuk Mencerahkan Dan Melembabkan Kulit Dengan Niacinamide + Ceramide + Vitamin E,Beauty,Beauty,LVJ BODY CARE SERIES,40900,40900,52.0,52.0,25216,25216,32554,1000.0,1000.0,10000.0,66.27,Protect Hero SKU,Medium,Likes are at the 89% peer percentile. | Shop credibility score is 85%. | Price is at the 16% country-category percentile.,Likes are at the 89% peer percentile.,Shop credibility score is 85%.,Price is at the 16% country-category percentile.,id | Beauty; price pctl 16%; likes pctl 89%; sold-value pctl 79%
id,id,1112776376,Scora Official Store,43678841200,SCORA Honey Glow Tone Up Cream 30 Gr,Beauty,Beauty,,34900,34900,51.0,51.0,22506,22506,46686,1000.0,1000.0,10000.0,66.21,Protect Hero SKU,Medium,Price is at the 5% country-category percentile. | Likes are at the 88% peer percentile. | Historical sold-value proxy is at the 79% peer percentile.,Price is at the 5% country-category percentile.,Likes are at the 88% peer percentile.,Historical sold-value proxy is at the 79% peer percentile.,id | Beauty; price pctl 5%; likes pctl 88%; sold-value pctl 79%
id,id,187405886,Alara Cosmetic Official Store,23818940306,Alara Cosmetic Nourishing Balm | Perawatan Kulit |Memudarkan Bekas Luka|Menangani Permasalahan Kulit,Mom & Baby,Mom & Baby,On Sale,55291,55291,42.0,42.0,1682,1682,2898,1.0,1.0,6000.0,65.73,Protect Hero SKU,Medium,Likes are at the 100% peer percentile. | Historical sold-value proxy is at the 100% peer percentile. | Displayed discount is at the 100% peer percentile.,Likes are at the 100% peer percentile.,Historical sold-value proxy is at the 100% peer percentile.,Displayed discount is at the 100% peer percentile.,id | Mom & Baby; price pctl 33%; likes pctl 100%; sold-value pctl 100%
id,id,809769142,Glad2Glow Official Store,28853495832,Glad2Glow peeling gel Apricot Glycolic Acid Exfo Smooth Eksfoliasi peeling produk yang mampu mengangkat sel kulit mati  Komedo Kotoran Scrub Wajah Extract g2glow official store,Beauty,Beauty,,48900,48900,51.0,51.0,21274,21274,36561,1000.0,1000.0,10000.0,65.58,Protect Hero SKU,Medium,Shop credibility score is 87%. | Likes are at the 87% peer percentile. | Historical sold-value proxy is at the 79% peer percentile.,Shop credibility score is 87%.,Likes are at the 87% peer percentile.,Historical sold-value proxy is at the 79% peer percentile.,id | Beauty; price pctl 24%; likes pctl 87%; sold-value pctl 79%
id,id,779266191,lavojoy Official Shop,21795721649,Lavojoy Let It Glow Body Wash Skin Brightening Upgraded Version | Sabun Mandi Cair Untuk Mencerahkan Dan Melembabkan Kulit | Fresh Body Shower,Beauty,Beauty,LVJ BODY CARE SERIES,47500,47500,32.0,32.0,21273,21273,21266,1000.0,1000.0,10000.0,65.46,Protect Hero SKU,Medium,Likes are at the 87% peer percentile. | Shop credibility score is 85%. | Displayed discount is at the 17% peer percentile.,Likes are at the 87% peer percentile.,Shop credibility score is 85%.,Displayed discount is at the 17% peer percentile.,id | Beauty; price pctl 22%; likes pctl 87%; sold-value pctl 79%
id,id,809769142,Glad2Glow Official Store,42951674418,Glad2Glow Double Bright Tone up Cream Day Cream Cerah Instan Niacinamide Moisturizer brightening wajah pemutih  Night Cream whitening skincare glowing Mencerahkan warna halus glad2glow official store,Beauty,Beauty,,75000,75000,58.0,58.0,28149,28149,77358,1000.0,1000.0,10000.0,65.42,Protect Hero SKU,Medium,Likes are at the 91% peer percentile. | Shop credibility score is 87%. | Historical sold-value proxy is at the 79% peer percentile.,Likes are at the 91% peer percentile.,Shop credibility score is 87%.,Historical sold-value proxy is at the 79% peer percentile.,id | Beauty; price pctl 46%; likes pctl 91%; sold-value pctl 79%
id,id,809769142,Glad2Glow Official Store,18083979760,Glad2Glow Yuja Symwhite 377 Dark Spot Moisturizer menghilangkan bekas jerawat brightening night cream day cream Hilangkan Kulit Skincare Pelembab Esensi Wajah Perawatan Wajah Pembersih day cream tone up g2g official store,Beauty,Beauty,SKINCARE,81900,81900,59.0,59.0,33634,33634,101935,1000.0,1000.0,10000.0,65.26,Protect Hero SKU,Medium,Likes are at the 93% peer percentile. | Shop credibility score is 87%. | Historical sold-value proxy is at the 79% peer percentile.,Likes are at the 93% peer percentile.,Shop credibility score is 87%.,Historical sold-value proxy is at the 79% peer percentile.,id | Beauty; price pctl 56%; likes pctl 93%; sold-value pctl 79%
id,id,809769142,Glad2Glow Official Store,52351401583,[NEW! FREE EXCLUSIVE CHARM] Glad2Glow Perfect Cover Glow Cushion Charm- High Coverage&Glowing Tahan 12 Jam g2g Official Store,Beauty,Beauty,MAKE UP,61000,61000,69.0,69.0,36244,36244,48548,1000.0,1000.0,10000.0,65.21,Protect Hero SKU,Medium,Likes are at the 93% peer percentile. | Shop credibility score is 87%. | Displayed discount is at the 80% peer percentile.,Likes are at the 93% peer percentile.,Shop credibility score is 87%.,Displayed discount is at the 80% peer percentile.,id | Beauty; price pctl 34%; likes pctl 93%; sold-value pctl 79%
id,id,1368540320, Cyeecare Official Store,28934445366,Cyeecare Hair Mask Masker Rambut Keratin Hyaluronic Acid Treatment Melembutkan Meluruskan Rambut Rusak Kering Mengembang 150ml,Beauty,Beauty,Produk Terlaris,34900,34900,89.0,89.0,37752,37752,37116,1000.0,1000.0,10000.0,65.15,Protect Hero SKU,Medium,Displayed discount is at the 96% peer percentile. | Price is at the 5% country-category percentile. | Likes are at the 93% peer percentile.,Displayed discount is at the 96% peer percentile.,Price is at the 5% country-category percentile.,Likes are at the 93% peer percentile.,id | Beauty; price pctl 5%; likes pctl 93%; sold-value pctl 79%
id,id,809769142,Glad2Glow Official Store,50802739806,"[Buy3 Disc 34%]Glad2Glow Niacinamide Serum Facial Wash Instant Glow 100g, Pencuci Wajah Brightening,Mencerahkan Pembersih Pori,Ceramide Ectoin Sakura,Untuk Kulit Kusam Berminyak Kulit Sensitif,Melembabkan,pembersih wajah,sabun cuci muka",Beauty,Beauty,SKINCARE,45900,45900,54.0,54.0,13303,13303,49538,1000.0,1000.0,10000.0,65.04,Protect Hero SKU,Medium,Shop credibility score is 87%. | Likes are at the 81% peer percentile. | Price is at the 21% country-category percentile.,Shop credibility score is 87%.,Likes are at the 81% peer percentile.,Price is at the 21% country-category percentile.,id | Beauty; price pctl 21%; likes pctl 81%; sold-value pctl 79%
id,id,809769142,Glad2Glow Official Store,41500309150,Glad2Glow Pomegranate Niacinamide Power Bright Serum  Mencerahkan Wajah Pemutih Wajah  Serum Glowing  Serum And Essence Wajah  Bekas Jerawat g2glow official store,Beauty,Beauty,SKINCARE,39900,39900,60.0,60.0,10790,10790,62046,1000.0,1000.0,10000.0,65.02,Protect Hero SKU,Medium,Shop credibility score is 87%. | Price is at the 16% country-category percentile. | Likes are at the 80% peer percentile.,Shop credibility score is 87%.,Price is at the 16% country-category percentile.,Likes are at the 80% peer percentile.,id | Beauty; price pctl 16%; likes pctl 80%; sold-value pctl 79%
id,id,779266191,lavojoy Official Shop,26127246027,[TONE UP SHADE 01] Lavojoy Let It Glow Daily Shine Body Serum Instant Tone Up Delicate Rose with SPF 50 PA++++|Shade 01 Cream Beige|Body Serum untuk Perlindungan Sinar UV|Mencerahkan Seketika & Melembapkan Kulit dengan 3% Niacinamide + Australian Super VC,Beauty,Beauty,LVJ BODY CARE SERIES,59040,59040,40.0,40.0,23971,23971,26462,1000.0,1000.0,10000.0,64.99,Protect Hero SKU,Medium,Likes are at the 88% peer percentile. | Shop credibility score is 85%. | Historical sold-value proxy is at the 79% peer percentile.,Likes are at the 88% peer percentile.,Shop credibility score is 85%.,Historical sold-value proxy is at the 79% peer percentile.,id | Beauty; price pctl 33%; likes pctl 88%; sold-value pctl 79%
id,id,200048291,Prettywell Official Shop,12173928596,Prettywell CeraMON Moisturizer Gel Pelembab Wajah Melembabkan Kulit Moisturizer Jerawat Day & Night Gel Cocok Untuk Semua Jenis Kulit,Beauty,Beauty,PROMO ❗,79750,79750,0.0,0.0,43853,43853,26085,1000.0,1000.0,10000.0,64.99,Protect Hero SKU,Medium,Likes are at the 94% peer percentile. | Displayed discount is at the 6% peer percentile. | Shop credibility score is 82%.,Likes are at the 94% peer percentile.,Displayed discount is at the 6% peer percentile.,Shop credibility score is 82%.,id | Beauty; price pctl 52%; likes pctl 94%; sold-value pctl 79%
id,id,809769142,Glad2Glow Official Store,45151558561,GLAD2GLOW 2%Niacinamide Brightening Tone Up Cream Day Cream Cerah Instan Moisturizer wajah cream pemutih wajah  Night Cream base make up whitening cream skincare glowing BB cream Mencerahkan warna kulit halus g2glow official store,Beauty,Beauty,SKINCARE,37900,37900,71.0,71.0,16408,16408,41298,1000.0,1000.0,10000.0,64.77,Protect Hero SKU,Medium,Price is at the 9% country-category percentile. | Shop credibility score is 87%. | Likes are at the 83% peer percentile.,Price is at the 9% country-category percentile.,Shop credibility score is 87%.,Likes are at the 83% peer percentile.,id | Beauty; price pctl 9%; likes pctl 83%; sold-value pctl 79%
id,id,809769142,Glad2Glow Official Store,43564342526,Glad2Glow Deep Pore Clean Facial Wash Pembersih Wajah Charcoa Volcanic Soil BHA Salicylic Acid Deep Cleansing Minyak Berlebih Kotoran jerawat Blackhead Exfoliate Gentle Foam Non Drying Non rritating Untuk Kuit Berminyak sabun cuci muka G2G Cleanser,Beauty,Beauty,SKINCARE,38900,38900,51.0,51.0,10525,10525,35015,1000.0,1000.0,10000.0,64.74,Protect Hero SKU,Medium,Price is at the 12% country-category percentile. | Shop credibility score is 87%. | Likes are at the 79% peer percentile.,Price is at the 12% country-category percentile.,Shop credibility score is 87%.,Likes are at the 79% peer percentile.,id | Beauty; price pctl 12%; likes pctl 79%; sold-value pctl 79%
id,id,1112776376,Scora Official Store,42807278779,[Hero] SCORA Bright Me Up Sunscreen 40 gr Sunblock Mencerahkan Melindungi UV Menyerap Cepat Glowing Sepanjang Hari,Beauty,Beauty,,43900,43900,55.0,55.0,20741,20741,61807,1000.0,1000.0,10000.0,64.72,Protect Hero SKU,Medium,Likes are at the 86% peer percentile. | Price is at the 19% country-category percentile. | Historical sold-value proxy is at the 79% peer percentile.,Likes are at the 86% peer percentile.,Price is at the 19% country-category percentile.,Historical sold-value proxy is at the 79% peer percentile.,id | Beauty; price pctl 19%; likes pctl 86%; sold-value pctl 79%
id,id,809769142,Glad2Glow Official Store,18024029084,Glad2Glow Centella Ceramide Soothing Toner Acne hydrating toner Kulit Jerawat Berminyak Toner eksfoliasi wajah Menenangkan kemerahan pada kulit,Beauty,Beauty,SKINCARE,44900,44900,59.0,59.0,15612,15612,48467,1000.0,1000.0,10000.0,64.71,Protect Hero SKU,Medium,Shop credibility score is 87%. | Likes are at the 83% peer percentile. | Price is at the 20% country-category percentile.,Shop credibility score is 87%.,Likes are at the 83% peer percentile.,Price is at the 20% country-category percentile.,id | Beauty; price pctl 20%; likes pctl 83%; sold-value pctl 79%
id,id,809769142,Glad2Glow Official Store,27383676128,"[Ukuran Besar, Lebih Hemat]Glad2Glow Madagascar Centella Light Cleansing Oil 200ml - micellar water pembersih wajah Penghapus riasan - lembut tanpa iritasi Menghapus riasan tahan air dengan cepat dan menyegarkan muka wajah g2glow official store",Beauty,Beauty,✨BEST SELLING,58900,58900,70.0,70.0,25219,25219,47876,1000.0,1000.0,10000.0,64.47,Protect Hero SKU,Medium,Likes are at the 89% peer percentile. | Shop credibility score is 87%. | Displayed discount is at the 81% peer percentile.,Likes are at the 89% peer percentile.,Shop credibility score is 87%.,Displayed discount is at the 81% peer percentile.,id | Beauty; price pctl 31%; likes pctl 89%; sold-value pctl 79%
id,id,809769142,Glad2Glow Official Store,41320590275,[HOT SALE]Glad2Glow Brightening Micellar Water 300ml Lembut Cepat Menghapus Makeup & Mencerahkan kulit Penghapus Makeup Waterproof Hapus Riasan Tahan  dan Tanpa Iritasi g2glow official store,Beauty,Beauty,MAKE UP,48900,48900,51.0,51.0,12413,12413,42173,1000.0,1000.0,10000.0,64.39,Protect Hero SKU,Medium,Shop credibility score is 87%. | Likes are at the 81% peer percentile. | Historical sold-value proxy is at the 79% peer percentile.,Shop credibility score is 87%.,Likes are at the 81% peer percentile.,Historical sold-value proxy is at the 79% peer percentile.,id | Beauty; price pctl 24%; likes pctl 81%; sold-value pctl 79%
id,id,809769142,Glad2Glow Official Store,28376448249,Glad2ght & Moist Body Serum Series--Brighten/Moist/Smooth Badan Body Cream Body Lotion Glow Peeling Menghidrasi Kulit Mencerahkan Dan Pemutih Tubuh Atasi Belang,Beauty,Beauty,SKINCARE,73900,73900,62.0,62.0,28784,28784,48919,1000.0,1000.0,10000.0,64.31,Protect Hero SKU,Medium,Likes are at the 92% peer percentile. | Shop credibility score is 87%. | Historical sold-value proxy is at the 79% peer percentile.,Likes are at the 92% peer percentile.,Shop credibility score is 87%.,Historical sold-value proxy is at the 79% peer percentile.,id | Beauty; price pctl 44%; likes pctl 92%; sold-value pctl 79%
id,id,809769142,Glad2Glow Official Store,19793942236,Glad2Glow Cerah Glowing Bundle 4in1-Brightening Moisturizer+Serum+Cleanser+toner+Peeling solution+Retinol 10%Niacinamide skincare paket pembersih perawatan kulit mencerahkan warna kulit pelembab wajah g2glow official store,Beauty,Beauty,SKINCARE,100000,100000,67.0,67.0,50359,50359,132337,1000.0,1000.0,10000.0,64.28,Protect Hero SKU,Medium,Likes are at the 95% peer percentile. | Shop credibility score is 87%. | Historical sold-value proxy is at the 79% peer percentile.,Likes are at the 95% peer percentile.,Shop credibility score is 87%.,Historical sold-value proxy is at the 79% peer percentile.,id | Beauty; price pctl 68%; likes pctl 95%; sold-value pctl 79%
id,id,809769142,Glad2Glow Official Store,20830189495,Glad2Glow Berry Eye Cream Brightening Eye Serum | Krim Mata with Electronic Massager with Peptide mata panda  kantung mata untuk Mengurangi Kantung Mata Eye Cream Eye Serum Penghilang Mata Panda Kantung Mata Cream Treatment g2glow official store,Beauty,Beauty,,100000,100000,22.0,22.0,56482,56482,29579,769.0,769.0,10000.0,64.2,Protect Hero SKU,Medium,Likes are at the 95% peer percentile. | Shop credibility score is 87%. | Displayed discount is at the 14% peer percentile.,Likes are at the 95% peer percentile.,Shop credibility score is 87%.,Displayed discount is at the 14% peer percentile.,id | Beauty; price pctl 68%; likes pctl 95%; sold-value pctl 79%
id,id,1112776376,Scora Official Store,23763960215,SCORA D-Panthenol Gentle Low pH Cleanser 100ml Sabun Cuci Muka Sensitive Skin Friendly,Beauty,Beauty,,38800,38800,49.0,49.0,14208,14208,39816,1000.0,1000.0,10000.0,64.14,Protect Hero SKU,Medium,Price is at the 11% country-category percentile. | Likes are at the 82% peer percentile. | Historical sold-value proxy is at the 79% peer percentile.,Price is at the 11% country-category percentile.,Likes are at the 82% peer percentile.,Historical sold-value proxy is at the 79% peer percentile.,id | Beauty; price pctl 11%; likes pctl 82%; sold-value pctl 79%
id,id,779266191,lavojoy Official Shop,27527246851,[TONE UP SHADE 02] Lavojoy Let It Glow Daily Shine Body Serum Instant Tone Up Delicate Rose with SPF 50 PA++++|Shade 02 Warm Sand|Body Serum untuk Perlindungan Sinar UV|Mencerahkan Seketika & Melembapkan Kulit dengan 3% Niacinamide + Australian Super VC,Beauty,Beauty,LVJ BODY CARE SERIES,59040,59040,40.0,40.0,20475,20475,25763,1000.0,1000.0,10000.0,64.06,Protect Hero SKU,Medium,Likes are at the 85% peer percentile. | Shop credibility score is 85%. | Historical sold-value proxy is at the 79% peer percentile.,Likes are at the 85% peer percentile.,Shop credibility score is 85%.,Historical sold-value proxy is at the 79% peer percentile.,id | Beauty; price pctl 33%; likes pctl 85%; sold-value pctl 79%
id,id,809769142,Glad2Glow Official Store,25564103539,Glad2Glow Peach Retinol Serum aging serum  Anti-kerut Pulihkan  glowing serum pelembab exfoliasi wajah Membantu mencegah glad2glow official store,Beauty,Beauty,SKINCARE,79900,79900,60.0,60.0,27111,27111,59703,1000.0,1000.0,10000.0,63.86,Protect Hero SKU,Medium,Likes are at the 91% peer percentile. | Shop credibility score is 87%. | Historical sold-value proxy is at the 79% peer percentile.,Likes are at the 91% peer percentile.,Shop credibility score is 87%.,Historical sold-value proxy is at the 79% peer percentile.,id | Beauty; price pctl 54%; likes pctl 91%; sold-value pctl 79%
id,id,809769142,Glad2Glow Official Store,21729164441,Glad2Glow Daily Exfoliating Toner toner badan face mist hydrating toner centella Toner eksfoliasi wajah glycocid acid glycolic acid kulit halus Eksfoliasi Lembut Jaga kulit Anda tetap terhidrasi Rawat kulitmu Skincare Mikrodermabrasi g2glow official store,Beauty,Beauty,SKINCARE,44900,44900,55.0,55.0,18390,18390,21917,597.0,597.0,10000.0,63.72,Protect Hero SKU,Medium,Shop credibility score is 87%. | Likes are at the 85% peer percentile. | Price is at the 20% country-category percentile.,Shop credibility score is 87%.,Likes are at the 85% peer percentile.,Price is at the 20% country-category percentile.,id | Beauty; price pctl 20%; likes pctl 85%; sold-value pctl 79%
id,id,809769142,Glad2Glow Official Store,26617444732,[Cocok Untuk Pemula]Glad2Glow Cerah Glowing Bundle all in 1 7in1-Brightening Moisturizer+Serum+Cleanser+toner+Peeling solution+Retinol 10%Niacinamide skincare paket pembersih perawatan kulit mencerahkan warna kulit g2glow official store,Beauty,Beauty,SKINCARE,184900,184900,69.0,69.0,123953,123953,323921,1000.0,1000.0,10000.0,63.67,Protect Hero SKU,Medium,Likes are at the 99% peer percentile. | Price is at the 91% country-category percentile. | Shop credibility score is 87%.,Likes are at the 99% peer percentile.,Price is at the 91% country-category percentile.,Shop credibility score is 87%.,id | Beauty; price pctl 91%; likes pctl 99%; sold-value pctl 79%
id,id,809769142,Glad2Glow Official Store,29317152516,Glad2Glow Centella Water Gel Soothing Moisturizer Madeca Cream Berjerawat Acne Cica Pelembab Wajah 100g  Menenangkan kulit Mengurangi kemerahan Mengontrol minyak Mengobati kulit berjerawat Menjaga g2glow official store,Beauty,Beauty,SKINCARE,78900,78900,60.0,60.0,21128,21128,58669,1000.0,1000.0,10000.0,63.09,Protect Hero SKU,Medium,Shop credibility score is 87%. | Likes are at the 87% peer percentile. | Historical sold-value proxy is at the 79% peer percentile.,Shop credibility score is 87%.,Likes are at the 87% peer percentile.,Historical sold-value proxy is at the 79% peer percentile.,id | Beauty; price pctl 50%; likes pctl 87%; sold-value pctl 79%
id,id,809769142,Glad2Glow Official Store,29131802740,Glad2Glow Pomegranate Niacinamide Brightening Clay Mask Masker Wajah Masker Pencerah Mud Mask Masker Niacinamide  Masker Merah Muda Pink Masker Komedo Masker Glad2Glow Clay Mask Masker G2G Clay Masker Gel Mask Sheetmask Skincare Bpom G2Glow Official Store,Beauty,Beauty,SKINCARE,30900,30900,69.0,69.0,10183,10183,22505,1000.0,1000.0,10000.0,63.08,Protect Hero SKU,Medium,Price is at the 3% country-category percentile. | Shop credibility score is 87%. | Displayed discount is at the 80% peer percentile.,Price is at the 3% country-category percentile.,Shop credibility score is 87%.,Displayed discount is at the 80% peer percentile.,id | Beauty; price pctl 3%; likes pctl 79%; sold-value pctl 79%
id,id,859233628,He-Ji Official Store,23168355689,"[HE-JI] Gel Mask With Sakura Extract - Masker Gel Wajah Melembabkan, Mencerahkan & Menenangkan Wajah I Mengandung Niacinamide 2%, Extract Sakura, 5x Ceramide & Centella Asiatica - UJI LAB SIG & BPOM APPROVED",Beauty,Beauty,Masker Wajah,36750,36750,51.0,51.0,23266,23266,15645,1000.0,1000.0,10000.0,63.04,Protect Hero SKU,Medium,Price is at the 7% country-category percentile. | Likes are at the 88% peer percentile. | Historical sold-value proxy is at the 79% peer percentile.,Price is at the 7% country-category percentile.,Likes are at the 88% peer percentile.,Historical sold-value proxy is at the 79% peer percentile.,id | Beauty; price pctl 7%; likes pctl 88%; sold-value pctl 79%
id,id,430940247,Mooi Pure Glow Official Shop,25128378434,MOOI Collagen Drink with Zizania latifolia Extract - Minuman kolagen Glutathione Pencerah,Health,Health,Perawatan Tubuh,104700,104700,74.0,74.0,1916,1916,542,92.0,92.0,1000.0,63.02,Protect Hero SKU,Medium,Likes are at the 100% peer percentile. | Historical sold-value proxy is at the 100% peer percentile. | Price is at the 88% country-category percentile.,Likes are at the 100% peer percentile.,Historical sold-value proxy is at the 100% peer percentile.,Price is at the 88% country-category percentile.,id | Health; price pctl 88%; likes pctl 100%; sold-value pctl 100%
id,id,809769142,Glad2Glow Official Store,24192367557,Glad2Glow Yuzu Aha Blackhead Exfoliating Cleanser facial wash skincare face wash sabun cuci muka cleansing balm exfoliating exfoliasi wajah sabun muka pembersih wajah Yuzu Aha Blackhead Exfoliating Cleanser  g2glow official store,Beauty,Beauty,SKINCARE,34000,34000,62.0,62.0,8884,8884,23364,1000.0,1000.0,10000.0,62.95,Protect Hero SKU,Medium,Price is at the 4% country-category percentile. | Shop credibility score is 87%. | Historical sold-value proxy is at the 79% peer percentile.,Price is at the 4% country-category percentile.,Shop credibility score is 87%.,Historical sold-value proxy is at the 79% peer percentile.,id | Beauty; price pctl 4%; likes pctl 77%; sold-value pctl 79%
id,id,809769142,Glad2Glow Official Store,43360906112,Glad2Glow Perfect Blur&Cover Loose Powder oil control Finishing Kontrol Minyak Tahan Lama Anti Luntur Halus Sempurna & Cover Tinggi bedak padat bedak tabur two way cake cushion foundation setting spray make up g2g glad2glow official store,Beauty,Beauty,powder&spray setting,59000,59000,67.0,67.0,22884,22884,26740,1000.0,1000.0,10000.0,62.84,Protect Hero SKU,Medium,Likes are at the 88% peer percentile. | Shop credibility score is 87%. | Historical sold-value proxy is at the 79% peer percentile.,Likes are at the 88% peer percentile.,Shop credibility score is 87%.,Historical sold-value proxy is at the 79% peer percentile.,id | Beauty; price pctl 32%; likes pctl 88%; sold-value pctl 79%
id,id,809769142,Glad2Glow Official Store,51702755108,Glad2Glow Retinol/Niacinamide Bright Body Serum Body Lotion 10X Cerah Instant Absorb Whiten Tone Up All Day Bright Glow pemutih badan dengan parfum tahan lama Long Lasting Fragrance Body Cream Butter G2Glow Official Store,Beauty,Beauty,SKINCARE,73900,73900,62.0,62.0,20902,20902,45000,1000.0,1000.0,10000.0,62.71,Protect Hero SKU,Medium,Shop credibility score is 87%. | Likes are at the 86% peer percentile. | Historical sold-value proxy is at the 79% peer percentile.,Shop credibility score is 87%.,Likes are at the 86% peer percentile.,Historical sold-value proxy is at the 79% peer percentile.,id | Beauty; price pctl 44%; likes pctl 86%; sold-value pctl 79%
id,id,200048291,Prettywell Official Shop,19831965366,Prettywell Feel Alive 2% PHA + BHA Gentle Exfoliating Toner 100mL Toner Pencerah with Centella Menyegarkan Wajah Eksfoliasi Kulit Sensitif,Beauty,Beauty,SKINCARE,74350,74350,0.0,0.0,32291,32291,9167,377.0,377.0,10000.0,62.31,Protect Hero SKU,Medium,Displayed discount is at the 6% peer percentile. | Likes are at the 92% peer percentile. | Shop credibility score is 82%.,Displayed discount is at the 6% peer percentile.,Likes are at the 92% peer percentile.,Shop credibility score is 82%.,id | Beauty; price pctl 45%; likes pctl 92%; sold-value pctl 79%
id,id,809769142,Glad2Glow Official Store,48860851679,[NEW LAUNCH]GLAD2GLOW FLAWLESS BLURRING SKIN TINT 15g Concealer Foundation Bedak padat Make up Lightweight Coverage Long-lasting 12-Hour Soft-Focus Flawless Skin oil-control  Bio-Mimetic Film Technology  Care g2glow official store,Beauty,Beauty,💖NEW LAUNCH,39000,39000,61.0,61.0,17668,17668,13170,1000.0,1000.0,10000.0,62.31,Protect Hero SKU,Medium,Shop credibility score is 87%. | Price is at the 14% country-category percentile. | Likes are at the 84% peer percentile.,Shop credibility score is 87%.,Price is at the 14% country-category percentile.,Likes are at the 84% peer percentile.,id | Beauty; price pctl 14%; likes pctl 84%; sold-value pctl 79%
id,id,809769142,Glad2Glow Official Store,29572980090,"[Pekerja Kantor Wajib Punya] Glad2Glow Flawless Makeup Set: Perfect Cover Cushion+Perfect Blurring Powder Foundation+Lip Serum+Cherry Blossom Micellar Water untuk traveling dan aktivitas harian Aplikasikan & touch-up kapan saja, di mana saja",Beauty,Beauty,✨BEST SELLING,220625,220625,0.0,0.0,39014,39014,42901,1000.0,1000.0,10000.0,62.26,Protect Hero SKU,Medium,Price is at the 95% country-category percentile. | Displayed discount is at the 6% peer percentile. | Likes are at the 94% peer percentile.,Price is at the 95% country-category percentile.,Displayed discount is at the 6% peer percentile.,Likes are at the 94% peer percentile.,id | Beauty; price pctl 95%; likes pctl 94%; sold-value pctl 79%
id,id,779266191,lavojoy Official Shop,29116134787,Lavojoy Hand Cream Series 30ml | Krim Untuk Mencerahkan Dan Melembabkan Kulit Tangan | Niacinamide Dan Shea Butter | Hand Cream Tangan Kering | Krim Tangan,Beauty,Beauty,LVJ BODY CARE SERIES,37900,37900,3.0,3.0,9453,9453,6366,593.0,593.0,10000.0,62.2,Maintain and Monitor,Medium,Price is at the 9% country-category percentile. | Displayed discount is at the 12% peer percentile. | Shop credibility score is 85%.,Price is at the 9% country-category percentile.,Displayed discount is at the 12% peer percentile.,Shop credibility score is 85%.,id | Beauty; price pctl 9%; likes pctl 78%; sold-value pctl 79%
id,id,809769142,Glad2Glow Official Store,44050582778,Glad2Glow Moisturizer Series100G Water Gel Niacinamide Brightening Retinol CentellaMencerahkan Pemutih Kulit Pelembab Bercahaya Krim Siang dan Malam Perawatan Kulit Ekstrak Delima Delima Wajah g2g official store,Beauty,Beauty,SHOP BY NEEDS,100000,100000,37.0,37.0,14332,14332,53990,1000.0,1000.0,10000.0,62.16,Protect Hero SKU,Medium,Shop credibility score is 87%. | Likes are at the 82% peer percentile. | Displayed discount is at the 21% peer percentile.,Shop credibility score is 87%.,Likes are at the 82% peer percentile.,Displayed discount is at the 21% peer percentile.,id | Beauty; price pctl 68%; likes pctl 82%; sold-value pctl 79%
id,id,809769142,Glad2Glow Official Store,29270135197,[2PCS SAVE MORE]GLAD2GLOW Mugwort Salicylic Acid Acne Clear Micellar Water 300ml For Acne-Prone Skin Dan Oil-Control Hydrating Jerawat Control Membersihkan Makeup Waterproof g2glow official store,Beauty,Beauty,SHOP BY NEEDS,48900,48900,55.0,55.0,7657,7657,32915,1000.0,1000.0,10000.0,62.14,Protect Hero SKU,Medium,Shop credibility score is 87%. | Historical sold-value proxy is at the 79% peer percentile. | Price is at the 24% country-category percentile.,Shop credibility score is 87%.,Historical sold-value proxy is at the 79% peer percentile.,Price is at the 24% country-category percentile.,id | Beauty; price pctl 24%; likes pctl 76%; sold-value pctl 79%
id,id,809769142,Glad2Glow Official Store,43754734954,Glad2Glow 2in1 Perfect Pair Cushion Powder Foundation & Lip serum Waterproof Make Up Setting BB Cream Concealer Foundation bedak padat Wajah  Cover Tinggi  long lasting Tahan 12Jam tahan lama Velvet To Matte skin tint g2g,Beauty,Beauty,MAKE UP,168900,168900,60.0,60.0,47441,47441,88924,1000.0,1000.0,10000.0,62.05,Protect Hero SKU,Medium,Likes are at the 94% peer percentile. | Price is at the 88% country-category percentile. | Shop credibility score is 87%.,Likes are at the 94% peer percentile.,Price is at the 88% country-category percentile.,Shop credibility score is 87%.,id | Beauty; price pctl 88%; likes pctl 94%; sold-value pctl 79%
id,id,200048291,Prettywell Official Shop,18094530150,Prettywell Lipscreen SPF 30+ in vitro - WUDHU FRIENDLY & Melembabkan Bibir Lip Treatment UV Protection Sunscreen Mencegah Bibir Hitam,Beauty,Beauty,PROMO ❗,72080,72080,6.0,6.0,63400,63400,6089,241.0,241.0,10000.0,61.78,Protect Hero SKU,Medium,Likes are at the 96% peer percentile. | Displayed discount is at the 13% peer percentile. | Shop credibility score is 82%.,Likes are at the 96% peer percentile.,Displayed discount is at the 13% peer percentile.,Shop credibility score is 82%.,id | Beauty; price pctl 42%; likes pctl 96%; sold-value pctl 79%
id,id,1112776376,Scora Official Store,52352137319,Scora Serum Series 20ml | Serum Mencerahkan Skin Barrier Acne Berjerawat Whitening Alpha Arbutin Tranexamic Acid Panthenol Melembabkan Kulit Kering Kulit Berminyak Sensitive calming Centella Asiatica CICA,Beauty,Beauty,,27900,27900,55.0,55.0,8156,8156,21044,1000.0,1000.0,10000.0,61.51,Protect Hero SKU,Medium,Price is at the 1% country-category percentile. | Historical sold-value proxy is at the 79% peer percentile. | Likes are at the 76% peer percentile.,Price is at the 1% country-category percentile.,Historical sold-value proxy is at the 79% peer percentile.,Likes are at the 76% peer percentile.,id | Beauty; price pctl 1%; likes pctl 76%; sold-value pctl 79%
id,id,809769142,Glad2Glow Official Store,29601433725,Glad2Glow 2in1 Eyelash & BROW INTENSE SERUM Eyelash Extension -Serum Penumbuh Bulu Mata dan Alis g2glow official store,Beauty,Beauty,SKINCARE,48900,48900,51.0,51.0,10623,10623,12284,402.0,402.0,10000.0,61.13,Protect Hero SKU,Medium,Shop credibility score is 87%. | Likes are at the 79% peer percentile. | Historical sold-value proxy is at the 79% peer percentile.,Shop credibility score is 87%.,Likes are at the 79% peer percentile.,Historical sold-value proxy is at the 79% peer percentile.,id | Beauty; price pctl 24%; likes pctl 79%; sold-value pctl 79%
id,id,430940247,Mooi Pure Glow Official Shop,25294477848,FLASH SALE MOOI Collagen Drink with Zizania,Food & Beverages,Food & Beverages,,16900,16900,0.0,0.0,107,107,45,,,268.0,61.12,Protect Hero SKU,Medium,Price is at the 100% country-category percentile. | Likes are at the 100% peer percentile. | Historical sold-value proxy is at the 100% peer percentile.,Price is at the 100% country-category percentile.,Likes are at the 100% peer percentile.,Historical sold-value proxy is at the 100% peer percentile.,id | Food & Beverages; price pctl 100%; likes pctl 100%; sold-value pctl 100%
id,id,779266191,lavojoy Official Shop,25389323175,Lavojoy Let It Glow Body Serum Skin Brightening Upgraded Version | Body Lotion Untuk Mencerahkan Dan Melembabkan Kulit Dengan Niacinamide + Ceramide + Vitamin E,Beauty,Beauty,LVJ BODY CARE SERIES,43000,43000,49.0,49.0,8171,8171,8571,1000.0,1000.0,10000.0,60.85,Maintain and Monitor,Medium,Shop credibility score is 85%. | Price is at the 18% country-category percentile. | Historical sold-value proxy is at the 79% peer percentile.,Shop credibility score is 85%.,Price is at the 18% country-category percentile.,Historical sold-value proxy is at the 79% peer percentile.,id | Beauty; price pctl 18%; likes pctl 76%; sold-value pctl 79%
id,id,809769142,Glad2Glow Official Store,29870133400,[2PCS SAVE MORE]GLAD2GLOW Tremella Panthenol Sensitive Care Micellar Water-300ml  Membersihkan makeup waterproof dan kotoran Menenangkan dan menghidrasi kulit Tidak terasa lengket setelah membersihkan g2glow official store,Beauty,Beauty,SHOP BY NEEDS,39000,39000,64.0,64.0,7049,7049,18103,1000.0,1000.0,10000.0,60.76,Protect Hero SKU,Medium,Shop credibility score is 87%. | Price is at the 14% country-category percentile. | Historical sold-value proxy is at the 79% peer percentile.,Shop credibility score is 87%.,Price is at the 14% country-category percentile.,Historical sold-value proxy is at the 79% peer percentile.,id | Beauty; price pctl 14%; likes pctl 75%; sold-value pctl 79%
id,id,809769142,Glad2Glow Official Store,28776573319,Glad2Glow Perfect Cover Cushion Oil-Control matte  Foundation Waterproof Sweatproof Finish Poreless Cushion Refill BB CC Cream Makeup refill g2glow official store,Beauty,Beauty,MAKE UP,73900,73900,63.0,63.0,17355,17355,25827,1000.0,1000.0,10000.0,60.62,Protect Hero SKU,Medium,Shop credibility score is 87%. | Likes are at the 84% peer percentile. | Historical sold-value proxy is at the 79% peer percentile.,Shop credibility score is 87%.,Likes are at the 84% peer percentile.,Historical sold-value proxy is at the 79% peer percentile.,id | Beauty; price pctl 44%; likes pctl 84%; sold-value pctl 79%
id,id,779266191,lavojoy Official Shop,22686419036,Lavojoy Hold Me Tight Pro Scalp Essence Spring Wonder | Hair Shampoo | Shampo Rambut | Mengatasi Rambut Rontok Kebotakan | Perawatan Rambut Rontok | Memperkuat Akar Rambut | Perawatan Rambut Rontok Essence | Hair Tonic | Essence Ginseng & Jahe,Beauty,Beauty,LVJ HAIR CARE SERIES,100000,100000,36.0,36.0,25433,25433,14605,412.0,412.0,10000.0,60.58,Protect Hero SKU,Medium,Likes are at the 90% peer percentile. | Shop credibility score is 85%. | Displayed discount is at the 20% peer percentile.,Likes are at the 90% peer percentile.,Shop credibility score is 85%.,Displayed discount is at the 20% peer percentile.,id | Beauty; price pctl 68%; likes pctl 90%; sold-value pctl 79%
id,id,1368540320, Cyeecare Official Store,26120309394,Cyeecare AHA BHA PHA LHA Peeling Solution Serum Eksfoliasi Wajah Menghaluskan Mencerahkan Kulit Mengangkat Sel Kulit Mati Komedo 20g,Beauty,Beauty,Produk Terlaris,88000,88000,78.0,78.0,26568,26568,49503,1000.0,1000.0,10000.0,60.34,Protect Hero SKU,Medium,Likes are at the 91% peer percentile. | Displayed discount is at the 86% peer percentile. | Historical sold-value proxy is at the 79% peer percentile.,Likes are at the 91% peer percentile.,Displayed discount is at the 86% peer percentile.,Historical sold-value proxy is at the 79% peer percentile.,id | Beauty; price pctl 58%; likes pctl 91%; sold-value pctl 79%
id,id,779266191,lavojoy Official Shop,27416811310,[BUNDLE DAY&NIGHT] Lavojoy Let It Glow Daily Shine Body Serum Instant Tone Up Delicate Rose with SPF 50 PA++++ & Body Serum Skin Brightening | Mencerahkan dan Melembabkan kulit |  Body Serum Siang dan Malam,Beauty,Beauty,LVJ BODY CARE SERIES,96000,96000,48.0,48.0,15946,15946,28747,1000.0,1000.0,10000.0,60.33,Protect Hero SKU,Medium,Shop credibility score is 85%. | Likes are at the 83% peer percentile. | Historical sold-value proxy is at the 79% peer percentile.,Shop credibility score is 85%.,Likes are at the 83% peer percentile.,Historical sold-value proxy is at the 79% peer percentile.,id | Beauty; price pctl 63%; likes pctl 83%; sold-value pctl 79%
id,id,809769142,Glad2Glow Official Store,27938088991,Glad2Glow Centella Salicylic Acid Exfoliating Acne Toner Pads Gentle Eksfoliasi Kulit Jerawat Kulit Sensitif Centella Pads Lactic Acid Malic AHA BHA Peeling Serum Acne Spot Serum Cica Acne Clear Pad Treatment Jerawat Acne Mask Glad2Glow Official Store,Beauty,Beauty,SHOP BY NEEDS,58900,58900,57.0,57.0,10167,10167,17241,1000.0,1000.0,10000.0,60.33,Protect Hero SKU,Medium,Shop credibility score is 87%. | Likes are at the 79% peer percentile. | Historical sold-value proxy is at the 79% peer percentile.,Shop credibility score is 87%.,Likes are at the 79% peer percentile.,Historical sold-value proxy is at the 79% peer percentile.,id | Beauty; price pctl 31%; likes pctl 79%; sold-value pctl 79%
id,id,779266191,lavojoy Official Shop,22577522022,[BUNDLE] Lavojoy Hold Me Tight Pro Shampoo + Conditioner Spring Wonder | Hair Treatment | Perawatan Intensif untuk Rambut Rontok | Perawatan Rambut | Ceramide | Salicylic Acid | Hair Care | Citric Acid,Beauty,Beauty,LVJ HAIR CARE SERIES,182160,182160,39.0,39.0,28071,28071,28950,1000.0,1000.0,10000.0,60.29,Protect Hero SKU,Medium,Likes are at the 91% peer percentile. | Price is at the 91% country-category percentile. | Shop credibility score is 85%.,Likes are at the 91% peer percentile.,Price is at the 91% country-category percentile.,Shop credibility score is 85%.,id | Beauty; price pctl 91%; likes pctl 91%; sold-value pctl 79%
id,id,809769142,Glad2Glow Official Store,20282626747,Glad2Glow Yuja Symwhite 377 Dark Spot Serum Eksfoliasi Wajah collagen serum wajah cream pemutih wajah pelembab whitening cream malam cream flek hitam membandel Menyamarkan noda hitam bekas kusam g2glow official store,Beauty,Beauty,SKINCARE,173400,173400,42.0,42.0,19102,19102,49473,1000.0,1000.0,10000.0,60.15,Protect Hero SKU,Medium,Price is at the 89% country-category percentile. | Shop credibility score is 87%. | Likes are at the 85% peer percentile.,Price is at the 89% country-category percentile.,Shop credibility score is 87%.,Likes are at the 85% peer percentile.,id | Beauty; price pctl 89%; likes pctl 85%; sold-value pctl 79%
id,id,809769142,Glad2Glow Official Store,27160062024,Glad2Glow Propolis Hyaluronic Acid Barrier Essence Toner badan face mist hydrating toner centella Toner eksfoliasi wajah glycocid acid glycolic acid Memperbaiki penghalang kulit Jaga kulit Anda tetap terhidrasi Skincare G2G Toner g2glow official stor,Beauty,Beauty,SKINCARE,37500,37500,66.0,66.0,5159,5159,11934,332.0,332.0,10000.0,60.04,Maintain and Monitor,Medium,Price is at the 8% country-category percentile. | Shop credibility score is 87%. | Historical sold-value proxy is at the 79% peer percentile.,Price is at the 8% country-category percentile.,Shop credibility score is 87%.,Historical sold-value proxy is at the 79% peer percentile.,id | Beauty; price pctl 8%; likes pctl 71%; sold-value pctl 79%
id,id,809769142,Glad2Glow Official Store,22853217492,Glad2Glow 3pcs Paket Skincare- Moisturizer+Serum+Toner-Acne Kit Glowing Kit Dark Spot Barrier Bright bundle Beauty Sets Packages Mencerahkan warna kulit Menghilangkan jerawat penghalang perbaikan Mencerahkan bintik hitam Anti penuaang2glow official store,Beauty,Beauty,SKINCARE,116000,116000,61.0,61.0,20798,20798,53844,218.0,218.0,10000.0,60.03,Protect Hero SKU,Medium,Shop credibility score is 87%. | Likes are at the 86% peer percentile. | Historical sold-value proxy is at the 79% peer percentile.,Shop credibility score is 87%.,Likes are at the 86% peer percentile.,Historical sold-value proxy is at the 79% peer percentile.,id | Beauty; price pctl 77%; likes pctl 86%; sold-value pctl 79%
id,id,1112776376,Scora Official Store,44150857512,"Day & Night Care Set: SCORA Bright Me Up Sunscreen 40 Gr + SCORA Tone Up Cream Series 30 mL + 2,5% D-PANTHENOL BARRIER SHIELD MOISTURIZER 40ml  + SCORA D-Panthenol Gentle Low pH Cleanser 100ml",Beauty,Beauty,Special Day Banting Harga ✨💵,73900,73900,49.0,49.0,11441,11441,31979,1000.0,1000.0,10000.0,60.02,Protect Hero SKU,Medium,Likes are at the 81% peer percentile. | Historical sold-value proxy is at the 79% peer percentile. | The listing belongs to an official shop.,Likes are at the 81% peer percentile.,Historical sold-value proxy is at the 79% peer percentile.,The listing belongs to an official shop.,id | Beauty; price pctl 44%; likes pctl 81%; sold-value pctl 79%
id,id,779266191,lavojoy Official Shop,19223481092,[BODY SERUM TWINPACK] Lavojoy Let It Glow Body Serum Skin Brightening Upgraded Version | Body Lotion Untuk Mencerahkan Dan Melembabkan Kulit Dengan Niacinamide + Ceramide + Vitamin E,Beauty,Beauty,LVJ BODY CARE SERIES,75600,75600,55.0,55.0,24838,24838,11426,163.0,163.0,10000.0,60.01,Protect Hero SKU,Medium,Likes are at the 89% peer percentile. | Shop credibility score is 85%. | Historical sold-value proxy is at the 79% peer percentile.,Likes are at the 89% peer percentile.,Shop credibility score is 85%.,Historical sold-value proxy is at the 79% peer percentile.,id | Beauty; price pctl 47%; likes pctl 89%; sold-value pctl 79%
id,id,809769142,Glad2Glow Official Store,40253957457,Glad2Glow Niacinamide Brightening Toner badan face mist hydrating toner centellaToner eksfoliasi wajah glycocid acid glycolic acid combo brightening agent Mencerahkan dan meratakan warna kulit Memberikan efek glowing g2glow,Beauty,Beauty,SKINCARE,44900,44900,55.0,55.0,3374,3374,20314,1000.0,1000.0,10000.0,59.99,Maintain and Monitor,Medium,Shop credibility score is 87%. | Price is at the 20% country-category percentile. | Historical sold-value proxy is at the 79% peer percentile.,Shop credibility score is 87%.,Price is at the 20% country-category percentile.,Historical sold-value proxy is at the 79% peer percentile.,id | Beauty; price pctl 20%; likes pctl 66%; sold-value pctl 79%
id,id,809769142,Glad2Glow Official Store,10599605978,Glad2Glow bundle 3in1 paket Skincare- Moisturizer+Serum+Cleanser- Face Wash  Glowing Kit Dark Spot Acne Kit Mencerahkan warna kulit Menghilangkan jerawat Anti penuaan kulit halus Mencerahkan bintik hitam Beauty Sets & Packages g2glow official store,Beauty,Beauty,SKINCARE,116400,116400,58.0,58.0,18968,18968,53626,1000.0,1000.0,10000.0,59.96,Protect Hero SKU,Medium,Shop credibility score is 87%. | Likes are at the 85% peer percentile. | Historical sold-value proxy is at the 79% peer percentile.,Shop credibility score is 87%.,Likes are at the 85% peer percentile.,Historical sold-value proxy is at the 79% peer percentile.,id | Beauty; price pctl 77%; likes pctl 85%; sold-value pctl 79%
id,id,809769142,Glad2Glow Official Store,40064375511,"Glad2Glow Matcha Salicylic Acid Acne Cleanser facial wash,Anti Jerawat Kontrol Minyak Face Wash Oily Acne Prone Skin Friendly sabun cuci muka,micellar water,skincare,Jerawat,kontrol minyak,lembut tidak kering,cocok untuk semua kulit,G2G Cleanser",Beauty,Beauty,SKINCARE,41000,41000,59.0,59.0,3986,3986,16640,1000.0,1000.0,10000.0,59.93,Maintain and Monitor,Medium,Shop credibility score is 87%. | Price is at the 16% country-category percentile. | Historical sold-value proxy is at the 79% peer percentile.,Shop credibility score is 87%.,Price is at the 16% country-category percentile.,Historical sold-value proxy is at the 79% peer percentile.,id | Beauty; price pctl 16%; likes pctl 68%; sold-value pctl 79%
id,id,809769142,Glad2Glow Official Store,28927852106,Glad2Glow Perfect cover cushion  Setting  dengan kandungan skincare mencegah kekusaman dan kulit kering sepanjang hari G2G Concealer Foundation Wajah Extract Mencerahkan Lasting refill Compact g2glow official store,Beauty,Beauty,MAKE UP,78000,78000,61.0,61.0,11027,11027,30450,1000.0,1000.0,10000.0,59.9,Protect Hero SKU,Medium,Shop credibility score is 87%. | Likes are at the 80% peer percentile. | Historical sold-value proxy is at the 79% peer percentile.,Shop credibility score is 87%.,Likes are at the 80% peer percentile.,Historical sold-value proxy is at the 79% peer percentile.,id | Beauty; price pctl 49%; likes pctl 80%; sold-value pctl 79%
id,id,809769142,Glad2Glow Official Store,43327781503,[HOT] Glad2Glow Glow Serum Spray 100ml White Truffle Radiance Mencerahkan & Melindungi Skin Barrier Skin Prep Face Glad2Glow Official Store,Beauty,Beauty,,78900,78900,53.0,53.0,11390,11390,19480,1000.0,1000.0,10000.0,59.51,Protect Hero SKU,Medium,Shop credibility score is 87%. | Likes are at the 81% peer percentile. | Historical sold-value proxy is at the 79% peer percentile.,Shop credibility score is 87%.,Likes are at the 81% peer percentile.,Historical sold-value proxy is at the 79% peer percentile.,id | Beauty; price pctl 50%; likes pctl 81%; sold-value pctl 79%
id,id,809769142,Glad2Glow Official Store,48752787269,Glad2Glow All Day Matte Setting Spray Make up Flawless | 12H Tahan Lama | Soft Matte Finish | Powder Shield Oil Control Tech | Kontrol Minyak | Skin tint & Lip serum Set | g2g Glad2Glow Official Store,Beauty,Beauty,powder&spray setting,69000,69000,50.0,50.0,10029,10029,11342,1000.0,1000.0,10000.0,59.41,Protect Hero SKU,Medium,Shop credibility score is 87%. | Historical sold-value proxy is at the 79% peer percentile. | Likes are at the 79% peer percentile.,Shop credibility score is 87%.,Historical sold-value proxy is at the 79% peer percentile.,Likes are at the 79% peer percentile.,id | Beauty; price pctl 40%; likes pctl 79%; sold-value pctl 79%
id,id,1368540320, Cyeecare Official Store,50900285453,Cyeecare Ginger Hair Care Serum 20g,Beauty,Beauty,Produk Terlaris,38000,38000,90.0,90.0,18180,18180,12042,1000.0,1000.0,10000.0,59.35,Protect Hero SKU,Medium,Displayed discount is at the 97% peer percentile. | Price is at the 10% country-category percentile. | Likes are at the 84% peer percentile.,Displayed discount is at the 97% peer percentile.,Price is at the 10% country-category percentile.,Likes are at the 84% peer percentile.,id | Beauty; price pctl 10%; likes pctl 84%; sold-value pctl 79%
id,id,1112776376,Scora Official Store,26962670206,[Live] SCORA D-Panthenol Gentle Low pH Cleanser Sabun Cuci Muka Sensitive Skin Friendly 100ML,Beauty,Beauty,Calming Agent,73720,73720,3.0,3.0,7236,7236,23470,1000.0,1000.0,10000.0,59.15,Protect Hero SKU,Medium,Displayed discount is at the 12% peer percentile. | Historical sold-value proxy is at the 79% peer percentile. | Likes are at the 75% peer percentile.,Displayed discount is at the 12% peer percentile.,Historical sold-value proxy is at the 79% peer percentile.,Likes are at the 75% peer percentile.,id | Beauty; price pctl 43%; likes pctl 75%; sold-value pctl 79%
id,id,809769142,Glad2Glow Official Store,24597552858,[Big Size]Glad2Glow Blueberry Ceramide Low pH Gel Cleanser 150ml facial wash skincare face wash sabun cuci muka cleansing balm exfoliating exfoliasi wajah sabun muka pembersih wajah Memperbaiki penghalang kulit tetap terhidrasi wajah,Beauty,Beauty,SKINCARE,58000,58000,55.0,55.0,3515,3515,20194,1000.0,1000.0,10000.0,59.13,Maintain and Monitor,Medium,Shop credibility score is 87%. | Historical sold-value proxy is at the 79% peer percentile. | The listing belongs to an official shop.,Shop credibility score is 87%.,Historical sold-value proxy is at the 79% peer percentile.,The listing belongs to an official shop.,id | Beauty; price pctl 29%; likes pctl 66%; sold-value pctl 79%
id,id,779266191,lavojoy Official Shop,29014387643,Lavojoy Let It Glow Summertrain Body Serum Skin Brightening Upgraded Version | Body Lotion Untuk Mencerahkan Dan Melembabkan Kulit Dengan Niacinamide + Ceramide + Vitamin E,Beauty,Beauty,LVJ BODY CARE SERIES,43000,43000,49.0,49.0,4120,4120,6852,410.0,410.0,10000.0,59.0,Maintain and Monitor,Medium,Shop credibility score is 85%. | Price is at the 18% country-category percentile. | Historical sold-value proxy is at the 79% peer percentile.,Shop credibility score is 85%.,Price is at the 18% country-category percentile.,Historical sold-value proxy is at the 79% peer percentile.,id | Beauty; price pctl 18%; likes pctl 68%; sold-value pctl 79%
id,id,809769142,Glad2Glow Official Store,48852152348,[NEW LAUNCH] Glad2Glow PORE CLEARING MICELLAR WATER Untuk Semua Kulit Lembut Cepat Menghapus Makeup & Mencerahkan kulit Penghapus Makeup Waterproof Hapus Riasan Tahan  dan Tanpa Iritasi g2glow official store,Beauty,Beauty,MAKE UP,48000,48000,46.0,46.0,2761,2761,9585,1000.0,1000.0,10000.0,58.97,Maintain and Monitor,Medium,Shop credibility score is 87%. | Historical sold-value proxy is at the 79% peer percentile. | Price is at the 22% country-category percentile.,Shop credibility score is 87%.,Historical sold-value proxy is at the 79% peer percentile.,Price is at the 22% country-category percentile.,id | Beauty; price pctl 22%; likes pctl 64%; sold-value pctl 79%
id,id,1368540320, Cyeecare Official Store,40216847326,Cyeecare Peeling Solution Serum AHA Eksfoliasi Wajah - Hilangkan Noda Hitam Bekas Jerawat Komedo | Kulit Halus Glowing 20g,Beauty,Beauty,Skin Care,88000,88000,56.0,56.0,17842,17842,34564,1000.0,1000.0,10000.0,58.96,Protect Hero SKU,Medium,Likes are at the 84% peer percentile. | Historical sold-value proxy is at the 79% peer percentile. | The listing belongs to an official shop.,Likes are at the 84% peer percentile.,Historical sold-value proxy is at the 79% peer percentile.,The listing belongs to an official shop.,id | Beauty; price pctl 58%; likes pctl 84%; sold-value pctl 79%
id,id,1112776376,Scora Official Store,56552128292,Scora Phytobright Gentle Low pH Cleanser 100ml | Sabun Muka Sabun Wajah Sensitif sabun mencerahkan Scora Official Store,Beauty,Beauty,,38800,38800,49.0,49.0,3548,3548,12448,1000.0,1000.0,10000.0,58.9,Maintain and Monitor,Medium,Price is at the 11% country-category percentile. | Historical sold-value proxy is at the 79% peer percentile. | The listing belongs to an official shop.,Price is at the 11% country-category percentile.,Historical sold-value proxy is at the 79% peer percentile.,The listing belongs to an official shop.,id | Beauty; price pctl 11%; likes pctl 67%; sold-value pctl 79%
id,id,809769142,Glad2Glow Official Store,44429096395,Glad2Glow TONE UP BRIGHTENING BODY SERUM Skin Look Flawless Tone Up in 1 Use Tone Up Booster Body Serum Lotion,Beauty,Beauty,SKINCARE,49000,49000,51.0,51.0,6253,6253,6801,1000.0,1000.0,10000.0,58.86,Maintain and Monitor,Medium,Shop credibility score is 87%. | Historical sold-value proxy is at the 79% peer percentile. | The listing belongs to an official shop.,Shop credibility score is 87%.,Historical sold-value proxy is at the 79% peer percentile.,The listing belongs to an official shop.,id | Beauty; price pctl 26%; likes pctl 73%; sold-value pctl 79%
id,id,809769142,Glad2Glow Official Store,41901683742,GLAD2GLOW Acne Drying Lotion Mengeringkan Jerawat Dengan BHA & Bahan Alami Spot Jerawat Niacinamide,Beauty,Beauty,SHOP BY NEEDS,68900,68900,60.0,60.0,9552,9552,13003,1000.0,1000.0,10000.0,58.77,Protect Hero SKU,Medium,Shop credibility score is 87%. | Historical sold-value proxy is at the 79% peer percentile. | Likes are at the 78% peer percentile.,Shop credibility score is 87%.,Historical sold-value proxy is at the 79% peer percentile.,Likes are at the 78% peer percentile.,id | Beauty; price pctl 39%; likes pctl 78%; sold-value pctl 79%
id,id,779266191,lavojoy Official Shop,22076680299,Lavojoy Hold Me Tight Pro Conditioner Spring Wonder | Hair Conditioner | Kondisioner Rambut | Perawatan Rambut Rontok | Mempercepat Pertumbuhan Rambut | Memperkuat Akar | Menutrisi Rambut | Conditioner Ginseng,Beauty,Beauty,LVJ HAIR CARE SERIES,81900,81900,42.0,42.0,15038,15038,10598,323.0,323.0,10000.0,58.68,Protect Hero SKU,Medium,Shop credibility score is 85%. | Likes are at the 82% peer percentile. | Historical sold-value proxy is at the 79% peer percentile.,Shop credibility score is 85%.,Likes are at the 82% peer percentile.,Historical sold-value proxy is at the 79% peer percentile.,id | Beauty; price pctl 56%; likes pctl 82%; sold-value pctl 79%
id,id,1112776376,Scora Official Store,26474964451,[READY] PAKET DOUBLE CERAH EFFORTLESS-SCORA Sheer Glow Tone Up Cream 30gr 2pcs,Beauty,Beauty,Special Day Banting Harga ✨💵,63800,63800,53.0,53.0,8241,8241,23276,1000.0,1000.0,10000.0,58.59,Protect Hero SKU,Medium,Historical sold-value proxy is at the 79% peer percentile. | Likes are at the 76% peer percentile. | The listing belongs to an official shop.,Historical sold-value proxy is at the 79% peer percentile.,Likes are at the 76% peer percentile.,The listing belongs to an official shop.,id | Beauty; price pctl 35%; likes pctl 76%; sold-value pctl 79%
id,id,1368540320, Cyeecare Official Store,28036053313,Cyeecare Tone Up Cream Krim Pencerah Wajah Glowing Instan Moisturizer Pelembab Mencerahkan Kulit Kusam Cream Siang Cerah Instan Day Cream,Beauty,Beauty,Skin Care,79700,79700,84.0,84.0,25362,25362,19503,1000.0,1000.0,10000.0,58.23,Protect Hero SKU,Medium,Likes are at the 90% peer percentile. | Displayed discount is at the 89% peer percentile. | Historical sold-value proxy is at the 79% peer percentile.,Likes are at the 90% peer percentile.,Displayed discount is at the 89% peer percentile.,Historical sold-value proxy is at the 79% peer percentile.,id | Beauty; price pctl 52%; likes pctl 90%; sold-value pctl 79%
id,id,809769142,Glad2Glow Official Store,25090328302,Glad2Glow Acne Jerawat Bundle 7in1 paket Centella madeca cream-Moisturizer+Serum+Cleanser+Toner+Clay Stick+Gel Skincare  Mask Menghilangkan Menenangkan kemerahan pada kulit Atur Minyak BerlebihMerawat g2glow official store,Beauty,Beauty,SKINCARE,161500,161500,73.0,73.0,17127,17127,65395,1000.0,1000.0,10000.0,58.17,Protect Hero SKU,Medium,Shop credibility score is 87%. | Price is at the 87% country-category percentile. | Displayed discount is at the 84% peer percentile.,Shop credibility score is 87%.,Price is at the 87% country-category percentile.,Displayed discount is at the 84% peer percentile.,id | Beauty; price pctl 87%; likes pctl 83%; sold-value pctl 79%
id,id,809769142,Glad2Glow Official Store,57903895781,[Buy4 Disc40%]GLAD2GLOW 7% GLYCOLIC ACID ESSENCE TONER 3-in-1 Eksfoliasi toner badan toner wajah skin hydrating brightening Mencerahkan dan meratakan warna kulit g2glow official store,Beauty,Beauty,SKINCARE,37000,37000,63.0,63.0,5043,5043,4062,1000.0,1000.0,10000.0,58.14,Maintain and Monitor,Medium,Price is at the 8% country-category percentile. | Shop credibility score is 87%. | Historical sold-value proxy is at the 79% peer percentile.,Price is at the 8% country-category percentile.,Shop credibility score is 87%.,Historical sold-value proxy is at the 79% peer percentile.,id | Beauty; price pctl 8%; likes pctl 70%; sold-value pctl 79%
id,id,809769142,Glad2Glow Official Store,27070128649,GLAD2GLOW PERFECT VITA C BRIGHT GLOW MICELLAR WATER 300ml Pembersih Wajah Make Up Remover Cleansing Water Mencerahkan Dark Spot Membersihkan makeup waterproof dan kotoran Memberikan rasa lembab dan mencerahkan kulit kusam,Beauty,Beauty,,48900,48900,51.0,51.0,2693,2693,8407,839.0,839.0,10000.0,58.08,Maintain and Monitor,Medium,Shop credibility score is 87%. | Historical sold-value proxy is at the 79% peer percentile. | Price is at the 24% country-category percentile.,Shop credibility score is 87%.,Historical sold-value proxy is at the 79% peer percentile.,Price is at the 24% country-category percentile.,id | Beauty; price pctl 24%; likes pctl 63%; sold-value pctl 79%
id,id,1112776376,Scora Official Store,42657274673,"[Hero]  2,5% D-PANTHENOL BARRIER SHIELD MOISTURIZER 40ml Melembapkan Kulit Menjaga Skin Barrier",Beauty,Beauty,,38901,38901,44.0,44.0,2905,2905,8314,1000.0,1000.0,10000.0,57.94,Maintain and Monitor,Medium,Price is at the 13% country-category percentile. | Historical sold-value proxy is at the 79% peer percentile. | The listing belongs to an official shop.,Price is at the 13% country-category percentile.,Historical sold-value proxy is at the 79% peer percentile.,The listing belongs to an official shop.,id | Beauty; price pctl 13%; likes pctl 64%; sold-value pctl 79%
id,id,809769142,Glad2Glow Official Store,29028423239,Glad2Glow Symwhite 377 Dark Spot Bundle 7PCS-Yuja Skincare Cerah 377 Moisturizer+Dark Spot Serum+Cleanser+Brightening Moisturizer+ Peeling Serum+Toner+Clay Stick Meringankan flek hitam mencerahkan g2glow official store,Beauty,Beauty,SKINCARE,75905,75905,75.0,75.0,6449,6449,27886,1000.0,1000.0,10000.0,57.69,Protect Hero SKU,Medium,Shop credibility score is 87%. | Displayed discount is at the 85% peer percentile. | Historical sold-value proxy is at the 79% peer percentile.,Shop credibility score is 87%.,Displayed discount is at the 85% peer percentile.,Historical sold-value proxy is at the 79% peer percentile.,id | Beauty; price pctl 47%; likes pctl 74%; sold-value pctl 79%
id,id,779266191,lavojoy Official Shop,29424110638,Lavojoy So So So Smooth Hair Mask 180gr | Masker Rambut Lembut Anti Kusut Frizzy | Masker Rambut Berkilau | Masker Rambut Kering | Repair Hair Mask with Hyaluronic Acid + Triple Seed Oil + Australian Manuka Honey,Beauty,Beauty,LVJ HAIR CARE SERIES,49900,49900,46.0,46.0,5372,5372,3749,235.0,235.0,10000.0,57.68,Maintain and Monitor,Medium,Shop credibility score is 85%. | Historical sold-value proxy is at the 79% peer percentile. | The listing belongs to an official shop.,Shop credibility score is 85%.,Historical sold-value proxy is at the 79% peer percentile.,The listing belongs to an official shop.,id | Beauty; price pctl 26%; likes pctl 72%; sold-value pctl 79%
id,id,809769142,Glad2Glow Official Store,46503915754,[New]Glad2Glow Glycolic Acid Facial Wash 70ml Membersihkan & Merawat Kulit 2-in-1 Niacinamide face wash Pencerah Pembersihan micellar Lembut Hidrasi pembersih wajah Melindungi Barrier Kulit Sabun Wajah Cocok Untuk Kulit Sensitif g2glow official store,Beauty,Beauty,,36000,36000,60.0,60.0,1744,1744,6550,1000.0,1000.0,10000.0,57.4,Maintain and Monitor,Medium,Price is at the 7% country-category percentile. | Shop credibility score is 87%. | Historical sold-value proxy is at the 79% peer percentile.,Price is at the 7% country-category percentile.,Shop credibility score is 87%.,Historical sold-value proxy is at the 79% peer percentile.,id | Beauty; price pctl 7%; likes pctl 57%; sold-value pctl 79%
id,id,809769142,Glad2Glow Official Store,55052557973,[Gift+50k/pc!] Glad2Glow BRIGHTENING LIP SERUM 7g  Mencerahkan Melembabkan dan menambahkan warna 3in1  liptint lipstick lipcream &Metal Applicatior cooling sensation Tahan Lama dan Vitamin E danVitamin C Cushion  g2g glad2glow official store,Beauty,Beauty,,58900,58900,63.0,63.0,6669,6669,6519,864.0,864.0,10000.0,57.26,Maintain and Monitor,Medium,Shop credibility score is 87%. | Historical sold-value proxy is at the 79% peer percentile. | The listing belongs to an official shop.,Shop credibility score is 87%.,Historical sold-value proxy is at the 79% peer percentile.,The listing belongs to an official shop.,id | Beauty; price pctl 31%; likes pctl 74%; sold-value pctl 79%
id,id,809769142,Glad2Glow Official Store,29144828706,[OUT OF STOCK]GLAD2GLOW DAMASK ROSE PETAL GLOW GEL MASK 50g Brighten Soothing Hydrogel Masker Komedo dan Pori Pori Wajah,Beauty,Beauty,💖NEW LAUNCH,73910,73910,5.0,5.0,4541,4541,4776,1000.0,1000.0,10000.0,57.05,Maintain and Monitor,Medium,Shop credibility score is 87%. | Displayed discount is at the 13% peer percentile. | Historical sold-value proxy is at the 79% peer percentile.,Shop credibility score is 87%.,Displayed discount is at the 13% peer percentile.,Historical sold-value proxy is at the 79% peer percentile.,id | Beauty; price pctl 45%; likes pctl 69%; sold-value pctl 79%
id,id,809769142,Glad2Glow Official Store,26892712078,Glad2Glow Pomegranate Niacinamide Brightening Moisturizer 100g Day Cream Night Cream Skincare,Beauty,Beauty,,100000,100000,33.0,33.0,4501,4501,18659,1000.0,1000.0,10000.0,57.01,Maintain and Monitor,Medium,Shop credibility score is 87%. | Displayed discount is at the 18% peer percentile. | Historical sold-value proxy is at the 79% peer percentile.,Shop credibility score is 87%.,Displayed discount is at the 18% peer percentile.,Historical sold-value proxy is at the 79% peer percentile.,id | Beauty; price pctl 68%; likes pctl 69%; sold-value pctl 79%
id,id,1368540320, Cyeecare Official Store,56810310860,Cyeecare Ginger Hair Care Serum 20g - Penumbuh Rambut Anti Rontok Perkuat Akar & Volume,Beauty,Beauty,Ginger Hair Care Serum,38000,38000,90.0,90.0,9825,9825,5575,1000.0,1000.0,10000.0,56.97,Maintain and Monitor,Medium,Displayed discount is at the 97% peer percentile. | Price is at the 10% country-category percentile. | Historical sold-value proxy is at the 79% peer percentile.,Displayed discount is at the 97% peer percentile.,Price is at the 10% country-category percentile.,Historical sold-value proxy is at the 79% peer percentile.,id | Beauty; price pctl 10%; likes pctl 78%; sold-value pctl 79%
id,id,1112776376,Scora Official Store,45953007208,[Hero] Scora Phytobright Gentle Low pH Cleanser 100ml | Sabun Muka Sabun Wajah Sensitif sabun mencerahkan Scora Official Store,Beauty,Beauty,,38800,38800,49.0,49.0,2262,2262,6847,1000.0,1000.0,10000.0,56.85,Maintain and Monitor,Medium,Price is at the 11% country-category percentile. | Historical sold-value proxy is at the 79% peer percentile. | The listing belongs to an official shop.,Price is at the 11% country-category percentile.,Historical sold-value proxy is at the 79% peer percentile.,The listing belongs to an official shop.,id | Beauty; price pctl 11%; likes pctl 61%; sold-value pctl 79%
id,id,1368540320, Cyeecare Official Store,43654004856,Cyeecare Masker Rambut Keratin Hair Mask Treatment Salon - Rambut Halus Lembut Wangi Anti Rontok Kering Kusut Hair Care 150ml,Beauty,Beauty,,66900,66900,80.0,80.0,12998,12998,12829,1000.0,1000.0,10000.0,56.79,Protect Hero SKU,Medium,Displayed discount is at the 87% peer percentile. | Likes are at the 81% peer percentile. | Historical sold-value proxy is at the 79% peer percentile.,Displayed discount is at the 87% peer percentile.,Likes are at the 81% peer percentile.,Historical sold-value proxy is at the 79% peer percentile.,id | Beauty; price pctl 37%; likes pctl 81%; sold-value pctl 79%
id,id,809769142,Glad2Glow Official Store,28293199566,[Big Size]Glad2Glow Centella Salicylic Acid Acne Gel Cleanser 150ml facial wash skincare face wash sabun cuci muka cleansing balm exfoliating exfoliasi wajah sabun muka pembersih wajah merawat serta membantu menenangkan jerawat,Beauty,Beauty,SKINCARE,46500,46500,64.0,64.0,1731,1731,12200,1000.0,1000.0,10000.0,56.65,Maintain and Monitor,Medium,Shop credibility score is 87%. | Historical sold-value proxy is at the 79% peer percentile. | Price is at the 21% country-category percentile.,Shop credibility score is 87%.,Historical sold-value proxy is at the 79% peer percentile.,Price is at the 21% country-category percentile.,id | Beauty; price pctl 21%; likes pctl 56%; sold-value pctl 79%
id,id,1112776376,Scora Official Store,24422151156,IRIT BEBAS JERAWAT-SCORA Salicylic Acid Gentle Low pH Cleanser Sabun Cuci Muka Oily Acne Prone Skin Friendly [TwinPack 2 Pcs],Beauty,Beauty,,74900,74900,51.0,51.0,4402,4402,23600,1000.0,1000.0,10000.0,56.54,Protect Hero SKU,Medium,Historical sold-value proxy is at the 79% peer percentile. | The listing belongs to an official shop. | Likes are at the 69% peer percentile.,Historical sold-value proxy is at the 79% peer percentile.,The listing belongs to an official shop.,Likes are at the 69% peer percentile.,id | Beauty; price pctl 46%; likes pctl 69%; sold-value pctl 79%
id,id,809769142,Glad2Glow Official Store,24443458397,Glad2Glow Volcano 3D Acid Pore Clay Stick Masker Wajah Clay Masker Stik Deep Cleansing Pori Pori Masker Komedo Dan Pori Pori Wajah Pembersih Komedo clay Masker Masker Organik Masker Jerawat Sheetmask Masker Glad2Glow Clay Mask Masker G2Glow Official Store,Beauty,Beauty,SKINCARE,48900,48900,55.0,55.0,2274,2274,5668,414.0,414.0,10000.0,56.43,Maintain and Monitor,Medium,Shop credibility score is 87%. | Historical sold-value proxy is at the 79% peer percentile. | Price is at the 24% country-category percentile.,Shop credibility score is 87%.,Historical sold-value proxy is at the 79% peer percentile.,Price is at the 24% country-category percentile.,id | Beauty; price pctl 24%; likes pctl 61%; sold-value pctl 79%
id,id,779266191,lavojoy Official Shop,18088299860,[TONE UP TWINPACK] Lavojoy Let It Glow Daily Shine Body Serum Instant Tone Up Delicate Rose with SPF 50PA++++ | Body Serum untuk Perlindungan Sinar UV | Mencerahkan Seketika & Melembapkan Kulit dengan 3% Niacinamide + Australian Super VC + Ceramide + HA,Beauty,Beauty,LVJ BODY CARE SERIES,117760,117760,40.0,40.0,8477,8477,14357,1000.0,1000.0,10000.0,56.38,Protect Hero SKU,Medium,Shop credibility score is 85%. | Historical sold-value proxy is at the 79% peer percentile. | Price is at the 78% country-category percentile.,Shop credibility score is 85%.,Historical sold-value proxy is at the 79% peer percentile.,Price is at the 78% country-category percentile.,id | Beauty; price pctl 78%; likes pctl 77%; sold-value pctl 79%
id,id,809769142,Glad2Glow Official Store,29490268069,"Glad2Glow Ultimate Moisturizing Face Wash,Low pH 5.5 Gentle Face Wash,facial wash pembersih wajah sabun cuci muka face wash skincare micellar water,Untuk kulit normal–kering,Hidrasi mendalam,Merawat skin barrier,G2G glad2glow officia store",Beauty,Beauty,SKINCARE,29000,29000,63.0,63.0,1614,1614,4098,915.0,915.0,10000.0,56.3,Maintain and Monitor,Medium,Price is at the 2% country-category percentile. | Shop credibility score is 87%. | Historical sold-value proxy is at the 79% peer percentile.,Price is at the 2% country-category percentile.,Shop credibility score is 87%.,Historical sold-value proxy is at the 79% peer percentile.,id | Beauty; price pctl 2%; likes pctl 54%; sold-value pctl 79%
id,id,809769142,Glad2Glow Official Store,56102197568,[NEW]Glad2glow Perfect Vita C Bright Glow Cleanser Vita C Cleanser 3in1 Brightening facial wash skincare face wash g2g,Beauty,Beauty,SKINCARE,30900,30900,69.0,69.0,1505,1505,4905,1000.0,1000.0,10000.0,56.23,Maintain and Monitor,Medium,Price is at the 3% country-category percentile. | Shop credibility score is 87%. | Displayed discount is at the 80% peer percentile.,Price is at the 3% country-category percentile.,Shop credibility score is 87%.,Displayed discount is at the 80% peer percentile.,id | Beauty; price pctl 3%; likes pctl 53%; sold-value pctl 79%
id,id,809769142,Glad2Glow Official Store,49506878130,[NEW LAUNCH]Glad2Glow PDRN5% Moisturizer Niacinamide 1% TXA Brightening Day Cream Pemutih Kulit Gloglowing Skincare  Serum glad2glow official store,Beauty,Beauty,SKINCARE,89500,89500,54.0,54.0,5691,5691,10055,1000.0,1000.0,10000.0,55.94,Maintain and Monitor,Medium,Shop credibility score is 87%. | Historical sold-value proxy is at the 79% peer percentile. | The listing belongs to an official shop.,Shop credibility score is 87%.,Historical sold-value proxy is at the 79% peer percentile.,The listing belongs to an official shop.,id | Beauty; price pctl 60%; likes pctl 73%; sold-value pctl 79%
id,id,809769142,Glad2Glow Official Store,28426633621,[SPOT-LIGHTENING] Glad2Glow 377 Dark Spot Concealer  bundle 4PCS Skincare Paket-SymWhite 377 Moisturizer+ 377 Serum+Cleanser +Niacinamide Day Cream Memperbaiki warna kulit kusam dan mencerahkan kulit G2G g2g officialstore,Beauty,Beauty,SKINCARE,79900,79900,60.0,60.0,3393,3393,16352,1000.0,1000.0,10000.0,55.85,Maintain and Monitor,Medium,Shop credibility score is 87%. | Historical sold-value proxy is at the 79% peer percentile. | The listing belongs to an official shop.,Shop credibility score is 87%.,Historical sold-value proxy is at the 79% peer percentile.,The listing belongs to an official shop.,id | Beauty; price pctl 54%; likes pctl 66%; sold-value pctl 79%
id,id,809769142,Glad2Glow Official Store,47902284839,GLAD2GLOW PERFECT VITA C BRIGHT GLOW MOISTURIZER vitamin c Mencerahkan Pemutih Kulit Gel Pelembab Bercahaya Krim Siang dan Malam Ekstrak Delima Asam Lemak Asam Delima Pelembab Esensi Wajah Perawatan g2glow official store,Beauty,Beauty,,48900,48900,55.0,55.0,1954,1954,5195,1000.0,1000.0,10000.0,55.84,Maintain and Monitor,Medium,Shop credibility score is 87%. | Historical sold-value proxy is at the 79% peer percentile. | Price is at the 24% country-category percentile.,Shop credibility score is 87%.,Historical sold-value proxy is at the 79% peer percentile.,Price is at the 24% country-category percentile.,id | Beauty; price pctl 24%; likes pctl 58%; sold-value pctl 79%
id,id,1112776376,Scora Official Store,50052128213,Scora Succinic Acid Hydra Calm Low pH Cleanser 100ml | Sabun Wajah Facial Wash Sabun Wajah Berjerawat Acne Gentle Scora Official Store,Beauty,Beauty,,37950,37950,50.0,50.0,1865,1865,5394,1000.0,1000.0,10000.0,55.82,Maintain and Monitor,Medium,Price is at the 9% country-category percentile. | Historical sold-value proxy is at the 79% peer percentile. | The listing belongs to an official shop.,Price is at the 9% country-category percentile.,Historical sold-value proxy is at the 79% peer percentile.,The listing belongs to an official shop.,id | Beauty; price pctl 9%; likes pctl 57%; sold-value pctl 79%
id,id,809769142,Glad2Glow Official Store,29430013001,Glad2Glow Cerah&Pulihkan Bundle all in 1 7in1 Glowing skincare Brightening Set-Pulihkan/Cerah Krim+ Serum+Pulihkan cleanser+Cerah Toner whitening Moisturizer facial wash glad2glow official store,Beauty,Beauty,SKINCARE,135280,135280,73.0,73.0,11028,11028,28561,1000.0,1000.0,10000.0,55.79,Protect Hero SKU,Medium,Shop credibility score is 87%. | Displayed discount is at the 84% peer percentile. | Price is at the 82% country-category percentile.,Shop credibility score is 87%.,Displayed discount is at the 84% peer percentile.,Price is at the 82% country-category percentile.,id | Beauty; price pctl 82%; likes pctl 80%; sold-value pctl 79%
id,id,809769142,Glad2Glow Official Store,44164974080,Glad2Glow Blueberry Moisturizer 100g 5% Ceramide Menjaga Skin Barrier  Mencerahkan wajah Menjaga kelembapan kulit Penyerapan cepat Pelembab wajah  perawatan kulit Perawatan g2glow official store,Beauty,Beauty,SKINCARE,100000,100000,50.0,50.0,4396,4396,15318,1000.0,1000.0,10000.0,55.69,Maintain and Monitor,Medium,Shop credibility score is 87%. | Historical sold-value proxy is at the 79% peer percentile. | The listing belongs to an official shop.,Shop credibility score is 87%.,Historical sold-value proxy is at the 79% peer percentile.,The listing belongs to an official shop.,id | Beauty; price pctl 68%; likes pctl 69%; sold-value pctl 79%
id,id,779266191,lavojoy Official Shop,18192931091,[HAIR CARE BUNDLE] Lavojoy Shampoo + Conditioner | Perawatan Rambut Rontok | Rambut Lepek | Anti Ketombe | Lembut Bervolume | Rambut Halus | Mengurangi Rambut Berminyak | Menutrisi Rambut | Mengurangi Gatal Kulit Kepala,Beauty,Beauty,LVJ HAIR CARE SERIES,182160,182160,39.0,39.0,13514,13514,12781,540.0,540.0,10000.0,55.65,Protect Hero SKU,Medium,Price is at the 91% country-category percentile. | Shop credibility score is 85%. | Likes are at the 82% peer percentile.,Price is at the 91% country-category percentile.,Shop credibility score is 85%.,Likes are at the 82% peer percentile.,id | Beauty; price pctl 91%; likes pctl 82%; sold-value pctl 79%
id,id,809769142,Glad2Glow Official Store,50406870682,[NEW] GLAD2GLOW PDRN BRIGHTENING SERUM PDRN 10% NIACINAMIDE 3% TXA  SERUM Mencerahkan Wajah Serum Glow Bomb,Beauty,Beauty,SKINCARE,89500,89500,55.0,55.0,5350,5350,10608,1000.0,1000.0,10000.0,55.65,Maintain and Monitor,Medium,Shop credibility score is 87%. | Historical sold-value proxy is at the 79% peer percentile. | The listing belongs to an official shop.,Shop credibility score is 87%.,Historical sold-value proxy is at the 79% peer percentile.,The listing belongs to an official shop.,id | Beauty; price pctl 60%; likes pctl 71%; sold-value pctl 79%
id,id,809769142,Glad2Glow Official Store,28030007092,[Set Eksfoliasi]Glad2Glow Kulit Halus Bundle all in 1 - 2/3/4/5 PCS eksfoliasi wajah Skincare Set-Pulihkan/Cerah Krim+Peeling Solution+ Cleanser+Eksfoliasi Toner-peeling whitening Moisturizer facial wash Pelembab G2G glad2glow official store,Beauty,Beauty,SKINCARE,77400,77400,74.0,74.0,4135,4135,12893,1000.0,1000.0,10000.0,55.61,Maintain and Monitor,Medium,Shop credibility score is 87%. | Displayed discount is at the 85% peer percentile. | Historical sold-value proxy is at the 79% peer percentile.,Shop credibility score is 87%.,Displayed discount is at the 85% peer percentile.,Historical sold-value proxy is at the 79% peer percentile.,id | Beauty; price pctl 48%; likes pctl 68%; sold-value pctl 79%
id,id,1368540320, Cyeecare Official Store,40067607690,Cyeecare Facial Care Set Peeling Serum 20g + 5X Centella Soothing Cream 30g,Beauty,Beauty,Produk Terlaris,58900,58900,87.0,87.0,4763,4763,13064,185.0,185.0,10000.0,55.55,Maintain and Monitor,Medium,Displayed discount is at the 93% peer percentile. | Historical sold-value proxy is at the 79% peer percentile. | The listing belongs to an official shop.,Displayed discount is at the 93% peer percentile.,Historical sold-value proxy is at the 79% peer percentile.,The listing belongs to an official shop.,id | Beauty; price pctl 31%; likes pctl 70%; sold-value pctl 79%
id,id,809769142,Glad2Glow Official Store,44855098355,[Full Range Base Makeup G2G]Glad2Glow Perfect Cover Glow Cushion | Perfect Cover Cushion  | FlawLess Blurring Skin Tint | 2in1 Perfect Pair Cushion Powder |  Perfect Blurring Powder | Foundation,Beauty,Beauty,,100000,100000,37.0,37.0,5122,5122,7099,1000.0,1000.0,10000.0,55.52,Maintain and Monitor,Medium,Shop credibility score is 87%. | Displayed discount is at the 21% peer percentile. | Historical sold-value proxy is at the 79% peer percentile.,Shop credibility score is 87%.,Displayed discount is at the 21% peer percentile.,Historical sold-value proxy is at the 79% peer percentile.,id | Beauty; price pctl 68%; likes pctl 71%; sold-value pctl 79%
id,id,200048291,Prettywell Official Shop,21176662870,Prettywell CeraMON Barrier Moistfull Gel 100ML Melembabkan Wajah Memperbaiki Skin barrier Mengontrol Minyak dan Jerawat Kulit Sensitif All Skin Types,Beauty,Beauty,,109249,109249,0.0,0.0,7098,7098,7007,593.0,593.0,10000.0,55.51,Promotion Test Candidate,Medium,Displayed discount is at the 6% peer percentile. | Shop credibility score is 82%. | Historical sold-value proxy is at the 79% peer percentile.,Displayed discount is at the 6% peer percentile.,Shop credibility score is 82%.,Historical sold-value proxy is at the 79% peer percentile.,id | Beauty; price pctl 74%; likes pctl 75%; sold-value pctl 79%
id,id,809769142,Glad2Glow Official Store,40872286136,[OUTING SET]Glad2Glow  Niacinamide Tone Up Cream 4in1  cerah Moisturizer  day &Night Cream whitening cream skincare glowing g2glow official store,Beauty,Beauty,SKINCARE,130055,130055,48.0,48.0,5367,5367,19239,1000.0,1000.0,10000.0,55.36,Protect Hero SKU,Medium,Shop credibility score is 87%. | Price is at the 81% country-category percentile. | Historical sold-value proxy is at the 79% peer percentile.,Shop credibility score is 87%.,Price is at the 81% country-category percentile.,Historical sold-value proxy is at the 79% peer percentile.,id | Beauty; price pctl 81%; likes pctl 72%; sold-value pctl 79%
id,id,809769142,Glad2Glow Official Store,29826448226,Glad2Glow Creamy Berry Overnight Bright Body Serum 300ml body lotion handbody aha whitening body serum body serum lotion handbody pemutih badan pemutih badan hb pemutih badan citra hand body brighty purbasari body serum slavina g2glow official store,Beauty,Beauty,SKINCARE,100000,100000,60.0,60.0,6349,6349,13453,1000.0,1000.0,10000.0,55.32,Maintain and Monitor,Medium,Shop credibility score is 87%. | Historical sold-value proxy is at the 79% peer percentile. | The listing belongs to an official shop.,Shop credibility score is 87%.,Historical sold-value proxy is at the 79% peer percentile.,The listing belongs to an official shop.,id | Beauty; price pctl 68%; likes pctl 73%; sold-value pctl 79%
id,id,1112776376,Scora Official Store,55060846998,[NEW LAUNCH] SCORA 5% D-Panthenol Barrier Water Gel Moisturizer With Cica 40Ml,Beauty,Beauty,,38900,38900,51.0,51.0,2243,2243,4029,1000.0,1000.0,10000.0,55.22,Maintain and Monitor,Medium,Price is at the 12% country-category percentile. | Historical sold-value proxy is at the 79% peer percentile. | The listing belongs to an official shop.,Price is at the 12% country-category percentile.,Historical sold-value proxy is at the 79% peer percentile.,The listing belongs to an official shop.,id | Beauty; price pctl 12%; likes pctl 60%; sold-value pctl 79%
id,id,1112776376,Scora Official Store,41357286968,[Hero] SCORA 5% Niacinamide Hydramoist Gel with Alpha Arbutin & Panthenol 45ML Mencerahkan Melembapkan Kulit,Beauty,Beauty,,39800,39800,49.0,49.0,1831,1831,4621,1000.0,1000.0,10000.0,55.11,Maintain and Monitor,Medium,Price is at the 15% country-category percentile. | Historical sold-value proxy is at the 79% peer percentile. | The listing belongs to an official shop.,Price is at the 15% country-category percentile.,Historical sold-value proxy is at the 79% peer percentile.,The listing belongs to an official shop.,id | Beauty; price pctl 15%; likes pctl 57%; sold-value pctl 79%
id,id,1112776376,Scora Official Store,44250862508,SCORA Bright Me Up Sunscreen 40 Gr 2 Pcs [TWINPACK],Beauty,Beauty,Special Day Banting Harga ✨💵,91578,91578,51.0,51.0,5098,5098,19590,1000.0,1000.0,10000.0,54.91,Protect Hero SKU,Medium,Historical sold-value proxy is at the 79% peer percentile. | The listing belongs to an official shop. | Likes are at the 71% peer percentile.,Historical sold-value proxy is at the 79% peer percentile.,The listing belongs to an official shop.,Likes are at the 71% peer percentile.,id | Beauty; price pctl 62%; likes pctl 71%; sold-value pctl 79%
id,id,809769142,Glad2Glow Official Store,55602023813,[NEW LAUNCH] Glad2Glow Perfect Cover Glow Cushion Refill - High Coverage&Glowing 12Jam g2g Official Store,Beauty,Beauty,,61000,61000,69.0,69.0,3232,3232,4229,1000.0,1000.0,10000.0,54.75,Maintain and Monitor,Medium,Shop credibility score is 87%. | Displayed discount is at the 80% peer percentile. | Historical sold-value proxy is at the 79% peer percentile.,Shop credibility score is 87%.,Displayed discount is at the 80% peer percentile.,Historical sold-value proxy is at the 79% peer percentile.,id | Beauty; price pctl 34%; likes pctl 66%; sold-value pctl 79%
id,id,809769142,Glad2Glow Official Store,48402536224,[TONE UP SET]Glad2Glow Niacinamide Brightening Tone Up Cream 4in1 bundle cerah Moisturizer  pemutih wajah day&Night Cream whitening cream skincare Mencerahkan warna kulit halus g2glow official store,Beauty,Beauty,,68875,68875,47.0,47.0,1647,1647,4682,1000.0,1000.0,10000.0,54.54,Maintain and Monitor,Medium,Shop credibility score is 87%. | Historical sold-value proxy is at the 79% peer percentile. | The listing belongs to an official shop.,Shop credibility score is 87%.,Historical sold-value proxy is at the 79% peer percentile.,The listing belongs to an official shop.,id | Beauty; price pctl 38%; likes pctl 55%; sold-value pctl 79%
id,id,809769142,Glad2Glow Official Store,48059253956,[NEW LAUNCH! ]Glad2Glow Lip Balm GLOWY TINT LIP BALM Melembapkan & Menghaluskan - Tekstur Ringan Tidak Lengket - 24H Color Lock - G2G Glad2glow official store,Beauty,Beauty,SKINCARE,79000,79000,56.0,56.0,6912,6912,3155,1000.0,1000.0,10000.0,54.46,Maintain and Monitor,Medium,Shop credibility score is 87%. | Historical sold-value proxy is at the 79% peer percentile. | The listing belongs to an official shop.,Shop credibility score is 87%.,Historical sold-value proxy is at the 79% peer percentile.,The listing belongs to an official shop.,id | Beauty; price pctl 51%; likes pctl 74%; sold-value pctl 79%
id,id,779266191,lavojoy Official Shop,27115384896,[BRIGHTENING SET] Lavojoy Let It Glow Body Serum Skin Brightening + Body Serum Instant Tone Up SPF 50 PA++++ Body Wash Skin Brightening Upgraded Version 3 in 1 Bundle Set | Mencerahkan dan Melembabkan kulit | Fresh dan Elegant,Beauty,Beauty,LVJ BODY CARE SERIES,140760,140760,44.0,44.0,7551,7551,7305,536.0,536.0,10000.0,54.33,Maintain and Monitor,Medium,Shop credibility score is 85%. | Price is at the 83% country-category percentile. | Historical sold-value proxy is at the 79% peer percentile.,Shop credibility score is 85%.,Price is at the 83% country-category percentile.,Historical sold-value proxy is at the 79% peer percentile.,id | Beauty; price pctl 83%; likes pctl 76%; sold-value pctl 79%
id,id,779266191,lavojoy Official Shop,29620337535,[LIVE] Lavojoy Hold Me Tight Pro Shampoo Spring Wonder Hair Fall Care | Hair Shampoo | Sampo Rambut | Shampoo Perawatan Rambut Rontok | Mempercepat Pertumbuhan Rambut | Mengurangi Kerontokkan | Sampo Ginseng & Jahe,Beauty,Beauty,LVJ HAIR CARE SERIES,100000,100000,36.0,36.0,2947,2947,7009,576.0,576.0,10000.0,54.29,Maintain and Monitor,Medium,Shop credibility score is 85%. | Displayed discount is at the 20% peer percentile. | Historical sold-value proxy is at the 79% peer percentile.,Shop credibility score is 85%.,Displayed discount is at the 20% peer percentile.,Historical sold-value proxy is at the 79% peer percentile.,id | Beauty; price pctl 68%; likes pctl 64%; sold-value pctl 79%
id,id,200048291,Prettywell Official Shop,18720054806,Prettywell Reset & Restart Versatile Oil Serum untuk Bekas Jerawat Menghilangkan Flek Hitam Meratakan Warna Kulit with Tamanu Oil Facial Oil Serum Luxurious,Beauty,Beauty,PROMO ❗,52138,52138,14.0,14.0,9857,9857,2784,163.0,163.0,8000.0,54.26,Maintain and Monitor,Medium,Displayed discount is at the 14% peer percentile. | Shop credibility score is 82%. | Likes are at the 78% peer percentile.,Displayed discount is at the 14% peer percentile.,Shop credibility score is 82%.,Likes are at the 78% peer percentile.,id | Beauty; price pctl 27%; likes pctl 78%; sold-value pctl 55%
id,id,809769142,Glad2Glow Official Store,43514974352,Glad2Glow Peach Retinol Moisturizer 100g Pelembab Anti Penuaan Penghalang Kulit Mencerahkan Flek Hitam Mengurangi kerutan mencerahkan warna kulit menghaluskan kulit mengecilkan pori-pori membesar g2glow official store,Beauty,Beauty,SKINCARE,108000,108000,46.0,46.0,3829,3829,7227,976.0,976.0,10000.0,54.05,Maintain and Monitor,Medium,Shop credibility score is 87%. | Historical sold-value proxy is at the 79% peer percentile. | The listing belongs to an official shop.,Shop credibility score is 87%.,Historical sold-value proxy is at the 79% peer percentile.,The listing belongs to an official shop.,id | Beauty; price pctl 73%; likes pctl 67%; sold-value pctl 79%
id,id,1368540320, Cyeecare Official Store,40118761850,Cyeecare Keratin Silky Fragrance Hair Mask Hair Care 150 Ml,Beauty,Beauty,Hair Mask,66900,66900,84.0,84.0,5598,5598,6254,1000.0,1000.0,10000.0,54.04,Maintain and Monitor,Medium,Displayed discount is at the 89% peer percentile. | Historical sold-value proxy is at the 79% peer percentile. | The listing belongs to an official shop.,Displayed discount is at the 89% peer percentile.,Historical sold-value proxy is at the 79% peer percentile.,The listing belongs to an official shop.,id | Beauty; price pctl 37%; likes pctl 73%; sold-value pctl 79%
id,id,809769142,Glad2Glow Official Store,58154516903,Glad2Glow B5 5% Panthenol 2% Niacinamide Barrier Boosting Gel Moisturizer 30ML/50ML Pro-Vitamin B5 Pelembap Skin Barrier Semua Jenis Kulit Redakan Kemerahan Jerawat Aman Untuk Jerawat Acne Brightening Hydration,Beauty,Beauty,,83900,83900,58.0,58.0,4354,4354,5588,1000.0,1000.0,10000.0,53.98,Maintain and Monitor,Medium,Shop credibility score is 87%. | Historical sold-value proxy is at the 79% peer percentile. | The listing belongs to an official shop.,Shop credibility score is 87%.,Historical sold-value proxy is at the 79% peer percentile.,The listing belongs to an official shop.,id | Beauty; price pctl 57%; likes pctl 68%; sold-value pctl 79%
id,id,809769142,Glad2Glow Official Store,26777568629,Glad2Glow Tremella Vita B5 Sensitive Calming Gel Cleanser facial wash skincare face wash sabun cuci muka cleansing balm exfoliating exfoliasi wajah sabun muka pembersih wajah Menenangkan kulit sensitif menghidrasi & menutrisi kulit g2glow official store,Beauty,Beauty,SKINCARE,107000,107000,46.0,46.0,2999,2999,7855,537.0,537.0,10000.0,53.94,Maintain and Monitor,Medium,Shop credibility score is 87%. | Historical sold-value proxy is at the 79% peer percentile. | The listing belongs to an official shop.,Shop credibility score is 87%.,Historical sold-value proxy is at the 79% peer percentile.,The listing belongs to an official shop.,id | Beauty; price pctl 72%; likes pctl 65%; sold-value pctl 79%
id,id,809769142,Glad2Glow Official Store,40619026889,[SET REPAIR&GLOWING]Glad2Glow Glowing&Sehat&Lembap Bundle 4in1-Blueberry Moisturizer+Cerah Krim+Brightening Serum+Pulihkan cleanser+eksfoliasi Toner-skincare Beauty Sets&Packages cream pemutih wajah facial wash eksfoliasi wajah peeling,Beauty,Beauty,SKINCARE,77400,77400,57.0,57.0,1681,1681,7213,730.0,730.0,10000.0,53.63,Maintain and Monitor,Medium,Shop credibility score is 87%. | Historical sold-value proxy is at the 79% peer percentile. | The listing belongs to an official shop.,Shop credibility score is 87%.,Historical sold-value proxy is at the 79% peer percentile.,The listing belongs to an official shop.,id | Beauty; price pctl 48%; likes pctl 56%; sold-value pctl 79%
id,id,1112776376,Scora Official Store,26888332624,[Hero] PAKET DOUBLE CERAH EFFORTLESS-SCORA Glow Tone Up Cream Series 30gr 2pcs,Beauty,Beauty,,63800,63800,53.0,53.0,2743,2743,4329,1000.0,1000.0,10000.0,53.49,Maintain and Monitor,Medium,Historical sold-value proxy is at the 79% peer percentile. | The listing belongs to an official shop. | Shop credibility score is 68%.,Historical sold-value proxy is at the 79% peer percentile.,The listing belongs to an official shop.,Shop credibility score is 68%.,id | Beauty; price pctl 35%; likes pctl 63%; sold-value pctl 79%
id,id,809769142,Glad2Glow Official Store,26341558563,Glad2Glow Acne Jerawat Bundle 4pcs paket Centella madeca cream-Moisturizer+Serum+Cleanser+Toner Skincare Centella Masker Menghilangkan Menenangkan kemerahan pada kulit Atur Minyak BerlebihMerawat Kulit g2glow official store acnaway,Beauty,Beauty,SKINCARE,77400,77400,61.0,61.0,2142,2142,6227,1000.0,1000.0,10000.0,53.46,Maintain and Monitor,Medium,Shop credibility score is 87%. | Historical sold-value proxy is at the 79% peer percentile. | The listing belongs to an official shop.,Shop credibility score is 87%.,Historical sold-value proxy is at the 79% peer percentile.,The listing belongs to an official shop.,id | Beauty; price pctl 48%; likes pctl 60%; sold-value pctl 79%
id,id,809769142,Glad2Glow Official Store,23457178413,Glad2Glow bundle 5in1 paket Skincare- Moisturizer+Serum+Cleanser+Toner+ Clay Stick- Face Wash  Glowing Kit Dark Spot Acne Kit Mencerahkan warna kulit Menghilangkan jerawat Anti penuaan Mencerahkan bintik hitam Beauty Sets & Packages g2glow official store,Beauty,Beauty,SKINCARE,187000,187000,63.0,63.0,9297,9297,16198,141.0,141.0,10000.0,53.4,Protect Hero SKU,Medium,Price is at the 92% country-category percentile. | Shop credibility score is 87%. | Historical sold-value proxy is at the 79% peer percentile.,Price is at the 92% country-category percentile.,Shop credibility score is 87%.,Historical sold-value proxy is at the 79% peer percentile.,id | Beauty; price pctl 92%; likes pctl 77%; sold-value pctl 79%
id,id,1112776376,Scora Official Store,45603015792,[Hero] Scora Succinic Acid Hydra Calm Low pH Cleanser 100ml | Sabun Wajah Facial Wash Sabun Wajah Berjerawat Acne Gentle Scora Official Store,Beauty,Beauty,,38800,38800,49.0,49.0,1218,1218,3112,1000.0,1000.0,10000.0,53.32,Maintain and Monitor,Medium,Price is at the 11% country-category percentile. | Historical sold-value proxy is at the 79% peer percentile. | The listing belongs to an official shop.,Price is at the 11% country-category percentile.,Historical sold-value proxy is at the 79% peer percentile.,The listing belongs to an official shop.,id | Beauty; price pctl 11%; likes pctl 48%; sold-value pctl 79%
id,id,779266191,lavojoy Official Shop,24251133314,[3IN1 BUNDLE] Lavojoy Hold Me Tight Pro Shampoo + Conditioner + Scalp Essence Spring Wonder | Perawatan Intensif untuk Rambut Rontok | Perawatan Rambut Rontok | Ginseng Ginger Caffeine | Hair Care Growth | Citric Acid,Beauty,Beauty,LVJ HAIR CARE SERIES,281520,281520,38.0,38.0,7226,7226,8229,293.0,293.0,10000.0,53.3,Maintain and Monitor,Medium,Price is at the 97% country-category percentile. | Shop credibility score is 85%. | Historical sold-value proxy is at the 79% peer percentile.,Price is at the 97% country-category percentile.,Shop credibility score is 85%.,Historical sold-value proxy is at the 79% peer percentile.,id | Beauty; price pctl 97%; likes pctl 75%; sold-value pctl 79%
id,id,809769142,Glad2Glow Official Store,55150606338,[Cocok Untuk Pemula] Glad2Glow Cerah Retinol Bundle 4in1-Brightening Moisturizer+Serum+Cleanser+toner Retinol  skincare paket pembersih perawatan kulit warna kulit pelembab wajah all in 1g2glow official store,Beauty,Beauty,SKINCARE,109900,109900,35.0,35.0,2669,2669,6830,1000.0,1000.0,10000.0,53.26,Maintain and Monitor,Medium,Shop credibility score is 87%. | Displayed discount is at the 19% peer percentile. | Historical sold-value proxy is at the 79% peer percentile.,Shop credibility score is 87%.,Displayed discount is at the 19% peer percentile.,Historical sold-value proxy is at the 79% peer percentile.,id | Beauty; price pctl 75%; likes pctl 62%; sold-value pctl 79%
id,id,1112776376,Scora Official Store,26529374700,PAKET MORNING BASIC SKINCARE-SCORA 5% Niacinamide Hydramoist Gel with Alpha Arbutin & Panthenol 45ML + SCORA Gentle Low pH Cleanser,Beauty,Beauty,,73900,73900,51.0,51.0,2057,2057,7676,1000.0,1000.0,10000.0,53.25,Maintain and Monitor,Medium,Historical sold-value proxy is at the 79% peer percentile. | The listing belongs to an official shop. | Shop credibility score is 68%.,Historical sold-value proxy is at the 79% peer percentile.,The listing belongs to an official shop.,Shop credibility score is 68%.,id | Beauty; price pctl 44%; likes pctl 58%; sold-value pctl 79%
id,id,1368540320, Cyeecare Official Store,27837446231,[PROMO] Cyeecare Intensive Peeling Solution Serum Eksfoliasi Wajah AHA BHA PHA Glass Skin Mencerahkan Anti Komedo Kulit Kusam 20g,Beauty,Beauty,,88000,88000,86.0,86.0,8327,8327,7283,1000.0,1000.0,10000.0,52.9,Maintain and Monitor,Medium,Displayed discount is at the 91% peer percentile. | Historical sold-value proxy is at the 79% peer percentile. | Likes are at the 77% peer percentile.,Displayed discount is at the 91% peer percentile.,Historical sold-value proxy is at the 79% peer percentile.,Likes are at the 77% peer percentile.,id | Beauty; price pctl 58%; likes pctl 77%; sold-value pctl 79%
id,id,1368540320, Cyeecare Official Store,29790939109,[PROMO] Cyeecare Hair Mask Keratin + Hyaluronic Acid Masker Rambut Creambath Treatment Perawatan Rambut Rusak Kering Rontok 150ml,Beauty,Beauty,,66900,66900,79.0,79.0,2985,2985,5711,388.0,388.0,10000.0,52.81,Maintain and Monitor,Medium,Displayed discount is at the 87% peer percentile. | Historical sold-value proxy is at the 79% peer percentile. | The listing belongs to an official shop.,Displayed discount is at the 87% peer percentile.,Historical sold-value proxy is at the 79% peer percentile.,The listing belongs to an official shop.,id | Beauty; price pctl 37%; likes pctl 65%; sold-value pctl 79%
id,id,1112776376,Scora Official Store,51300784899,[My Daily Glow Up Set] Scora Bright Me Up Sunscreen 40 Gr + SCORA Moisturizer Gel + SCORA Gentle Low pH Cleanser 100 ML + SCORA Toner 80 ML,Beauty,Beauty,,141500,141500,49.0,49.0,6449,6449,12301,1000.0,1000.0,10000.0,52.76,Maintain and Monitor,Medium,Price is at the 83% country-category percentile. | Historical sold-value proxy is at the 79% peer percentile. | The listing belongs to an official shop.,Price is at the 83% country-category percentile.,Historical sold-value proxy is at the 79% peer percentile.,The listing belongs to an official shop.,id | Beauty; price pctl 83%; likes pctl 74%; sold-value pctl 79%
id,id,430940247,Mooi Pure Glow Official Shop,24780819359,MOOI Triple Brightening Tone Up Booster Body Lotion (3pcs),Beauty,Beauty,Lotion,129700,129700,45.0,45.0,9827,9827,7617,816.0,816.0,10000.0,52.73,Maintain and Monitor,Medium,Price is at the 81% country-category percentile. | Historical sold-value proxy is at the 79% peer percentile. | Likes are at the 78% peer percentile.,Price is at the 81% country-category percentile.,Historical sold-value proxy is at the 79% peer percentile.,Likes are at the 78% peer percentile.,id | Beauty; price pctl 81%; likes pctl 78%; sold-value pctl 79%
id,id,809769142,Glad2Glow Official Store,42123681277,Glad2Glow 2lN1 VELVET MAKEUP SET-LOOSE POWDER+CUSHION Coverage Tinggi Second Skin Flawless Semi Matte Transferproof Tahan Lama instan Blurring Minyak Extract Air Blurry Technology,Beauty,Beauty,,155230,155230,48.0,48.0,4419,4419,6582,527.0,527.0,10000.0,52.58,Maintain and Monitor,Medium,Shop credibility score is 87%. | Price is at the 86% country-category percentile. | Historical sold-value proxy is at the 79% peer percentile.,Shop credibility score is 87%.,Price is at the 86% country-category percentile.,Historical sold-value proxy is at the 79% peer percentile.,id | Beauty; price pctl 86%; likes pctl 69%; sold-value pctl 79%
id,id,1112776376,Scora Official Store,43350865998,SCORA Bright Me Up Sunscreen 40 Gr + SCORA Gentle Low pH Cleanser 100ml,Beauty,Beauty,Bright Me Up ! Sunscreen SPF 40 PA ++++,79900,79900,55.0,55.0,2359,2359,8402,1000.0,1000.0,10000.0,52.56,Maintain and Monitor,Medium,Historical sold-value proxy is at the 79% peer percentile. | The listing belongs to an official shop. | Shop credibility score is 68%.,Historical sold-value proxy is at the 79% peer percentile.,The listing belongs to an official shop.,Shop credibility score is 68%.,id | Beauty; price pctl 54%; likes pctl 61%; sold-value pctl 79%
id,id,1368540320, Cyeecare Official Store,42717296336,Cyeecare Centella Asiatica Soothing Cream Plus Cica + Panthenol Menenangkan Kulit & Memperkuat Skin Barrier,Beauty,Beauty,Skin Care,59000,59000,61.0,61.0,672,672,18140,7.0,7.0,10000.0,52.25,Maintain and Monitor,Medium,Historical sold-value proxy is at the 79% peer percentile. | The listing belongs to an official shop. | Shop credibility score is 70%.,Historical sold-value proxy is at the 79% peer percentile.,The listing belongs to an official shop.,Shop credibility score is 70%.,id | Beauty; price pctl 32%; likes pctl 40%; sold-value pctl 79%
id,id,1112776376,Scora Official Store,49510914017,[NEW LAUNCH] Scora Hydra Calm Cica Soothing Moisturizer 40ml,Beauty,Beauty,,38900,38900,51.0,51.0,1256,1256,2100,1000.0,1000.0,10000.0,52.19,Maintain and Monitor,Medium,Price is at the 12% country-category percentile. | Historical sold-value proxy is at the 79% peer percentile. | The listing belongs to an official shop.,Price is at the 12% country-category percentile.,Historical sold-value proxy is at the 79% peer percentile.,The listing belongs to an official shop.,id | Beauty; price pctl 12%; likes pctl 49%; sold-value pctl 79%
id,id,1112776376,Scora Official Store,29986754514,RUMUS GLOWING MTS: SCORA Bright Me Up Sunscreen 40 Gr + SCORA Sheer Glow Tone Up Cream 30 ml + SCORA Moisturizer 40ml,Beauty,Beauty,Bright Me Up ! Sunscreen SPF 40 PA ++++,109600,109600,63.0,63.0,4908,4908,13701,1000.0,1000.0,10000.0,51.95,Maintain and Monitor,Medium,Historical sold-value proxy is at the 79% peer percentile. | The listing belongs to an official shop. | Price is at the 75% country-category percentile.,Historical sold-value proxy is at the 79% peer percentile.,The listing belongs to an official shop.,Price is at the 75% country-category percentile.,id | Beauty; price pctl 75%; likes pctl 70%; sold-value pctl 79%
id,id,200048291,Prettywell Official Shop,24391909325,Prettywell 3D Lipscreen SPF 38 IN VITRO Longlasting Glossy Stain Protect Lips & Blur Lip Wrinkles,Beauty,Beauty,PROMO ❗,67899,67899,7.0,7.0,11056,11056,1805,127.0,127.0,5000.0,51.74,Maintain and Monitor,Medium,Displayed discount is at the 13% peer percentile. | Shop credibility score is 82%. | Likes are at the 80% peer percentile.,Displayed discount is at the 13% peer percentile.,Shop credibility score is 82%.,Likes are at the 80% peer percentile.,id | Beauty; price pctl 37%; likes pctl 80%; sold-value pctl 50%
id,id,779266191,lavojoy Official Shop,27866702818,Lavojoy Keep It Chill Body Serum 180ml | Calm Down And Hydrate Skin | Body Lotion | Sensasi Dingin | Menenangkan Kulit | Memperkuat Skin Barrier | Ceramide + Centella Asiatica + Mint Extracts,Beauty,Beauty,LVJ BODY CARE SERIES,43000,43000,49.0,49.0,3146,3146,3045,423.0,423.0,8000.0,51.69,Maintain and Monitor,Medium,Shop credibility score is 85%. | Price is at the 18% country-category percentile. | The listing belongs to an official shop.,Shop credibility score is 85%.,Price is at the 18% country-category percentile.,The listing belongs to an official shop.,id | Beauty; price pctl 18%; likes pctl 66%; sold-value pctl 55%
id,id,1368540320, Cyeecare Official Store,56600897084,Cyeecare Silky Scented Hair Mask Smooth and Oil-controlling 150ml,Beauty,Beauty,Produk Terlaris,66900,66900,87.0,87.0,1288,1288,11217,417.0,417.0,10000.0,51.58,Maintain and Monitor,Medium,Displayed discount is at the 93% peer percentile. | Historical sold-value proxy is at the 79% peer percentile. | The listing belongs to an official shop.,Displayed discount is at the 93% peer percentile.,Historical sold-value proxy is at the 79% peer percentile.,The listing belongs to an official shop.,id | Beauty; price pctl 37%; likes pctl 50%; sold-value pctl 79%
id,id,1112776376,Scora Official Store,46456356622,SCORA Honey Glow Tone Up Cream 30 Gr [TWINPACK],Beauty,Beauty,,63800,63800,54.0,54.0,1675,1675,3258,1000.0,1000.0,10000.0,51.55,Maintain and Monitor,Medium,Historical sold-value proxy is at the 79% peer percentile. | The listing belongs to an official shop. | Shop credibility score is 68%.,Historical sold-value proxy is at the 79% peer percentile.,The listing belongs to an official shop.,Shop credibility score is 68%.,id | Beauty; price pctl 35%; likes pctl 55%; sold-value pctl 79%
id,id,1368540320, Cyeecare Official Store,26240939189,Cyeecare 5X Centella Soothing Cream 30g Moisturizer Wajah Pereda Kemerahan Perbaikan Skin Barrier Glowing Halus Ringan BPOM,Beauty,Beauty,,59000,59000,90.0,90.0,1592,1592,6529,24.0,24.0,10000.0,51.4,Maintain and Monitor,Medium,Displayed discount is at the 97% peer percentile. | Historical sold-value proxy is at the 79% peer percentile. | The listing belongs to an official shop.,Displayed discount is at the 97% peer percentile.,Historical sold-value proxy is at the 79% peer percentile.,The listing belongs to an official shop.,id | Beauty; price pctl 32%; likes pctl 54%; sold-value pctl 79%
id,id,809769142,Glad2Glow Official Store,24442098701,GLAD2GLOW Tremella Vita B5 Sensitive Calming Moisturizer | Gel Day & Night Cream Skincare g2g Pelembab Wajah Pemutih Wajah Mencerahkan g2glow official store,Beauty,Beauty,SKINCARE,132000,132000,56.0,56.0,3812,3812,5498,812.0,812.0,10000.0,51.36,Maintain and Monitor,Medium,Shop credibility score is 87%. | Price is at the 82% country-category percentile. | Historical sold-value proxy is at the 79% peer percentile.,Shop credibility score is 87%.,Price is at the 82% country-category percentile.,Historical sold-value proxy is at the 79% peer percentile.,id | Beauty; price pctl 82%; likes pctl 67%; sold-value pctl 79%
id,id,1112776376,Scora Official Store,27160418327,"2,5% D-PANTHENOL BARRIER SHIELD MOISTURIZER 40ml 2 PCS[TWINPACK]",Beauty,Beauty,Calming Agent,71800,71800,49.0,49.0,1316,1316,4063,1000.0,1000.0,10000.0,51.07,Maintain and Monitor,Medium,Historical sold-value proxy is at the 79% peer percentile. | The listing belongs to an official shop. | Shop credibility score is 68%.,Historical sold-value proxy is at the 79% peer percentile.,The listing belongs to an official shop.,Shop credibility score is 68%.,id | Beauty; price pctl 42%; likes pctl 50%; sold-value pctl 79%
id,id,809769142,Glad2Glow Official Store,40027368442,Glad2Glow Cerah Glowing Outing Bundle all in 1 7in1-Brightening Moisturizer+Serum+Cleanser+toner+Peeling solution+Retinol 10%Niacinamide skincare paket pembersih perawatan kulit mencerahkan warna kulit g2glow official store,Beauty,Beauty,,229805,229805,71.0,71.0,5560,5560,9965,1000.0,1000.0,10000.0,51.02,Maintain and Monitor,Medium,Price is at the 96% country-category percentile. | Shop credibility score is 87%. | Displayed discount is at the 83% peer percentile.,Price is at the 96% country-category percentile.,Shop credibility score is 87%.,Displayed discount is at the 83% peer percentile.,id | Beauty; price pctl 96%; likes pctl 72%; sold-value pctl 79%
id,id,1112776376,Scora Official Store,40057172138,[Live] SCORA Bright Me Up Sunscreen 40 Gr + SCORA Sheer Glow Tone Up Cream 30 mL,Beauty,Beauty,,74800,74800,54.0,54.0,1596,1596,4218,1000.0,1000.0,10000.0,50.82,Maintain and Monitor,Medium,Historical sold-value proxy is at the 79% peer percentile. | The listing belongs to an official shop. | Shop credibility score is 68%.,Historical sold-value proxy is at the 79% peer percentile.,The listing belongs to an official shop.,Shop credibility score is 68%.,id | Beauty; price pctl 46%; likes pctl 54%; sold-value pctl 79%
id,id,1368540320, Cyeecare Official Store,28770371035,Cyeecare Tri-Acid Arbutin Cleansing Gel Facial Wash Sabun Cuci Muka AHA BHA PHA Kulit Berminyak & Jerawat 120ml,Beauty,Beauty,,72900,72900,86.0,86.0,1698,1698,5793,632.0,632.0,10000.0,50.75,Maintain and Monitor,Medium,Displayed discount is at the 91% peer percentile. | Historical sold-value proxy is at the 79% peer percentile. | The listing belongs to an official shop.,Displayed discount is at the 91% peer percentile.,Historical sold-value proxy is at the 79% peer percentile.,The listing belongs to an official shop.,id | Beauty; price pctl 43%; likes pctl 56%; sold-value pctl 79%
id,id,859233628,He-Ji Official Store,24078859514,"[HE-JI] Tone Up Booster 100 ml - Brightening Body Booster Mengandung Niacinamide, Glutathione & Eriobotrya Japonica Extract I Lotion Tone Up Melembabkan, Mencerahkan & Menghaluskan Kulit - BPOM APPROVED",Beauty,Beauty,"Body Cream, Body Lotion & Body Butter",38122,38122,49.0,49.0,7062,7062,1909,323.0,323.0,5000.0,50.61,Maintain and Monitor,Medium,Price is at the 10% country-category percentile. | The listing belongs to an official shop. | Likes are at the 75% peer percentile.,Price is at the 10% country-category percentile.,The listing belongs to an official shop.,Likes are at the 75% peer percentile.,id | Beauty; price pctl 10%; likes pctl 75%; sold-value pctl 50%
id,id,809769142,Glad2Glow Official Store,43375172010,"Glad2glow Set Deep Cleaning& Repair 3lN1,Deep Pore Clean Facial Wash+Peeling Solution Serum+Blueberry 5% Ceramide Moisturizer,Pembersih Wajah Charcoa Volcanic Soil BHA Salicylic Acid,Eksfoliasi Wajah 60S Menghaluskan Kulit,Repair Barrier Pulihkan skincare",Beauty,Beauty,SKINCARE,116400,116400,42.0,42.0,1549,1549,4403,366.0,366.0,10000.0,50.52,Maintain and Monitor,Medium,Shop credibility score is 87%. | Historical sold-value proxy is at the 79% peer percentile. | Price is at the 77% country-category percentile.,Shop credibility score is 87%.,Historical sold-value proxy is at the 79% peer percentile.,Price is at the 77% country-category percentile.,id | Beauty; price pctl 77%; likes pctl 53%; sold-value pctl 79%
id,id,809769142,Glad2Glow Official Store,24742813269,[Hemat 60%]Glad2Glow Facial Wash all Series-Low PH Gel Centella Mencerahkan Pencerah Wajah Anti Jerawat Penuaan Hilangkan Flek & Tenangkan face wash Pembersih Wajah Membersihkan kotoran dan minyak Menjaga pelindung kulit Mengobati Cleanser,Beauty,Beauty,SKINCARE,173400,173400,57.0,57.0,2140,2140,7704,1000.0,1000.0,10000.0,50.35,Maintain and Monitor,Medium,Price is at the 89% country-category percentile. | Shop credibility score is 87%. | Historical sold-value proxy is at the 79% peer percentile.,Price is at the 89% country-category percentile.,Shop credibility score is 87%.,Historical sold-value proxy is at the 79% peer percentile.,id | Beauty; price pctl 89%; likes pctl 60%; sold-value pctl 79%
id,id,809769142,Glad2Glow Official Store,56205985876,Glad2Glow Perfect Cover Cushion Foundation High coverage&Tahan Lama Hingga 12 Jam g2g official store,Beauty,Beauty,,155000,155000,48.0,48.0,2162,2162,3764,152.0,152.0,10000.0,50.08,Maintain and Monitor,Medium,Shop credibility score is 87%. | Price is at the 85% country-category percentile. | Historical sold-value proxy is at the 79% peer percentile.,Shop credibility score is 87%.,Price is at the 85% country-category percentile.,Historical sold-value proxy is at the 79% peer percentile.,id | Beauty; price pctl 85%; likes pctl 60%; sold-value pctl 79%
id,id,809769142,Glad2Glow Official Store,40074160523,[NEW LAUNCH]Glad2Glow All IN ONE MAKEUP REMOVER Untuk Semua Kulit Lembut cleansing oil Micellar water Penghapus Makeup Waterproof Hapus Riasan Tahan Air dengan dan Dual-Phase Makeup Melting Solution Tanpa Iritasi untuk Kulit Sensitif g2glow official store,Beauty,Beauty,MAKE UP,29000,29000,78.0,78.0,2102,2102,2387,1000.0,1000.0,9000.0,49.83,Maintain and Monitor,Medium,Price is at the 2% country-category percentile. | Shop credibility score is 87%. | Displayed discount is at the 86% peer percentile.,Price is at the 2% country-category percentile.,Shop credibility score is 87%.,Displayed discount is at the 86% peer percentile.,id | Beauty; price pctl 2%; likes pctl 59%; sold-value pctl 57%
id,id,809769142,Glad2Glow Official Store,44350293738,[Hemat 8PCS]Glad2Glow Moisturizer Series Mencerahkan Pencerah Wajah Anti Jerawat Penuaan Hilangkan Flek Tenangkan Kulit Niacinamide 377 Retinol Centella Skincare Pelembab Esensi Perawatan Kulit Pelembab Pembersih day cream tone up g2glow official store,Beauty,Beauty,,173400,173400,71.0,71.0,2119,2119,10048,1000.0,1000.0,10000.0,49.78,Maintain and Monitor,Medium,Price is at the 89% country-category percentile. | Shop credibility score is 87%. | Displayed discount is at the 83% peer percentile.,Price is at the 89% country-category percentile.,Shop credibility score is 87%.,Displayed discount is at the 83% peer percentile.,id | Beauty; price pctl 89%; likes pctl 59%; sold-value pctl 79%
id,id,1368540320, Cyeecare Official Store,43818386633,Cyeecare Tri-Acid Arbutin Cleansing Gel 120ml Brightening & Oil Control Mengontrol Minyak Mencerahkan Kulit,Beauty,Beauty,Skin Care,68900,68900,91.0,91.0,599,599,12450,18.0,18.0,10000.0,49.75,Maintain and Monitor,Medium,Displayed discount is at the 99% peer percentile. | Historical sold-value proxy is at the 79% peer percentile. | The listing belongs to an official shop.,Displayed discount is at the 99% peer percentile.,Historical sold-value proxy is at the 79% peer percentile.,The listing belongs to an official shop.,id | Beauty; price pctl 39%; likes pctl 38%; sold-value pctl 79%
id,id,1379527329,ZOICY Official Store,28720143774,[Masker Andalan Sandrina]  ZOICY Sheet Mask Hyaluronic Acid 5pcs 1 Box - Masker Wajah Mencerahkan Kulit | Whitening Essence Face Mask | Melembapkan | Mengencangkan | Menutrisi | Menenangkan | Anti-aging | Niacinamide | Salicylic Acid | Centella Purslane,Beauty,Beauty,Masker Wajah,68000,68000,50.0,50.0,5866,5866,2169,115.0,115.0,7000.0,49.6,Maintain and Monitor,Medium,Shop credibility score is 80%. | The listing belongs to an official shop. | Likes are at the 73% peer percentile.,Shop credibility score is 80%.,The listing belongs to an official shop.,Likes are at the 73% peer percentile.,id | Beauty; price pctl 38%; likes pctl 73%; sold-value pctl 53%
id,id,1112776376,Scora Official Store,42415729992,[Glowing Set] SCORA Bright Me Up Sunscreen 40 Gr + SCORA Gentle and Soothe Micellar Cleansing Water 100ML + Scora Sheer Glow Tone Up Cream 30 mL + SCORA Gentle Low pH Cleanser 100ml,Beauty,Beauty,,108400,108400,55.0,55.0,2353,2353,4526,539.0,539.0,10000.0,49.32,Maintain and Monitor,Medium,Historical sold-value proxy is at the 79% peer percentile. | The listing belongs to an official shop. | Price is at the 73% country-category percentile.,Historical sold-value proxy is at the 79% peer percentile.,The listing belongs to an official shop.,Price is at the 73% country-category percentile.,id | Beauty; price pctl 73%; likes pctl 61%; sold-value pctl 79%
id,id,1368540320, Cyeecare Official Store,41753991537,Cyeecare 3pcs paket Skincare Moisturizer+Serum+Cleanser Face Wash Glowing Kit Dark Spot,Beauty,Beauty,Produk Terlaris,109000,109000,90.0,90.0,2757,2757,6999,215.0,215.0,10000.0,48.91,Maintain and Monitor,Medium,Displayed discount is at the 97% peer percentile. | Historical sold-value proxy is at the 79% peer percentile. | The listing belongs to an official shop.,Displayed discount is at the 97% peer percentile.,Historical sold-value proxy is at the 79% peer percentile.,The listing belongs to an official shop.,id | Beauty; price pctl 74%; likes pctl 63%; sold-value pctl 79%
id,id,809769142,Glad2Glow Official Store,50653226025,[BUY 3 SAVE 10.5k!TRAVEL&TRIAL! ] Glad2Glow PORE CLEARING MICELLAR WATER&BRIGHTENING MICELLAR WATER Cepat Menghapus Makeup & Mencerahkan kulit Penghapus Makeup Waterproof Hapus Riasan Tahan dan Tanpa Iritasi g2glow official store,Beauty,Beauty,,33000,33000,63.0,63.0,1262,1262,2818,835.0,835.0,8000.0,48.56,Maintain and Monitor,Medium,Price is at the 4% country-category percentile. | Shop credibility score is 87%. | The listing belongs to an official shop.,Price is at the 4% country-category percentile.,Shop credibility score is 87%.,The listing belongs to an official shop.,id | Beauty; price pctl 4%; likes pctl 49%; sold-value pctl 55%
id,id,1112776376,Scora Official Store,24122148904,IRIT BEBAS KERING SCORA D-Panthenol Gentle Low pH Cleanser Sabun Cuci Muka Sensitive Skin Friendly [TwinPack 2 Pcs],Beauty,Beauty,,74900,74900,51.0,51.0,799,799,2949,1000.0,1000.0,10000.0,48.49,Maintain and Monitor,Medium,Historical sold-value proxy is at the 79% peer percentile. | The listing belongs to an official shop. | Shop credibility score is 68%.,Historical sold-value proxy is at the 79% peer percentile.,The listing belongs to an official shop.,Shop credibility score is 68%.,id | Beauty; price pctl 46%; likes pctl 42%; sold-value pctl 79%
id,id,1112776376,Scora Official Store,28929378442,"[Live] KULIT LEMBAP SEPANJANG HARI-SCORA 5% Niacinamide Hydramoist Gel with Alpha Arbutin & Panthenol 45ML + 2,5% D-PANTHENOL BARRIER SHIELD MOISTURIZER 40ml",Beauty,Beauty,,75272,75272,50.0,50.0,908,908,2447,1000.0,1000.0,10000.0,48.48,Maintain and Monitor,Medium,Historical sold-value proxy is at the 79% peer percentile. | The listing belongs to an official shop. | Shop credibility score is 68%.,Historical sold-value proxy is at the 79% peer percentile.,The listing belongs to an official shop.,Shop credibility score is 68%.,id | Beauty; price pctl 46%; likes pctl 44%; sold-value pctl 79%
id,id,1112776376,Scora Official Store,45202148898,5-Step Bundle: Scora Cleanser Series 100ml + Scora Toner Series 80 ml + Scora Serum Series 20ml + Scora Moisturizer series + Scora Sunscreen 40gr,Beauty,Beauty,,167400,167400,53.0,53.0,2682,2682,4498,1000.0,1000.0,10000.0,48.22,Maintain and Monitor,Medium,Price is at the 87% country-category percentile. | Historical sold-value proxy is at the 79% peer percentile. | The listing belongs to an official shop.,Price is at the 87% country-category percentile.,Historical sold-value proxy is at the 79% peer percentile.,The listing belongs to an official shop.,id | Beauty; price pctl 87%; likes pctl 63%; sold-value pctl 79%
id,id,809769142,Glad2Glow Official Store,49252294295,GLAD2GLOW PERFECT VITA C BRIGHT GLOW SERUM 17ml Antioksidan Ekstrak Tangerine  Serum Pencerah Kulit,Beauty,Beauty,,39000,39000,64.0,64.0,1165,1165,3511,908.0,908.0,9000.0,48.03,Maintain and Monitor,Medium,Shop credibility score is 87%. | Price is at the 14% country-category percentile. | Displayed discount is at the 76% peer percentile.,Shop credibility score is 87%.,Price is at the 14% country-category percentile.,Displayed discount is at the 76% peer percentile.,id | Beauty; price pctl 14%; likes pctl 48%; sold-value pctl 57%
id,id,809769142,Glad2Glow Official Store,43150301998,[Hemat 5PCS] Glad2Glow Serum Series - Brightening Mencerahkan Mengurangi Flek Menghaluskan Kulit Meratakan Warna Skincare Kulit Memudarkan Jerawat Niacinamide AHA BHA Centella 377 Perawatan Kulit Peeling Lembut Eksfoliasi Tidak Perih g2glow official store,Beauty,Beauty,,166000,166000,72.0,72.0,1699,1699,4330,623.0,623.0,10000.0,47.9,Maintain and Monitor,Medium,Shop credibility score is 87%. | Price is at the 87% country-category percentile. | Displayed discount is at the 84% peer percentile.,Shop credibility score is 87%.,Price is at the 87% country-category percentile.,Displayed discount is at the 84% peer percentile.,id | Beauty; price pctl 87%; likes pctl 56%; sold-value pctl 79%
id,id,809769142,Glad2Glow Official Store,44503289989,[ New Launch ] GLAD2GLOW NIACINAMIDE BODY SERUM BODY LOTION 10X Cerah Instant Absorb Whiten Tone Up All Day Bright Glow pemutih badan dengan parfum tahan lama Long Lasting Fragrance Handbody Body Cream Butter G2Glow Official Store,Beauty,Beauty,,38900,38900,60.0,60.0,1678,1678,2273,1000.0,1000.0,6000.0,47.88,Maintain and Monitor,Medium,Price is at the 12% country-category percentile. | Shop credibility score is 87%. | The listing belongs to an official shop.,Price is at the 12% country-category percentile.,Shop credibility score is 87%.,The listing belongs to an official shop.,id | Beauty; price pctl 12%; likes pctl 55%; sold-value pctl 52%
id,id,809769142,Glad2Glow Official Store,52806158940,[Big Size 300ml] Glad2Glow Retinol Bight Body Serum / Niacinamide Bright Body Serum 300ml Body Lotion HandBody Body Cream Pelembab Badan Tekstur Ringan Wangi Tahan Lama Long Lasting Body Moisturizer Perfume,Beauty,Beauty,,57900,57900,55.0,55.0,2081,2081,2453,1000.0,1000.0,7000.0,47.83,Maintain and Monitor,Medium,Shop credibility score is 87%. | The listing belongs to an official shop. | Price is at the 28% country-category percentile.,Shop credibility score is 87%.,The listing belongs to an official shop.,Price is at the 28% country-category percentile.,id | Beauty; price pctl 28%; likes pctl 59%; sold-value pctl 53%
id,id,430940247,Mooi Pure Glow Official Shop,54562628499,FLASH SALE MOOI Collagen Drink with Zizania latifolia Extract - Minuman kolagen Glutathione Pencerah,Health,Health,,44900,44900,0.0,0.0,6,6,2,7.0,7.0,7.0,47.8,Maintain and Monitor,Medium,The listing belongs to an official shop. | Price is at the 25% country-category percentile. | Likes are at the 25% peer percentile.,The listing belongs to an official shop.,Price is at the 25% country-category percentile.,Likes are at the 25% peer percentile.,id | Health; price pctl 25%; likes pctl 25%; sold-value pctl 67%
id,id,809769142,Glad2Glow Official Store,54301642346,Glad2Glow 4 IN 1 Paket Makeup Flawless ： Flawless Blurring Skin TIint+Brightening Lip Serum 7g Mencerahkan Melembabkan 3in1 liptint+Perfect Blurring Powder Foundation waterproof setting two way cake+Brightening Micellar Water 230ml g2glow official store,Beauty,Beauty,,223000,223000,31.0,31.0,5422,5422,4109,858.0,858.0,9000.0,47.68,Maintain and Monitor,Medium,Price is at the 96% country-category percentile. | Shop credibility score is 87%. | Displayed discount is at the 17% peer percentile.,Price is at the 96% country-category percentile.,Shop credibility score is 87%.,Displayed discount is at the 17% peer percentile.,id | Beauty; price pctl 96%; likes pctl 72%; sold-value pctl 57%
id,id,809769142,Glad2Glow Official Store,54256127181,"[New! Limited Edition] Glad2Glow Perfect Cover Glow Cushion Charm - Foundation High Coverage Tahan 12 Jam & Tekstur Ringan, Minim Oksidasi - glad2glow Official Store",Beauty,Beauty,,100000,100000,50.0,50.0,4574,4574,2586,1000.0,1000.0,8000.0,47.37,Maintain and Monitor,Medium,Shop credibility score is 87%. | The listing belongs to an official shop. | Likes are at the 70% peer percentile.,Shop credibility score is 87%.,The listing belongs to an official shop.,Likes are at the 70% peer percentile.,id | Beauty; price pctl 68%; likes pctl 70%; sold-value pctl 55%
id,id,1368540320, Cyeecare Official Store,41754019654,Cyeecare Tone Up Cream Niacinamide & Arbutin Brightening Moisturizer 20g,Beauty,Beauty,,27900,27900,92.0,92.0,2997,2997,1548,1000.0,1000.0,4000.0,47.19,Maintain and Monitor,Medium,Displayed discount is at the 99% peer percentile. | Price is at the 1% country-category percentile. | The listing belongs to an official shop.,Displayed discount is at the 99% peer percentile.,Price is at the 1% country-category percentile.,The listing belongs to an official shop.,id | Beauty; price pctl 1%; likes pctl 65%; sold-value pctl 47%
id,id,430940247,Mooi Pure Glow Official Shop,24508692143,MOOIST Tone Up Booster - Moisturizer With UV Protection,Beauty,Beauty,,44900,44900,40.0,40.0,3809,3809,1507,120.0,120.0,4000.0,47.1,Maintain and Monitor,Medium,Price is at the 20% country-category percentile. | Displayed discount is at the 24% peer percentile. | The listing belongs to an official shop.,Price is at the 20% country-category percentile.,Displayed discount is at the 24% peer percentile.,The listing belongs to an official shop.,id | Beauty; price pctl 20%; likes pctl 67%; sold-value pctl 47%
id,id,809769142,Glad2Glow Official Store,40507001358,[Paket 5PCS]Glad2Glow Micellar Water 300ml cleansing oil cleansing balm micellar centella salycilic acid remover pembersih double cleansing pembersih make up make up remove cleanface facial wash Menghilangkan jerawat Penghapus riasan g2glow official store,Beauty,Beauty,MAKE UP,150000,150000,75.0,75.0,1454,1454,3637,1000.0,1000.0,10000.0,46.92,Maintain and Monitor,Medium,Shop credibility score is 87%. | Price is at the 85% country-category percentile. | Displayed discount is at the 85% peer percentile.,Shop credibility score is 87%.,Price is at the 85% country-category percentile.,Displayed discount is at the 85% peer percentile.,id | Beauty; price pctl 85%; likes pctl 51%; sold-value pctl 79%
id,id,809769142,Glad2Glow Official Store,55908771179,[HOT] Glad2Glow White Truffle Serum Spray 100ml |  12H Tahan Lama|Glass Skin Makeup Lock Mencerahkan Skin Prep  g2g Glad2Glow Official Store,Beauty,Beauty,,78900,78900,53.0,53.0,2314,2314,2405,1000.0,1000.0,7000.0,46.3,Maintain and Monitor,Medium,Shop credibility score is 87%. | The listing belongs to an official shop. | Likes are at the 61% peer percentile.,Shop credibility score is 87%.,The listing belongs to an official shop.,Likes are at the 61% peer percentile.,id | Beauty; price pctl 50%; likes pctl 61%; sold-value pctl 53%
id,id,779266191,lavojoy Official Shop,40455576600,"Lavojoy So So So Smooth Hair Oil 80ml  – Hair Oil Rambut Kering & Kusut, Melembutkan, Mengurangi Rambut Mengembang, Perlindungan Rambut Dari Panas Berlebih, Dengan 9 Natural Oils & Vitamin E",Beauty,Beauty,LVJ HAIR CARE SERIES,80100,80100,25.0,25.0,2392,2392,2052,344.0,344.0,5000.0,45.89,Maintain and Monitor,Medium,Shop credibility score is 85%. | Displayed discount is at the 15% peer percentile. | The listing belongs to an official shop.,Shop credibility score is 85%.,Displayed discount is at the 15% peer percentile.,The listing belongs to an official shop.,id | Beauty; price pctl 55%; likes pctl 62%; sold-value pctl 50%
id,id,809769142,Glad2Glow Official Store,40258704146,[SPECIAL DISCOUNT]GLAD2GLOW Tropical Velvet Moist & Smooth Hand Body Serum 300ml | Body Cream Body Lotion Menghidrasi Kulit Mencerahkan Dan Pemutih Tubuh Atasi Kulit Belang Brighty Body Care Whitening Skinvu body lotion glad2glow official store,Beauty,Beauty,,39000,39000,70.0,70.0,1161,1161,2278,850.0,850.0,6000.0,45.71,Maintain and Monitor,Medium,Shop credibility score is 87%. | Price is at the 14% country-category percentile. | Displayed discount is at the 81% peer percentile.,Shop credibility score is 87%.,Price is at the 14% country-category percentile.,Displayed discount is at the 81% peer percentile.,id | Beauty; price pctl 14%; likes pctl 48%; sold-value pctl 52%
id,id,809769142,Glad2Glow Official Store,25439085414,Glad2Glow Retinol Set All In 1 bundle paket Skincare-Moisturizer+Serum+Cleanser+Toner+ Clay Stick-peach moisturizer skin barrier Retinoid Memudarkan Garis Halus Memudarkan Kerutan Menghaluskan  merawat jerawat dan kemerahan g2glow official store,Beauty,Beauty,SKINCARE,120000,120000,60.0,60.0,3954,3954,3171,33.0,33.0,6000.0,45.41,Maintain and Monitor,Medium,Shop credibility score is 87%. | Price is at the 79% country-category percentile. | The listing belongs to an official shop.,Shop credibility score is 87%.,Price is at the 79% country-category percentile.,The listing belongs to an official shop.,id | Beauty; price pctl 79%; likes pctl 67%; sold-value pctl 52%
id,id,809769142,Glad2Glow Official Store,47806001969,[Ready Stock]Glad2Glow Perfect Cover Cushion Foundation Waterproof Make Up Setting Concealer BB Cream Tahan Lama Hingga 12 Jam Hasil Akhir Glowing Dan Menyatu Dengan Warna Kulit Tekstur Ringan Di Wajah g2glow official store,Beauty,Beauty,,78000,78000,61.0,61.0,2225,2225,2231,1000.0,1000.0,8000.0,45.41,Maintain and Monitor,Medium,Shop credibility score is 87%. | The listing belongs to an official shop. | Displayed discount is at the 69% peer percentile.,Shop credibility score is 87%.,The listing belongs to an official shop.,Displayed discount is at the 69% peer percentile.,id | Beauty; price pctl 49%; likes pctl 60%; sold-value pctl 55%
id,id,779266191,lavojoy Official Shop,25001036876,[BUNDLE] Lavojoy Hold Me Tight Pro Shampoo + Scalp Essence Spring Wonder 2in1 Bundle Set | Perawatan Rambut Rontok | Hair Essence | Memperkuat Akar Rambut | Perawatan Rambut Rontok Essence | Hair Tonic | Essence Ginseng & Jahe,Beauty,Beauty,LVJ HAIR CARE SERIES,197800,197800,37.0,37.0,2701,2701,4060,154.0,154.0,9000.0,45.08,Maintain and Monitor,Medium,Price is at the 93% country-category percentile. | Shop credibility score is 85%. | Displayed discount is at the 21% peer percentile.,Price is at the 93% country-category percentile.,Shop credibility score is 85%.,Displayed discount is at the 21% peer percentile.,id | Beauty; price pctl 93%; likes pctl 63%; sold-value pctl 57%
id,id,200048291,Prettywell Official Shop,23628781470,Prettywell Multitalented Hyalu Peptide Creamy Toner Wajah Menenangkan Kulit Menghidrasi Kulit Calming Essence Toner Soothing,Beauty,Beauty,SKINCARE,70150,70150,0.0,0.0,3020,3020,836,17.0,17.0,2000.0,45.04,Maintain and Monitor,Medium,Displayed discount is at the 6% peer percentile. | Shop credibility score is 82%. | The listing belongs to an official shop.,Displayed discount is at the 6% peer percentile.,Shop credibility score is 82%.,The listing belongs to an official shop.,id | Beauty; price pctl 41%; likes pctl 65%; sold-value pctl 40%
id,id,1368540320, Cyeecare Official Store,43868361582,[NEW]Cyeecare Essence Toner Toner Esensi Pelembap Lembut dengan Witch Hazel 80ml,Beauty,Beauty,Skin Care,27900,27900,99.0,99.0,386,386,4558,54.0,54.0,8000.0,44.77,Maintain and Monitor,Medium,Displayed discount is at the 100% peer percentile. | Price is at the 1% country-category percentile. | The listing belongs to an official shop.,Displayed discount is at the 100% peer percentile.,Price is at the 1% country-category percentile.,The listing belongs to an official shop.,id | Beauty; price pctl 1%; likes pctl 32%; sold-value pctl 55%
id,id,430940247,Mooi Pure Glow Official Shop,29219666255,MOOI Double Brightening Tone Up Booster Body Lotion (2 pcs),Beauty,Beauty,Lotion,89800,89800,44.0,44.0,2889,2889,2682,470.0,470.0,8000.0,44.77,Maintain and Monitor,Medium,The listing belongs to an official shop. | Displayed discount is at the 30% peer percentile. | Likes are at the 64% peer percentile.,The listing belongs to an official shop.,Displayed discount is at the 30% peer percentile.,Likes are at the 64% peer percentile.,id | Beauty; price pctl 60%; likes pctl 64%; sold-value pctl 55%
id,id,809769142,Glad2Glow Official Store,55705269616,[Cuma 50k/pc + Disc 20%]Glad2Glow FLAWLESS BLURRING SKIN TINT 30G Concealer Foundation Bedak padat Make up Lightweight Coverage Long-lasting 12-Hour Soft-Focus Flawless Skin oil-control Bio-Mimetic Film Technology Care g2glow official store,Beauty,Beauty,,58900,58900,41.0,41.0,1386,1386,1603,196.0,196.0,5000.0,44.76,Maintain and Monitor,Medium,Shop credibility score is 87%. | The listing belongs to an official shop. | Displayed discount is at the 26% peer percentile.,Shop credibility score is 87%.,The listing belongs to an official shop.,Displayed discount is at the 26% peer percentile.,id | Beauty; price pctl 31%; likes pctl 51%; sold-value pctl 50%
id,id,1368540320, Cyeecare Official Store,42804026578,Cyeecare Tone-Up Cream 20g + Niacinamide Peeling Solution Serum 20g,Beauty,Beauty,,72900,72900,80.0,80.0,1898,1898,3462,643.0,643.0,7000.0,44.56,Maintain and Monitor,Medium,Displayed discount is at the 87% peer percentile. | The listing belongs to an official shop. | Shop credibility score is 70%.,Displayed discount is at the 87% peer percentile.,The listing belongs to an official shop.,Shop credibility score is 70%.,id | Beauty; price pctl 43%; likes pctl 58%; sold-value pctl 53%
id,id,809769142,Glad2Glow Official Store,45500753312,[NEW LAUNCH] Glad2Glow FLAWLESS BLURRING SKIN TINT 30G+ BRIGHTENING LIP SERUM 7g Mencerahkan Melembabkan 3in1 liptint  Foundation Bedak padat Make up Lightweight Coverage Long-lasting 12-Hour Soft-Focus Flawless Skin oil-control g2glow official store,Beauty,Beauty,,103930,103930,65.0,65.0,2963,2963,2522,214.0,214.0,6000.0,44.45,Maintain and Monitor,Medium,Shop credibility score is 87%. | Displayed discount is at the 77% peer percentile. | The listing belongs to an official shop.,Shop credibility score is 87%.,Displayed discount is at the 77% peer percentile.,The listing belongs to an official shop.,id | Beauty; price pctl 71%; likes pctl 64%; sold-value pctl 52%
id,id,1368540320, Cyeecare Official Store,42118381673,Cyeecare 5X Centella Soothing Cream 30g Moisturizer Wajah Pereda Kemerahan Skin Barrier Pelembab Muka Sensitif Glowing Halus Ringan Day Night Cream,Beauty,Beauty,,58900,58900,87.0,87.0,1556,1556,3392,261.0,261.0,7000.0,44.36,Maintain and Monitor,Medium,Displayed discount is at the 93% peer percentile. | The listing belongs to an official shop. | Shop credibility score is 70%.,Displayed discount is at the 93% peer percentile.,The listing belongs to an official shop.,Shop credibility score is 70%.,id | Beauty; price pctl 31%; likes pctl 53%; sold-value pctl 53%
id,id,809769142,Glad2Glow Official Store,57552811859,Glad2Glow Madagascar Centella Light Cleansing Oil 200ml micellar water pembersih wajah Penghapus riasan lembut tanpa iritasi Menghapus riasan tahan air dengan cepat dan menyegarkan muka wajah g2glow official store,Beauty,Beauty,,69000,69000,65.0,65.0,1503,1503,2304,862.0,862.0,6000.0,44.24,Maintain and Monitor,Medium,Shop credibility score is 87%. | Displayed discount is at the 77% peer percentile. | The listing belongs to an official shop.,Shop credibility score is 87%.,Displayed discount is at the 77% peer percentile.,The listing belongs to an official shop.,id | Beauty; price pctl 40%; likes pctl 52%; sold-value pctl 52%
id,id,809769142,Glad2Glow Official Store,51450958596,Glad2Glow Day & Night Cleanser Set-Niacinamide Serum Facial Wash/Milk Amino Acid Gentle Cleanser/Volcanic Ash+BHA Deep Pore Clean Facial Cleanser/-Instant Glow Brightening facial wash skincare face wash sabun cuci muka Control Oil g2g official store,Beauty,Beauty,SKINCARE,72900,72900,63.0,63.0,1143,1143,3264,706.0,706.0,7000.0,44.09,Maintain and Monitor,Medium,Shop credibility score is 87%. | The listing belongs to an official shop. | Displayed discount is at the 74% peer percentile.,Shop credibility score is 87%.,The listing belongs to an official shop.,Displayed discount is at the 74% peer percentile.,id | Beauty; price pctl 43%; likes pctl 47%; sold-value pctl 53%
id,id,809769142,Glad2Glow Official Store,52610001656,[New Launch]Glad2Glow Perfect Airbrush Setting Spray 100ml - Kunci Makeup 12H Anti Luntur & Kontrol Minyak - Soft Matte Finish Anti Geser Waterproof & Sweatproof-glad2glow offical,Beauty,Beauty,💖NEW LAUNCH,69000,69000,50.0,50.0,1479,1479,1670,1000.0,1000.0,5000.0,43.85,Maintain and Monitor,Medium,Shop credibility score is 87%. | The listing belongs to an official shop. | Price is at the 40% country-category percentile.,Shop credibility score is 87%.,The listing belongs to an official shop.,Price is at the 40% country-category percentile.,id | Beauty; price pctl 40%; likes pctl 52%; sold-value pctl 50%
id,id,809769142,Glad2Glow Official Store,43079846216,"[New shades! ]Glad2Glow×GGBaby Special Edition BRIGHTENING LIP SERUM 7g Ready Stock! Mencerahkan, Melembabkan Bibir dengan Warna Natural | Lip tint&Lip care",Beauty,Beauty,,58900,58900,63.0,63.0,1349,1349,1661,1000.0,1000.0,5000.0,43.47,Maintain and Monitor,Medium,Shop credibility score is 87%. | The listing belongs to an official shop. | Displayed discount is at the 74% peer percentile.,Shop credibility score is 87%.,The listing belongs to an official shop.,Displayed discount is at the 74% peer percentile.,id | Beauty; price pctl 31%; likes pctl 51%; sold-value pctl 50%
id,id,809769142,Glad2Glow Official Store,52853506754,[NEW LAUNCH] Glad2Glow FLAWLESS Perfect Cushion+ Perfect Blurring Powder Foundation waterproof setting two way cake TWC Foundation Bedak padat Make up Lightweight Coverage Long-lasting 12-Hour Soft-Focus Flawless Skin oil-control g2glow official store,Beauty,Beauty,,118000,118000,47.0,47.0,1681,1681,2951,1000.0,1000.0,8000.0,43.38,Maintain and Monitor,Medium,Shop credibility score is 87%. | Price is at the 78% country-category percentile. | The listing belongs to an official shop.,Shop credibility score is 87%.,Price is at the 78% country-category percentile.,The listing belongs to an official shop.,id | Beauty; price pctl 78%; likes pctl 56%; sold-value pctl 55%
id,id,809769142,Glad2Glow Official Store,45502579334,"[Free Gift]Glad2Glow 8 IN 1 Super Glow Niacinamide Skincare & Makeup Paket: Brightening Micellar Water 130ml + Moisturizer+Toner+Serum+Niacinamide Cleanser+Flawless Cushion+Perfect Blurring Powder untuk Kulit Cerah, Glowing & Halus Sepanjang Hari",Beauty,Beauty,,360353,360353,54.0,54.0,2677,2677,3713,706.0,706.0,9000.0,43.36,Maintain and Monitor,Medium,Price is at the 99% country-category percentile. | Shop credibility score is 87%. | The listing belongs to an official shop.,Price is at the 99% country-category percentile.,Shop credibility score is 87%.,The listing belongs to an official shop.,id | Beauty; price pctl 99%; likes pctl 62%; sold-value pctl 57%
id,id,1368540320, Cyeecare Official Store,42418380245,Cyeecare Wajah Pemutih Wajah Serum Membantu Memudarkan Garis  Niacinamide&Squalane Brightening Serum 20g,Beauty,Beauty,Skin Care,34900,34900,88.0,88.0,1065,1065,2231,1000.0,1000.0,4000.0,43.32,Maintain and Monitor,Medium,Price is at the 5% country-category percentile. | Displayed discount is at the 94% peer percentile. | The listing belongs to an official shop.,Price is at the 5% country-category percentile.,Displayed discount is at the 94% peer percentile.,The listing belongs to an official shop.,id | Beauty; price pctl 5%; likes pctl 46%; sold-value pctl 47%
id,id,809769142,Glad2Glow Official Store,54800619577,[Cocok Untuk Pemula] Glad2Glow Tone up Set Cerah Glowing  Bundle 4in1-Brightening Moisturizer+Cleanser+day cream+Lip serum+10%Niacinamide skincare paket pembersih perawatan kulit mencerahkan warna kulit pelembab wajah all in 1g2glow official store,Beauty,Beauty,SKINCARE,100000,100000,22.0,22.0,1490,1490,2514,80.0,80.0,5000.0,43.14,Maintain and Monitor,Medium,Shop credibility score is 87%. | Displayed discount is at the 14% peer percentile. | The listing belongs to an official shop.,Shop credibility score is 87%.,Displayed discount is at the 14% peer percentile.,The listing belongs to an official shop.,id | Beauty; price pctl 68%; likes pctl 52%; sold-value pctl 50%
id,id,809769142,Glad2Glow Official Store,47505564185,[100ML save 30%]Glad2Glow Blueberry Ceramide Low pH Gel Cleanser 100ml Gentle skin Facial Wash oil control skincare  pembersih wajah sabun cuci muka face wash micellar water g2glow official store,Beauty,Beauty,,38000,38000,62.0,62.0,356,356,1740,1000.0,1000.0,5000.0,42.77,Maintain and Monitor,Medium,Price is at the 10% country-category percentile. | Shop credibility score is 87%. | The listing belongs to an official shop.,Price is at the 10% country-category percentile.,Shop credibility score is 87%.,The listing belongs to an official shop.,id | Beauty; price pctl 10%; likes pctl 31%; sold-value pctl 50%
id,id,697604885,ghaniskin,57353336093,Ghaniskin CC Body Lotion Tone Up - Fresh Green,Beauty,Beauty,"Body Cream, Body Lotion & Body Butter",79900,79900,27.0,27.0,4828,4828,1238,821.0,821.0,4000.0,42.57,Maintain and Monitor,Medium,Displayed discount is at the 16% peer percentile. | Likes are at the 70% peer percentile. | Engagement exceeds sold-value strength by 11%.,Displayed discount is at the 16% peer percentile.,Likes are at the 70% peer percentile.,Engagement exceeds sold-value strength by 11%.,id | Beauty; price pctl 54%; likes pctl 70%; sold-value pctl 47%
id,id,200048291,Prettywell Official Shop,22658820157,"Prettywell Lipscreen Ombre Package (2 pcs) Mengandung SPF 30+, Melembabkan bibir, Mencegah bibir gelap",Beauty,Beauty,LIPSCREEN,142120,142120,0.0,0.0,5489,5489,815,11.0,11.0,2000.0,42.41,Maintain and Monitor,Medium,Displayed discount is at the 6% peer percentile. | Price is at the 83% country-category percentile. | Shop credibility score is 82%.,Displayed discount is at the 6% peer percentile.,Price is at the 83% country-category percentile.,Shop credibility score is 82%.,id | Beauty; price pctl 83%; likes pctl 72%; sold-value pctl 40%
id,id,809769142,Glad2Glow Official Store,41078528259,[ FREE GIFT FOR 6/6! ]Dapatkan Hadiah Dengan Min. Pembelian 300RB,Beauty,Beauty,,300000,300000,0.0,0.0,55,55,3445,1000.0,1000.0,10000.0,42.41,Maintain and Monitor,Medium,Price is at the 97% country-category percentile. | Displayed discount is at the 6% peer percentile. | Shop credibility score is 87%.,Price is at the 97% country-category percentile.,Displayed discount is at the 6% peer percentile.,Shop credibility score is 87%.,id | Beauty; price pctl 97%; likes pctl 13%; sold-value pctl 79%
id,id,200048291,Prettywell Official Shop,23443173541,"READY STOCK Prettywell CeraMON Barrier Moistfull Gel 10ml | Melembabkan wajah, mengatasi masalah jerawat dan bruntusan serta memperkuat skinbarier",Beauty,Beauty,,42750,42750,0.0,0.0,1121,1121,766,45.0,45.0,2000.0,42.11,Maintain and Monitor,Medium,Displayed discount is at the 6% peer percentile. | Price is at the 18% country-category percentile. | Shop credibility score is 82%.,Displayed discount is at the 6% peer percentile.,Price is at the 18% country-category percentile.,Shop credibility score is 82%.,id | Beauty; price pctl 18%; likes pctl 47%; sold-value pctl 40%
id,id,809769142,Glad2Glow Official Store,40978051346,[JADI MEMBER! SETIAP SENIN DAPATKAN HARGA TERBAIK]Glad2Glow Cerah Glowing Bundle all in 1 7in1 Skincare Set-Brightening Moisturizer+Serum+Cleanser+toner+Peeling solution+Retinol+Niacinamide,Beauty,Beauty,Exclusive Member,77900,77900,0.0,0.0,1093,1093,1584,855.0,855.0,4000.0,42.07,Maintain and Monitor,Medium,Displayed discount is at the 6% peer percentile. | Shop credibility score is 87%. | The listing belongs to an official shop.,Displayed discount is at the 6% peer percentile.,Shop credibility score is 87%.,The listing belongs to an official shop.,id | Beauty; price pctl 49%; likes pctl 46%; sold-value pctl 47%
id,id,809769142,Glad2Glow Official Store,55201716278,"[NEW LAUNCH]Glad2Glow B12 All IN ONE MAKEUP REMOVER Untuk Semua Kulit Lembut cleansing oil&Micellar water 3:7 Tanpa Iritasi untuk Kulit Sensitif Diperkaya dengan Vitamin B12, Niacinamide, dan Vitamin E g2glow official store",Beauty,Beauty,MAKE UP,29000,29000,67.0,67.0,950,950,733,518.0,518.0,2000.0,42.01,Maintain and Monitor,Medium,Price is at the 2% country-category percentile. | Shop credibility score is 87%. | Displayed discount is at the 78% peer percentile.,Price is at the 2% country-category percentile.,Shop credibility score is 87%.,Displayed discount is at the 78% peer percentile.,id | Beauty; price pctl 2%; likes pctl 45%; sold-value pctl 40%
id,id,187405886,Alara Cosmetic Official Store,28058861346,"[BELI 2 GRATIS 1] Alodie Nourishing Balm | Solusi Kulit Bayi Sensitif, Kering , Mudah Iritasi, Eksim, Ruam, dan Gatal",Mom & Baby,Mom & Baby,On Sale,116400,116400,35.0,35.0,28,28,141,9.0,9.0,391.0,41.98,Maintain and Monitor,Medium,Price is at the 100% country-category percentile. | The listing belongs to an official shop. | Likes are at the 67% peer percentile.,Price is at the 100% country-category percentile.,The listing belongs to an official shop.,Likes are at the 67% peer percentile.,id | Mom & Baby; price pctl 100%; likes pctl 67%; sold-value pctl 67%
id,id,200048291,Prettywell Official Shop,28935499288,Prettywell Better Tune Up Lotion - Instant Brightening Whitening Tone Up Body Lotion Pemutih HB [Formulasi terbaik untuk kulit sawo matang],Beauty,Beauty,PROMO ❗,63292,63292,7.0,7.0,2428,2428,437,48.0,48.0,1000.0,41.8,Maintain and Monitor,Medium,Displayed discount is at the 13% peer percentile. | Shop credibility score is 82%. | The listing belongs to an official shop.,Displayed discount is at the 13% peer percentile.,Shop credibility score is 82%.,The listing belongs to an official shop.,id | Beauty; price pctl 34%; likes pctl 62%; sold-value pctl 33%
id,id,779266191,lavojoy Official Shop,23341118444,[2IN1 BUNDLE] Lavojoy Hold Me Tight Pro Shampoo + Conditioner Series | Perawatan Rambut Rontok| Rambut Lepek | Anti Ketombe | Lembut Bervolume | Rambut Halus | Mengurangi Rambut Berminyak | Menutrisi Rambut | Mengurangi Gatal Kulit Kepala,Beauty,Beauty,LVJ HAIR CARE SERIES,182160,182160,39.0,39.0,1639,1639,2821,58.0,58.0,7000.0,41.74,Maintain and Monitor,Medium,Price is at the 91% country-category percentile. | Shop credibility score is 85%. | Displayed discount is at the 23% peer percentile.,Price is at the 91% country-category percentile.,Shop credibility score is 85%.,Displayed discount is at the 23% peer percentile.,id | Beauty; price pctl 91%; likes pctl 54%; sold-value pctl 53%
id,id,809769142,Glad2Glow Official Store,57905983411,GLAD2GLOW B5-CICA BARRIER CREAM 30ml Pelembab Wajahdengan Pro Vitamin B5 Panthenol danCentella Asiatica Menenangkan &Memperkuat Kulit Kemerahan Sensitif KeringSkincare 3-in-1 Cream Meleleh Ringan TidakLengket Semua Jenis,Beauty,Beauty,,44900,44900,49.0,49.0,914,914,853,360.0,360.0,2000.0,41.51,Maintain and Monitor,Medium,Shop credibility score is 87%. | Price is at the 20% country-category percentile. | The listing belongs to an official shop.,Shop credibility score is 87%.,Price is at the 20% country-category percentile.,The listing belongs to an official shop.,id | Beauty; price pctl 20%; likes pctl 44%; sold-value pctl 40%
id,id,779266191,lavojoy Official Shop,25397748026,[BIGGER SIZE] Lavojoy Let it Glow Body Serum Orange Blossom 300ml | Body Serum Untuk Mencerahkan Dan Melembabkan Kulit Dengan Niacinamide + Ceramide + Vitamin E,Beauty,Beauty,LET IT GLOW,61200,61200,56.0,56.0,1077,1077,1344,587.0,587.0,3000.0,41.49,Maintain and Monitor,Medium,Shop credibility score is 85%. | The listing belongs to an official shop. | Price is at the 34% country-category percentile.,Shop credibility score is 85%.,The listing belongs to an official shop.,Price is at the 34% country-category percentile.,id | Beauty; price pctl 34%; likes pctl 46%; sold-value pctl 44%
id,id,859233628,He-Ji Official Store,22328349764,"[HE-JI] Bundle 2 in 1 Glowing Set Gel Mask with Sakura Extract & Rosses Secret Glow Serum - Perawatan Kulit Wajah Normal & Sensitif I Paket Skincare Cocok Untuk Menenangkan, Melembabkan & Mencerahkan Wajah - BPOM APPROVED",Beauty,Beauty,Paket & Set Kecantikan,38122,38122,46.0,46.0,1101,1101,1075,463.0,463.0,2000.0,41.47,Maintain and Monitor,Medium,Price is at the 10% country-category percentile. | The listing belongs to an official shop. | Displayed discount is at the 33% peer percentile.,Price is at the 10% country-category percentile.,The listing belongs to an official shop.,Displayed discount is at the 33% peer percentile.,id | Beauty; price pctl 10%; likes pctl 47%; sold-value pctl 40%
id,id,779266191,lavojoy Official Shop,47258961139,"[BARU] Lavojoy Let It Glow 10% Niacinamide Daylight Brightening Serum Gel Serene Blush | Ultra-light watery gel serum enriched |10% Niacinamide, Kakadu-Glutathione, and a blend of 10 Vita-Skinfood Extracts",Beauty,Beauty,,47520,47520,55.0,55.0,949,949,875,1000.0,1000.0,3000.0,41.43,Maintain and Monitor,Medium,Shop credibility score is 85%. | Price is at the 22% country-category percentile. | The listing belongs to an official shop.,Shop credibility score is 85%.,Price is at the 22% country-category percentile.,The listing belongs to an official shop.,id | Beauty; price pctl 22%; likes pctl 45%; sold-value pctl 44%
id,id,809769142,Glad2Glow Official Store,56803564499,[HOT!BUY 3 SAVE 10.5K!] Glad2Glow BRIGHTENING MICELLAR WATER Cepat Menghapus Makeup & Mencerahkan kulit Penghapus Makeup Waterproof Hapus Riasan Tahan dan Tanpa Iritasi g2glow official store,Beauty,Beauty,,38900,38900,61.0,61.0,417,417,1262,346.0,346.0,3000.0,41.21,Maintain and Monitor,Medium,Price is at the 12% country-category percentile. | Shop credibility score is 87%. | The listing belongs to an official shop.,Price is at the 12% country-category percentile.,Shop credibility score is 87%.,The listing belongs to an official shop.,id | Beauty; price pctl 12%; likes pctl 33%; sold-value pctl 44%
id,id,1368540320, Cyeecare Official Store,54952247520,Cyeecare Anti Rambut Rontok - Sampo Jahe untuk Pertumbuhan Rambut 150ml,Beauty,Beauty,Hair Care,35900,35900,88.0,88.0,1194,1194,952,997.0,997.0,2000.0,41.16,Maintain and Monitor,Medium,Displayed discount is at the 94% peer percentile. | Price is at the 6% country-category percentile. | The listing belongs to an official shop.,Displayed discount is at the 94% peer percentile.,Price is at the 6% country-category percentile.,The listing belongs to an official shop.,id | Beauty; price pctl 6%; likes pctl 48%; sold-value pctl 40%
id,id,809769142,Glad2Glow Official Store,54953271920,"[Beli 6, 31K/PC]GLAD2GLOW NIACINAMIDE/RETINOL BRIGHT BODY SERUM BODY LOTION 10X Cerah Instant Absorb Whiten Tone Up All Day Bright Glow pemutih badan dengan parfum tahan lama Long Lasting Fragrance Handbody Body Cream Butter G2Glow Official Store",Beauty,Beauty,,106400,106400,60.0,60.0,903,903,2255,1000.0,1000.0,9000.0,41.0,Maintain and Monitor,Medium,Shop credibility score is 87%. | The listing belongs to an official shop. | Price is at the 72% country-category percentile.,Shop credibility score is 87%.,The listing belongs to an official shop.,Price is at the 72% country-category percentile.,id | Beauty; price pctl 72%; likes pctl 44%; sold-value pctl 57%
id,id,1112776376,Scora Official Store,41126782175,4-Step Bundle: Scora Cleanser 100ml + Scora Toner Series 80 ml + Scora Serum Series 20ml + Scora Moisturizer series,Beauty,Beauty,,122500,122500,57.0,57.0,1900,1900,2608,1000.0,1000.0,7000.0,40.75,Maintain and Monitor,Medium,Price is at the 79% country-category percentile. | The listing belongs to an official shop. | Shop credibility score is 68%.,Price is at the 79% country-category percentile.,The listing belongs to an official shop.,Shop credibility score is 68%.,id | Beauty; price pctl 79%; likes pctl 58%; sold-value pctl 53%
id,id,200048291,Prettywell Official Shop,24852213455,(BUY MORE SAVE MORE) Prettywell CeraMON Barrier Moistfull Gel + FREE Exfoliating Toner Special Edition !,Beauty,Beauty,PROMO BUY MORE SAVE MORE,100000,100000,0.0,0.0,1159,1159,1874,36.0,36.0,5000.0,40.69,Maintain and Monitor,Medium,Displayed discount is at the 6% peer percentile. | Shop credibility score is 82%. | The listing belongs to an official shop.,Displayed discount is at the 6% peer percentile.,Shop credibility score is 82%.,The listing belongs to an official shop.,id | Beauty; price pctl 68%; likes pctl 47%; sold-value pctl 50%
id,id,779266191,lavojoy Official Shop,47506875118,"[NEW LAUNCH] lavojoy Flakes Off My Crown Selenium 2in1 Shampoo+Conditioner Autumn Breeze 200ml | Perawatan kulit kepala berketombe dengan Selenium Sulfide dalam 3 pilihan konsentrasi (0,2% | 0,6% | 1%) untuk kebutuhan berbeda",Beauty,Beauty,FLAKES OFF MY CROWN SELENIUM,72810,72810,37.0,37.0,1019,1019,997,1000.0,1000.0,3000.0,40.66,Maintain and Monitor,Medium,Shop credibility score is 85%. | Displayed discount is at the 21% peer percentile. | The listing belongs to an official shop.,Shop credibility score is 85%.,Displayed discount is at the 21% peer percentile.,The listing belongs to an official shop.,id | Beauty; price pctl 42%; likes pctl 46%; sold-value pctl 44%
id,id,1379527329,ZOICY Official Store,51752816901,[BUY 2 SAVE 10%] ZOICY Masker Wajah Mencerahkan 2Box 10pcs - Whitening Sheet Mask | Melembapkan | Mengencangkan | Menutrisi | Menenangkan | Anti Kerut | Glowing | Niacinamide | Hyaluronic Acid | Salicylic Acid | Witch Hazel | Extract Centella Purslane,Beauty,Beauty,Masker Wajah,66470,66470,43.0,43.0,1439,1439,765,497.0,497.0,2000.0,40.61,Maintain and Monitor,Medium,Shop credibility score is 80%. | The listing belongs to an official shop. | Displayed discount is at the 29% peer percentile.,Shop credibility score is 80%.,The listing belongs to an official shop.,Displayed discount is at the 29% peer percentile.,id | Beauty; price pctl 36%; likes pctl 51%; sold-value pctl 40%
id,id,1112776376,Scora Official Store,51202128731,3-Step Bundle: Scora Cleanser 100ml + Scora Toner Series 80 ml + Scora Serum Series 20ml,Beauty,Beauty,,91762,91762,54.0,54.0,1638,1638,2051,1000.0,1000.0,5000.0,40.44,Maintain and Monitor,Medium,The listing belongs to an official shop. | Shop credibility score is 68%. | Price is at the 62% country-category percentile.,The listing belongs to an official shop.,Shop credibility score is 68%.,Price is at the 62% country-category percentile.,id | Beauty; price pctl 62%; likes pctl 54%; sold-value pctl 50%
id,id,809769142,Glad2Glow Official Store,46810240565,Hot-Glad2Glow FLAWLESS BLURRING SKIN TINT 30G Concealer Foundation Bedak padat Make up Lightweight Coverage Long-lasting 12-Hour Soft-Focus Flawless Skin oil-control  Bio-Mimetic Film Technology  Care g2glow official store,Beauty,Beauty,,55000,55000,65.0,65.0,589,589,1019,1000.0,1000.0,4000.0,40.4,Maintain and Monitor,Medium,Shop credibility score is 87%. | Displayed discount is at the 77% peer percentile. | The listing belongs to an official shop.,Shop credibility score is 87%.,Displayed discount is at the 77% peer percentile.,The listing belongs to an official shop.,id | Beauty; price pctl 28%; likes pctl 38%; sold-value pctl 47%
id,id,809769142,Glad2Glow Official Store,44554737595,[BELI 7 DAPAT 9!] Glad2Glow Cerah Glowing Outing Bundle all in 1 10in1 Brightening Moisturizer+Serum+Tone Up Cream+Body Serum+Cleanser+Lip Care Serum+Retinol 10%Niacinamide skincare paket pembersih perawatan kulit mencerahkan warna kulit g2g official,Beauty,Beauty,,303050,303050,24.0,24.0,1671,1671,2206,858.0,858.0,5000.0,40.26,Maintain and Monitor,Medium,Price is at the 98% country-category percentile. | Shop credibility score is 87%. | Displayed discount is at the 15% peer percentile.,Price is at the 98% country-category percentile.,Shop credibility score is 87%.,Displayed discount is at the 15% peer percentile.,id | Beauty; price pctl 98%; likes pctl 55%; sold-value pctl 50%
id,id,200048291,Prettywell Official Shop,23818896819,"Prettywell Revitalize & Exfoliate Set [ Moisturizer 50 ML + Exfoliating Toner ] - Toner mencerahkan, membuat kulit lebih halus dan mengatasi masalah jerawat | menutrisi kulit secara optimal sehingga kulit tampak cerah",Beauty,Beauty,Bundle,128182,128182,13.0,13.0,1809,1809,1250,67.0,67.0,3000.0,40.19,Maintain and Monitor,Medium,Displayed discount is at the 13% peer percentile. | Shop credibility score is 82%. | Price is at the 80% country-category percentile.,Displayed discount is at the 13% peer percentile.,Shop credibility score is 82%.,Price is at the 80% country-category percentile.,id | Beauty; price pctl 80%; likes pctl 57%; sold-value pctl 44%
id,id,1368540320, Cyeecare Official Store,42303994190,Cyeecare Facial Cleanser Gentle Purifying Amino Acid & Salicylic Acid Facial Cleanser,Beauty,Beauty,Skin Care,34900,34900,90.0,90.0,530,530,1250,1000.0,1000.0,3000.0,40.06,Maintain and Monitor,Medium,Displayed discount is at the 97% peer percentile. | Price is at the 5% country-category percentile. | The listing belongs to an official shop.,Displayed discount is at the 97% peer percentile.,Price is at the 5% country-category percentile.,The listing belongs to an official shop.,id | Beauty; price pctl 5%; likes pctl 37%; sold-value pctl 44%
id,id,809769142,Glad2Glow Official Store,53257417325,"[100ML SAVE 30%]Glad2Glow Centella Salicylic Acid Acne Gel Cleanser facial wash pembersih wajah sabun cuci muka face wash skincare Menenangkan kulit berjerawat dan kemerahan,mengontrol minyak berlebih G2G glad2glow officia store",Beauty,Beauty,,39000,39000,61.0,61.0,167,167,1186,1000.0,1000.0,4000.0,39.73,Maintain and Monitor,Medium,Shop credibility score is 87%. | Price is at the 14% country-category percentile. | Likes are at the 22% peer percentile.,Shop credibility score is 87%.,Price is at the 14% country-category percentile.,Likes are at the 22% peer percentile.,id | Beauty; price pctl 14%; likes pctl 22%; sold-value pctl 47%
id,id,809769142,Glad2Glow Official Store,42328071723,[ Cocok Untuk Si Perfeksionis ]Glad2Glow Instant Glowing Bundle all in 1 7in1-Brightening Moisturizer+Serum+Cleanser+Body Serum+Retinol 10%Niacinamide skincare paket pembersih perawatan kulit mencerahkan warna kulit g2glow official store,Beauty,Beauty,,214605,214605,73.0,73.0,1315,1315,3460,1000.0,1000.0,8000.0,39.61,Maintain and Monitor,Medium,Price is at the 94% country-category percentile. | Shop credibility score is 87%. | Displayed discount is at the 84% peer percentile.,Price is at the 94% country-category percentile.,Shop credibility score is 87%.,Displayed discount is at the 84% peer percentile.,id | Beauty; price pctl 94%; likes pctl 50%; sold-value pctl 55%
id,id,809769142,Glad2Glow Official Store,44328247175,[JADI MEMBER! SETIAP SENIN DAPATKAN HARGA TERBAIK]Glad2Glow Cerah Glowing Bundle 4in1 Brightening,Beauty,Beauty,Exclusive Member,146500,146500,0.0,0.0,995,995,2024,268.0,268.0,5000.0,39.42,Maintain and Monitor,Medium,Displayed discount is at the 6% peer percentile. | Shop credibility score is 87%. | Price is at the 84% country-category percentile.,Displayed discount is at the 6% peer percentile.,Shop credibility score is 87%.,Price is at the 84% country-category percentile.,id | Beauty; price pctl 84%; likes pctl 45%; sold-value pctl 50%
id,id,809769142,Glad2Glow Official Store,56153897478,[Shade Spesial Kulit Gelap] Glad2Glow Flawless Blurring Skin Tint 30G | Foundation Concealer Ringan | Coverage Tinggi | 12-Hour Soft-Focus | Oil Control | Bio-Mimetic Film Technology | g2g Official Store,Beauty,Beauty,,55000,55000,44.0,44.0,752,752,697,259.0,259.0,2000.0,39.39,Maintain and Monitor,Medium,Shop credibility score is 87%. | The listing belongs to an official shop. | Price is at the 28% country-category percentile.,Shop credibility score is 87%.,The listing belongs to an official shop.,Price is at the 28% country-category percentile.,id | Beauty; price pctl 28%; likes pctl 41%; sold-value pctl 40%
id,id,779266191,lavojoy Official Shop,43824983854,[NEW LAUNCH] Lavojoy Let It Glow Body Scrub DELICATE ROSE 180ML | Body Scrub Untuk Mencerahkan & Meratakan Warna Kulit Dengan 3% Niacinamide + Australian Super VC | Dual-Action Exfoliation Menghasilkan Kulit Yang Lebih Halus Dan Lembut,Beauty,Beauty,LET IT GLOW,53910,53910,43.0,43.0,784,784,629,304.0,304.0,2000.0,39.29,Maintain and Monitor,Medium,Shop credibility score is 85%. | The listing belongs to an official shop. | Price is at the 28% country-category percentile.,Shop credibility score is 85%.,The listing belongs to an official shop.,Price is at the 28% country-category percentile.,id | Beauty; price pctl 28%; likes pctl 42%; sold-value pctl 40%
id,id,1368540320, Cyeecare Official Store,40004031932,"Cyeecare 5PCS Set Skincare Paket Brightening Moisturizer Facial Wash, Toner, Serum, Cream Paket Skincare",Beauty,Beauty,Skin Care,178000,178000,89.0,89.0,2133,2133,2607,491.0,491.0,5000.0,38.91,Maintain and Monitor,Medium,Displayed discount is at the 96% peer percentile. | Price is at the 90% country-category percentile. | The listing belongs to an official shop.,Displayed discount is at the 96% peer percentile.,Price is at the 90% country-category percentile.,The listing belongs to an official shop.,id | Beauty; price pctl 90%; likes pctl 59%; sold-value pctl 50%
id,id,809769142,Glad2Glow Official Store,57909001846,[ New Launch! ]GLAD2GLOW CLEAN IT ALL CLEANSING BALM 80g Cleansing oil | Micellar water|  Makeup remover- Hapus Makeup Lumer 1 Detik - Anti Kusam & Tanpa Perih -g2g official store,Beauty,Beauty,MAKE UP,79000,79000,39.0,39.0,1324,1324,574,976.0,976.0,2000.0,38.89,Maintain and Monitor,Medium,Shop credibility score is 87%. | Displayed discount is at the 23% peer percentile. | The listing belongs to an official shop.,Shop credibility score is 87%.,Displayed discount is at the 23% peer percentile.,The listing belongs to an official shop.,id | Beauty; price pctl 51%; likes pctl 50%; sold-value pctl 40%
id,id,1368540320, Cyeecare Official Store,43131681384,Cyeecare Ginger Serum Rambut 20g - Anti Rontok Penumbuh Rambut Menguatkan Akar & Menambah Volume,Beauty,Beauty,Ginger Hair Care Serum,38000,38000,90.0,90.0,756,756,859,1000.0,1000.0,2000.0,38.79,Maintain and Monitor,Medium,Displayed discount is at the 97% peer percentile. | Price is at the 10% country-category percentile. | The listing belongs to an official shop.,Displayed discount is at the 97% peer percentile.,Price is at the 10% country-category percentile.,The listing belongs to an official shop.,id | Beauty; price pctl 10%; likes pctl 41%; sold-value pctl 40%
id,id,1368540320, Cyeecare Official Store,40868766467,Cyeecare Set Eksfoliasi Aman: Peeling Serum 20g + Centella Cream 30g (Perbaiki Skin Barrier),Beauty,Beauty,,90000,90000,86.0,86.0,1460,1460,2007,150.0,150.0,4000.0,38.75,Maintain and Monitor,Medium,Displayed discount is at the 91% peer percentile. | The listing belongs to an official shop. | Shop credibility score is 70%.,Displayed discount is at the 91% peer percentile.,The listing belongs to an official shop.,Shop credibility score is 70%.,id | Beauty; price pctl 61%; likes pctl 52%; sold-value pctl 47%
id,id,809769142,Glad2Glow Official Store,46457066270,"Glad2Glow 2IN1 Glow Makeup Set:Base Makeup + Glow Serum Spray Perfect Cover Cushion Skin Tint : Cover Tinggi, Tahan 12 Jam All Day Hydration g2g Official Store",Beauty,Beauty,,128000,128000,68.0,68.0,1196,1196,1875,1000.0,1000.0,5000.0,38.25,Maintain and Monitor,Medium,Shop credibility score is 87%. | Price is at the 80% country-category percentile. | Displayed discount is at the 79% peer percentile.,Shop credibility score is 87%.,Price is at the 80% country-category percentile.,Displayed discount is at the 79% peer percentile.,id | Beauty; price pctl 80%; likes pctl 48%; sold-value pctl 50%
id,id,430940247,Mooi Pure Glow Official Shop,45110834757,MOOI Collagen Drink DAPAT 2 with Zizania latifolia Extract - Minuman kolagen Glutathione Pencerah,Health,Health,,79800,79800,69.0,69.0,9,9,0,,,,38.14,Maintain and Monitor,Medium,The listing belongs to an official shop. | Shop credibility score is 64%. | Price is at the 50% country-category percentile.,The listing belongs to an official shop.,Shop credibility score is 64%.,Price is at the 50% country-category percentile.,id | Health; price pctl 50%; likes pctl 50%; sold-value pctl 50%
id,id,779266191,lavojoy Official Shop,46658961924,[BARU] Lavojoy Let It Glow 10% Niacinamide Sunscreen Serum Gel SPF 50+ PA++++ Pear Frost & Freesi | Ultra-light watery gel sunscreen serum | 10% Niacinamide and Aloe-Ceramides | Perlindungan terhadap paparan sinar UV,Beauty,Beauty,,71100,71100,54.0,54.0,1246,1246,488,916.0,916.0,1000.0,37.7,Discount Efficiency Review,Medium,Shop credibility score is 85%. | The listing belongs to an official shop. | Historical sold-value proxy is at the 33% peer percentile.,Shop credibility score is 85%.,The listing belongs to an official shop.,Historical sold-value proxy is at the 33% peer percentile.,id | Beauty; price pctl 41%; likes pctl 49%; sold-value pctl 33%
id,id,430940247,Mooi Pure Glow Official Shop,45860846400,MOOI Collagen Drink DAPAT 3 with Zizania latifolia Extract - Minuman kolagen Glutathione Pencerah,Health,Health,,104700,104700,74.0,74.0,16,16,0,2.0,2.0,3.0,37.47,Conversion Opportunity,Medium,Price is at the 88% country-category percentile. | Displayed discount is at the 88% peer percentile. | The listing belongs to an official shop.,Price is at the 88% country-category percentile.,Displayed discount is at the 88% peer percentile.,The listing belongs to an official shop.,id | Health; price pctl 88%; likes pctl 75%; sold-value pctl 33%
id,id,809769142,Glad2Glow Official Store,51902826015,[New]Glad2Glow All Day Matte Setting Spray Make up Flawless | 12H Tahan Lama | Soft Matte Finish | Powder Shield Oil Control Tech | Kontrol Minyak | Skin tint & Lip serum Set | g2g Glad2Glow Official Store,Beauty,Beauty,,112955,112955,72.0,72.0,1507,1507,887,193.0,193.0,2000.0,37.26,Maintain and Monitor,Medium,Shop credibility score is 87%. | Displayed discount is at the 84% peer percentile. | Price is at the 76% country-category percentile.,Shop credibility score is 87%.,Displayed discount is at the 84% peer percentile.,Price is at the 76% country-category percentile.,id | Beauty; price pctl 76%; likes pctl 53%; sold-value pctl 40%
id,id,1379527329,ZOICY Official Store,58150107789,[2 IN 1]  [BPOM] ZOICY Tone Up Cream 40g - Glowing Day Cream | Instan Mencerahkan Kulit | Krim Tone-up dan Moisturizer 2-in-1 | Pemutih Melembapkan Wajah | Meratakan Warna Menyamarkan Melembabkan | Moisturizing | UV Protection | Niacinamide | Panthenol,Beauty,Beauty,,96000,96000,51.0,51.0,2041,2041,412,154.0,154.0,1000.0,36.91,Discount Efficiency Review,Medium,Shop credibility score is 80%. | The listing belongs to an official shop. | Historical sold-value proxy is at the 33% peer percentile.,Shop credibility score is 80%.,The listing belongs to an official shop.,Historical sold-value proxy is at the 33% peer percentile.,id | Beauty; price pctl 63%; likes pctl 58%; sold-value pctl 33%
id,id,1112776376,Scora Official Store,51052124106,6-Step Bundle: Scora Cleanser 100ml + Scora Toner Series 80 ml + Scora Serum Series 20ml + Scora Moisturizer series + Scora Bright Me Up Sunscreen 40gr + Scora Honey Glow Tone Up Cream 30 ml,Beauty,Beauty,,200300,200300,55.0,55.0,1491,1491,2115,1000.0,1000.0,5000.0,36.9,Maintain and Monitor,Medium,Price is at the 93% country-category percentile. | The listing belongs to an official shop. | Shop credibility score is 68%.,Price is at the 93% country-category percentile.,The listing belongs to an official shop.,Shop credibility score is 68%.,id | Beauty; price pctl 93%; likes pctl 52%; sold-value pctl 50%
id,id,809769142,Glad2Glow Official Store,27580011874,[SENSITIVE SET]Glad2Glow Bundle all in 1 Tremella Vita B5 Sensitive Calming Moisturizer+Peeling Solution+Glad2Glow  Gel Cleanser+Tremella Panthenol Sensitive Care Micellar Water g2glow official store,Beauty,Beauty,SKINCARE,90500,90500,70.0,70.0,947,947,947,51.0,51.0,2000.0,36.78,Maintain and Monitor,Medium,Shop credibility score is 87%. | Displayed discount is at the 81% peer percentile. | The listing belongs to an official shop.,Shop credibility score is 87%.,Displayed discount is at the 81% peer percentile.,The listing belongs to an official shop.,id | Beauty; price pctl 62%; likes pctl 45%; sold-value pctl 40%
id,id,809769142,Glad2Glow Official Store,55202206676,Glad2Glow Perfect Cover Glow Cushion 3in1 Set - Brightening serum& Coverage Tinggi & Glowing 12Jam g2g Official store,Beauty,Beauty,,165400,165400,59.0,59.0,979,979,1572,795.0,795.0,4000.0,36.47,Maintain and Monitor,Medium,Shop credibility score is 87%. | Price is at the 87% country-category percentile. | The listing belongs to an official shop.,Shop credibility score is 87%.,Price is at the 87% country-category percentile.,The listing belongs to an official shop.,id | Beauty; price pctl 87%; likes pctl 45%; sold-value pctl 47%
id,id,809769142,Glad2Glow Official Store,52150640468,[Cocok Untuk Pemula] Glad2Glow Acne&Cerah Set Glowing  Bundle 4in1-Brightening Moisturizer+Cleanser+Mugwort acne gel mask+10%Niacinamide skincare paket pembersih perawatan kulit mencerahkan warna kulit pelembab wajah all in 1g2glow official store,Beauty,Beauty,SKINCARE,78500,78500,21.0,21.0,370,370,824,149.0,149.0,2000.0,36.42,Maintain and Monitor,Medium,Shop credibility score is 87%. | Displayed discount is at the 14% peer percentile. | The listing belongs to an official shop.,Shop credibility score is 87%.,Displayed discount is at the 14% peer percentile.,The listing belongs to an official shop.,id | Beauty; price pctl 50%; likes pctl 31%; sold-value pctl 40%
id,id,809769142,Glad2Glow Official Store,53259701588,"[free gift]Glad2Glow Cherry Blossom Micellar Water 230ml, Kulit Lembap, Herry Blossom, Non Stripping",Beauty,Beauty,,33000,33000,63.0,63.0,278,278,470,1000.0,1000.0,1000.0,36.38,Discount Efficiency Review,Medium,Price is at the 4% country-category percentile. | Shop credibility score is 87%. | The listing belongs to an official shop.,Price is at the 4% country-category percentile.,Shop credibility score is 87%.,The listing belongs to an official shop.,id | Beauty; price pctl 4%; likes pctl 28%; sold-value pctl 33%
id,id,809769142,Glad2Glow Official Store,42723371159,Glad2Glow Kiwi 3D Acid Acne Moisturizer 100g Jerawat Mencerahkan Penuaan Hilangkan Flek & Tenangkan Kulit Skincare Pelembab Esensi Wajah Perawatan Kulit Pelembab Wajah g2glow official store,Beauty,Beauty,,100000,100000,50.0,50.0,407,407,1317,562.0,562.0,3000.0,36.24,Maintain and Monitor,Medium,Shop credibility score is 87%. | The listing belongs to an official shop. | Price is at the 68% country-category percentile.,Shop credibility score is 87%.,The listing belongs to an official shop.,Price is at the 68% country-category percentile.,id | Beauty; price pctl 68%; likes pctl 33%; sold-value pctl 44%
id,id,1379527329,ZOICY Official Store,24987588378,[Masker Rekomendasi Sandrina]  ZOICY Masker Mencerah Wajah 1pcs - Glowing Essence Sheet Mask | Masker Mencerahkan Kulit | Hyaluronic Acid Melembapkan | Mengencangkan | Menutrisi | Menenangkan | Niacinamide l Salicylic Acid | Witch Hazel |Centella,Beauty,Beauty,Masker Wajah,8000,8000,79.0,79.0,765,765,195,,,1000.0,36.23,Discount Efficiency Review,Medium,Price is at the 0% country-category percentile. | Displayed discount is at the 87% peer percentile. | Shop credibility score is 80%.,Price is at the 0% country-category percentile.,Displayed discount is at the 87% peer percentile.,Shop credibility score is 80%.,id | Beauty; price pctl 0%; likes pctl 41%; sold-value pctl 33%
id,id,809769142,Glad2Glow Official Store,43226040976,[NEW LAUNCH]Glad2Glow Natural Glowing Set Bundle 4in1-Brightening Moisturizer+Cleanser+lip serum+skin tint 10%Niacinamide skincare paket pembersih perawatan kulit mencerahkan warna kulit pelembab wajah all in 1g2glow official store,Beauty,Beauty,SKINCARE,100000,100000,33.0,33.0,783,783,831,17.0,17.0,1000.0,35.85,Maintain and Monitor,Medium,Shop credibility score is 87%. | Displayed discount is at the 18% peer percentile. | The listing belongs to an official shop.,Shop credibility score is 87%.,Displayed discount is at the 18% peer percentile.,The listing belongs to an official shop.,id | Beauty; price pctl 68%; likes pctl 42%; sold-value pctl 33%
id,id,1379527329,ZOICY Official Store,48306098958,[3 IN 1]  ZOICY Retinol PM Cream 50g | Anti-aging Moisturizer Night Cream | Anti-keriput Pelembab Wajah | Mengencangkan kulit | Elastis Kulit | Mencerahkan | Moisturizing | Repair Skin Barrier | Anti-photoaging | Panthenol,Beauty,Beauty,,168000,168000,43.0,43.0,1897,1897,588,699.0,699.0,1000.0,35.79,Maintain and Monitor,Medium,Price is at the 88% country-category percentile. | Shop credibility score is 80%. | The listing belongs to an official shop.,Price is at the 88% country-category percentile.,Shop credibility score is 80%.,The listing belongs to an official shop.,id | Beauty; price pctl 88%; likes pctl 57%; sold-value pctl 33%
id,id,809769142,Glad2Glow Official Store,57861978788,"Glad2Glow Niacinamide Serum Facial Wash Instant Glow 70g, Pencuci Wajah Brightening,Mencerahkan Pembersih Pori,Ceramide Ectoin Sakura,Untuk Kulit Kusam Berminyak Kulit Sensitif,Melembabkan,pembersih wajah,sabun cuci muka",Beauty,Beauty,,38900,38900,70.0,70.0,256,256,588,1000.0,1000.0,1000.0,35.7,Discount Efficiency Review,Medium,Price is at the 12% country-category percentile. | Shop credibility score is 87%. | Displayed discount is at the 81% peer percentile.,Price is at the 12% country-category percentile.,Shop credibility score is 87%.,Displayed discount is at the 81% peer percentile.,id | Beauty; price pctl 12%; likes pctl 27%; sold-value pctl 33%
id,id,200048291,Prettywell Official Shop,21524866550,Prettywell Glowing Kit [ CeraMon 50 ML Tube + Oil Serum] | Perfect combo untuk kulit tampak bersih dari bekas jerawat menjadi cerah dan bebas jerawat,Beauty,Beauty,Bundle,134373,134373,0.0,0.0,1251,1251,777,12.0,12.0,1000.0,35.69,Maintain and Monitor,Medium,Displayed discount is at the 6% peer percentile. | Shop credibility score is 82%. | Price is at the 82% country-category percentile.,Displayed discount is at the 6% peer percentile.,Shop credibility score is 82%.,Price is at the 82% country-category percentile.,id | Beauty; price pctl 82%; likes pctl 49%; sold-value pctl 33%
id,id,1112776376,Scora Official Store,44357287683,[Hero] SCORA Bright Me Up Sunscreen 40 Gr 2 Pcs,Beauty,Beauty,,88830,88830,52.0,52.0,408,408,792,1000.0,1000.0,5000.0,35.54,Maintain and Monitor,Medium,The listing belongs to an official shop. | Shop credibility score is 68%. | Likes are at the 33% peer percentile.,The listing belongs to an official shop.,Shop credibility score is 68%.,Likes are at the 33% peer percentile.,id | Beauty; price pctl 59%; likes pctl 33%; sold-value pctl 50%
id,id,809769142,Glad2Glow Official Store,42705013074,[KHUSUS MEMBER]GLAD2GLOW Mugwort Salicylic Acid Acne Clear Micellar Water 300ml For Acne-Prone Skin/Panthenol Sensitive Care Pembersih Wajah Make Up Remover Cleansing Water Dan Oil-Control Hydrating Jerawat Control  Makeup Waterproof g2glow official store,Beauty,Beauty,,48900,48900,51.0,51.0,290,290,610,285.0,285.0,1000.0,35.49,Discount Efficiency Review,Medium,Shop credibility score is 87%. | Price is at the 24% country-category percentile. | The listing belongs to an official shop.,Shop credibility score is 87%.,Price is at the 24% country-category percentile.,The listing belongs to an official shop.,id | Beauty; price pctl 24%; likes pctl 29%; sold-value pctl 33%
id,id,1368540320, Cyeecare Official Store,43317569775,Cyeecare Exfoliating Peeling Solution Serum 20g + Bright Pemutih Wajah Serum 20g,Beauty,Beauty,Paket Perawatan Kulit,79700,79700,89.0,89.0,680,680,1102,603.0,603.0,2000.0,34.96,Maintain and Monitor,Medium,Displayed discount is at the 96% peer percentile. | The listing belongs to an official shop. | Shop credibility score is 70%.,Displayed discount is at the 96% peer percentile.,The listing belongs to an official shop.,Shop credibility score is 70%.,id | Beauty; price pctl 52%; likes pctl 40%; sold-value pctl 40%
id,id,809769142,Glad2Glow Official Store,43426829042,[NEW]GLAD2GLOW PERFECT VITA C BRIGHT GLOW TONER G2G Toner 3in1 Function Bright Toner Kulit Tampak Cerah Brightening Even Skin Tone Hydrating Glad2Glow Official,Beauty,Beauty,,39000,39000,57.0,57.0,163,163,577,203.0,203.0,1000.0,34.84,Discount Efficiency Review,Medium,Shop credibility score is 87%. | Price is at the 14% country-category percentile. | Likes are at the 21% peer percentile.,Shop credibility score is 87%.,Price is at the 14% country-category percentile.,Likes are at the 21% peer percentile.,id | Beauty; price pctl 14%; likes pctl 21%; sold-value pctl 33%
id,id,809769142,Glad2Glow Official Store,45102580489,"[Travelling] Glad2Glow 4 in 1 Flawless Makeup Set, 2in1 Perfect Pair Cushion Powder Foundation + Brightening Lip Serum 7g Mencerahkan, Melembabkan + 3-in-1 Liptint + Brightening Micellar Water 230 mL g2glow official store",Beauty,Beauty,,201780,201780,33.0,33.0,817,817,1098,182.0,182.0,2000.0,34.8,Maintain and Monitor,Medium,Price is at the 94% country-category percentile. | Shop credibility score is 87%. | Displayed discount is at the 18% peer percentile.,Price is at the 94% country-category percentile.,Shop credibility score is 87%.,Displayed discount is at the 18% peer percentile.,id | Beauty; price pctl 94%; likes pctl 42%; sold-value pctl 40%
id,id,809769142,Glad2Glow Official Store,55460830635,"[NEW LAUNCH] All DAY GLOW SETTING SPRAY 100ml- Korean Glass Skin, Glowing Seharian, Anti-Luntur Sweat Proof & Transfer Proof, Formula Ringan Bebas Lengket Bebas Kusam-glad2glow offica",Beauty,Beauty,💖NEW LAUNCH,69000,69000,61.0,61.0,735,735,337,1000.0,1000.0,1000.0,34.65,Discount Efficiency Review,Medium,Shop credibility score is 87%. | The listing belongs to an official shop. | Displayed discount is at the 69% peer percentile.,Shop credibility score is 87%.,The listing belongs to an official shop.,Displayed discount is at the 69% peer percentile.,id | Beauty; price pctl 40%; likes pctl 40%; sold-value pctl 33%
id,id,1368540320, Cyeecare Official Store,29141311734,Cyeecare Paket Skincare 3 Pcs Glowing Kit Dark Spot Face Wash + Serum + Moisturizer,Beauty,Beauty,Skin Care,109000,109000,90.0,90.0,847,847,1665,152.0,152.0,3000.0,34.62,Maintain and Monitor,Medium,Displayed discount is at the 97% peer percentile. | The listing belongs to an official shop. | Price is at the 74% country-category percentile.,Displayed discount is at the 97% peer percentile.,The listing belongs to an official shop.,Price is at the 74% country-category percentile.,id | Beauty; price pctl 74%; likes pctl 43%; sold-value pctl 44%
id,id,809769142,Glad2Glow Official Store,41223358185,Glad2Glow Yuja Symwhite 377 Dark Spot Moisturizer 100g menghilangkan bekas jerawat brightening night cream day cream Hilangkan Flek & Tenangkan Kulit Skincare Pelembab Esensi Wajah Perawatan Kulit Pelembab g2g,Beauty,Beauty,,108900,108900,45.0,45.0,465,465,981,295.0,295.0,2000.0,34.61,Maintain and Monitor,Medium,Shop credibility score is 87%. | The listing belongs to an official shop. | Price is at the 74% country-category percentile.,Shop credibility score is 87%.,The listing belongs to an official shop.,Price is at the 74% country-category percentile.,id | Beauty; price pctl 74%; likes pctl 35%; sold-value pctl 40%
id,id,1368540320, Cyeecare Official Store,42867294514,Cyeecare 5X Centella Soothing Cream Gel Moisturizer Pelembab Pereda Kemerahan & Skin Barrier 30g,Beauty,Beauty,,59000,59000,87.0,87.0,497,497,778,1.0,1.0,1000.0,34.58,Discount Efficiency Review,Medium,Displayed discount is at the 93% peer percentile. | The listing belongs to an official shop. | Shop credibility score is 70%.,Displayed discount is at the 93% peer percentile.,The listing belongs to an official shop.,Shop credibility score is 70%.,id | Beauty; price pctl 32%; likes pctl 37%; sold-value pctl 33%
id,id,809769142,Glad2Glow Official Store,26888816475,[KHUSUS MEMBER]Glad2Glow Propolis Hyaluronic Acid Barrier Essence Toner badan face mist hydrating toner centella Toner eksfoliasi wajah glycocid acid glycolic acid Memperbaiki penghalang kulit Jaga kulit Anda G2G Toner g2glow official store,Beauty,Beauty,,37500,37500,63.0,63.0,165,165,369,11.0,11.0,1000.0,34.53,Discount Efficiency Review,Medium,Price is at the 8% country-category percentile. | Shop credibility score is 87%. | Likes are at the 22% peer percentile.,Price is at the 8% country-category percentile.,Shop credibility score is 87%.,Likes are at the 22% peer percentile.,id | Beauty; price pctl 8%; likes pctl 22%; sold-value pctl 33%
id,id,1368540320, Cyeecare Official Store,42168392064,Cyeecare Sabun Cuci Muka Amino Acid Gentle Cleanser - Pembersih Wajah Lembut Mencerahkan Komedo Kulit Berminyak Berjerawat,Beauty,Beauty,,34900,34900,86.0,86.0,337,337,484,39.0,39.0,1000.0,34.52,Discount Efficiency Review,Medium,Price is at the 5% country-category percentile. | Displayed discount is at the 91% peer percentile. | The listing belongs to an official shop.,Price is at the 5% country-category percentile.,Displayed discount is at the 91% peer percentile.,The listing belongs to an official shop.,id | Beauty; price pctl 5%; likes pctl 30%; sold-value pctl 33%
id,id,809769142,Glad2Glow Official Store,42870015565,[KHUSUS MEMBER]GLAD2GLOW Tremella Panthenol Sensitive Care Micellar Water-300ml,Beauty,Beauty,,39000,39000,61.0,61.0,183,183,446,480.0,480.0,1000.0,34.44,Discount Efficiency Review,Medium,Shop credibility score is 87%. | Price is at the 14% country-category percentile. | Likes are at the 23% peer percentile.,Shop credibility score is 87%.,Price is at the 14% country-category percentile.,Likes are at the 23% peer percentile.,id | Beauty; price pctl 14%; likes pctl 23%; sold-value pctl 33%
id,id,779266191,lavojoy Official Shop,44802217849,[NEW LAUNCH]  Lavojoy Repair Me Now Hair Mask Iris Garden 250ml | Halus & Berkilau Tanpa Lepek | Multi-Layering Repair With 3×Keratin + 3×Collagen + 15× Amino Complex + Argan + Macadamia Oil + Peptide Hydra-Repair,Beauty,Beauty,REPAIR ME NOW,81900,81900,42.0,42.0,496,496,336,1000.0,1000.0,2000.0,34.4,Maintain and Monitor,Medium,Shop credibility score is 85%. | The listing belongs to an official shop. | Displayed discount is at the 28% peer percentile.,Shop credibility score is 85%.,The listing belongs to an official shop.,Displayed discount is at the 28% peer percentile.,id | Beauty; price pctl 56%; likes pctl 36%; sold-value pctl 40%
id,id,809769142,Glad2Glow Official Store,46103531817,"[Free Gift+Extra Disc]Glad2Glow 8 IN 1 Super Glow Skincare & Makeup Set: Brightening Micellar Water+Moisturizer+Toner+Milk Cleanser+Peeling Serum+Flawless Skin Tint+Perfect Blurring Powder|Kulit Cerah, Glowing&Halus Sepanjang Hari",Beauty,Beauty,,315400,315400,37.0,37.0,872,872,945,135.0,135.0,2000.0,34.08,Maintain and Monitor,Medium,Price is at the 98% country-category percentile. | Shop credibility score is 87%. | Displayed discount is at the 21% peer percentile.,Price is at the 98% country-category percentile.,Shop credibility score is 87%.,Displayed discount is at the 21% peer percentile.,id | Beauty; price pctl 98%; likes pctl 43%; sold-value pctl 40%
id,id,1112776376,Scora Official Store,57153552258,4 Pcs Bundles: Scora Cleanser Series 100ml + Scora Toner Series 80 ml + Scora Serum Series 20ml + SCORA Bright Me Up Sunscreen 40 gr,Beauty,Beauty,,131500,131500,56.0,56.0,944,944,1133,527.0,527.0,3000.0,34.06,Maintain and Monitor,Medium,Price is at the 81% country-category percentile. | The listing belongs to an official shop. | Shop credibility score is 68%.,Price is at the 81% country-category percentile.,The listing belongs to an official shop.,Shop credibility score is 68%.,id | Beauty; price pctl 81%; likes pctl 44%; sold-value pctl 44%
id,id,1112776376,Scora Official Store,46406352766,[Glowing Set] SCORA Honey Glow Tone Up Cream 30 Gr + SCORA Bright Me Up Sunscreen 40 ml + SCORA Gentle Low pH Cleanser Series 100 ml,Beauty,Beauty,,112600,112600,54.0,54.0,547,547,1192,688.0,688.0,3000.0,33.83,Maintain and Monitor,Medium,Price is at the 76% country-category percentile. | The listing belongs to an official shop. | Shop credibility score is 68%.,Price is at the 76% country-category percentile.,The listing belongs to an official shop.,Shop credibility score is 68%.,id | Beauty; price pctl 76%; likes pctl 38%; sold-value pctl 44%
id,id,430940247,Mooi Pure Glow Official Shop,13891549078,SPECIAL LAUNCHING MOOI Gloowe Milky Serum - Serum Wajah Mencerahkan Mooi Pure Glow Skincare Korea Memudarkan Jerawat Kusam Laki-Laki Pencerah,Beauty,Beauty,Serum Wajah,79000,79000,0.0,0.0,882,882,451,207.0,207.0,1000.0,33.77,Maintain and Monitor,Medium,Displayed discount is at the 6% peer percentile. | The listing belongs to an official shop. | Historical sold-value proxy is at the 33% peer percentile.,Displayed discount is at the 6% peer percentile.,The listing belongs to an official shop.,Historical sold-value proxy is at the 33% peer percentile.,id | Beauty; price pctl 51%; likes pctl 43%; sold-value pctl 33%
id,id,1368540320, Cyeecare Official Store,24994496898,Cyeecare Paket Glowing Duo Eksfoliasi: Serum AHA + Cleanser Mencerahkan Kulit Kusam Kecilkan Pori-Pori,Beauty,Beauty,,104900,104900,82.0,82.0,755,755,1155,16.0,16.0,2000.0,33.55,Maintain and Monitor,Medium,Displayed discount is at the 88% peer percentile. | The listing belongs to an official shop. | Price is at the 71% country-category percentile.,Displayed discount is at the 88% peer percentile.,The listing belongs to an official shop.,Price is at the 71% country-category percentile.,id | Beauty; price pctl 71%; likes pctl 41%; sold-value pctl 40%
id,id,1368540320, Cyeecare Official Store,42004003284,Cyeecare Peeling Solution Serum 20g + Tone-Up Cream 20g,Beauty,Beauty,,72900,72900,85.0,85.0,471,471,793,94.0,94.0,1000.0,33.47,Discount Efficiency Review,Medium,Displayed discount is at the 90% peer percentile. | The listing belongs to an official shop. | Shop credibility score is 70%.,Displayed discount is at the 90% peer percentile.,The listing belongs to an official shop.,Shop credibility score is 70%.,id | Beauty; price pctl 43%; likes pctl 35%; sold-value pctl 33%
id,id,809769142,Glad2Glow Official Store,51904991108,[ Cocok Untuk Setelah Makeup 7in1 ]Glad2Glow Glow/Eksfoliasi/Vita C Make Up Remove Bundle Moisturizer+Serum+Cleanser+Micellar Water Peeling 10%Niacinamide skincare paket pembersih perawatan kulit mencerahkan warna kulit g2glow official store,Beauty,Beauty,,218500,218500,76.0,76.0,622,622,1536,572.0,572.0,3000.0,33.47,Maintain and Monitor,Medium,Price is at the 95% country-category percentile. | Shop credibility score is 87%. | Displayed discount is at the 86% peer percentile.,Price is at the 95% country-category percentile.,Shop credibility score is 87%.,Displayed discount is at the 86% peer percentile.,id | Beauty; price pctl 95%; likes pctl 39%; sold-value pctl 44%
id,id,1368540320, Cyeecare Official Store,29591058852,Cyeecare Gentle Hydrating Essence Toner Melembabkan kulit dengan lembut & Menghaluskan 80ml,Beauty,Beauty,,34900,34900,92.0,92.0,187,187,516,322.0,322.0,1000.0,33.47,Discount Efficiency Review,Medium,Displayed discount is at the 99% peer percentile. | Price is at the 5% country-category percentile. | Likes are at the 23% peer percentile.,Displayed discount is at the 99% peer percentile.,Price is at the 5% country-category percentile.,Likes are at the 23% peer percentile.,id | Beauty; price pctl 5%; likes pctl 23%; sold-value pctl 33%
id,id,200048291,Prettywell Official Shop,19624870891,Prettywell CeraMon Moisturizer 50 ML Tube - Melembabkan dan memperbaiki Skin barrier,Beauty,Beauty,Bundle,79750,79750,0.0,0.0,424,424,506,177.0,177.0,1000.0,33.4,Maintain and Monitor,Medium,Displayed discount is at the 6% peer percentile. | Shop credibility score is 82%. | The listing belongs to an official shop.,Displayed discount is at the 6% peer percentile.,Shop credibility score is 82%.,The listing belongs to an official shop.,id | Beauty; price pctl 52%; likes pctl 34%; sold-value pctl 33%
id,id,697604885,ghaniskin,50953327306,Ghaniskin CC Body Lotion Tone Up - Pink Blossom,Beauty,Beauty,"Body Cream, Body Lotion & Body Butter",79900,79900,27.0,27.0,1220,1220,539,217.0,217.0,1000.0,33.32,Maintain and Monitor,Medium,Displayed discount is at the 16% peer percentile. | Historical sold-value proxy is at the 33% peer percentile. | Engagement exceeds sold-value strength by 9%.,Displayed discount is at the 16% peer percentile.,Historical sold-value proxy is at the 33% peer percentile.,Engagement exceeds sold-value strength by 9%.,id | Beauty; price pctl 54%; likes pctl 49%; sold-value pctl 33%
id,id,430940247,Mooi Pure Glow Official Shop,40157150760,Triple MOOI Fragrance Hair And Body Mist (Mix All Variant),Beauty,Beauty,,36900,36900,39.0,39.0,373,373,290,8.0,8.0,999.0,33.29,Maintain and Monitor,Medium,Price is at the 7% country-category percentile. | Displayed discount is at the 23% peer percentile. | The listing belongs to an official shop.,Price is at the 7% country-category percentile.,Displayed discount is at the 23% peer percentile.,The listing belongs to an official shop.,id | Beauty; price pctl 7%; likes pctl 32%; sold-value pctl 29%
id,id,1368540320, Cyeecare Official Store,44100386393,Cyeecare Combo Hemat Set (3pcs Tone-Up Cream + 1pc Peeling Solution) ,Beauty,Beauty,,126000,126000,84.0,84.0,861,861,1137,106.0,106.0,2000.0,33.21,Maintain and Monitor,Medium,Displayed discount is at the 89% peer percentile. | Price is at the 79% country-category percentile. | The listing belongs to an official shop.,Displayed discount is at the 89% peer percentile.,Price is at the 79% country-category percentile.,The listing belongs to an official shop.,id | Beauty; price pctl 79%; likes pctl 43%; sold-value pctl 40%
id,id,809769142,Glad2Glow Official Store,44357002770,[Hemat 60%]Glad2Glow Toner Complete Series-Brightening/Acne care/Barrier/Exfoliating/hydrating-Skincare toner centella/glycolic toner wajah eksfoliasi water gloglowing exfoliasi g2glow official store,Beauty,Beauty,,172500,172500,65.0,65.0,360,360,992,434.0,434.0,4000.0,33.21,Maintain and Monitor,Medium,Price is at the 88% country-category percentile. | Shop credibility score is 87%. | Displayed discount is at the 77% peer percentile.,Price is at the 88% country-category percentile.,Shop credibility score is 87%.,Displayed discount is at the 77% peer percentile.,id | Beauty; price pctl 88%; likes pctl 31%; sold-value pctl 47%
id,id,1368540320, Cyeecare Official Store,43518766575,Cyeecare Tone-Up Cream Brightening Moisturizer Makeup Primer Base Cream 20g,Beauty,Beauty,,79800,79800,84.0,84.0,706,706,643,177.0,177.0,1000.0,33.11,Discount Efficiency Review,Medium,Displayed discount is at the 89% peer percentile. | The listing belongs to an official shop. | Shop credibility score is 70%.,Displayed discount is at the 89% peer percentile.,The listing belongs to an official shop.,Shop credibility score is 70%.,id | Beauty; price pctl 53%; likes pctl 40%; sold-value pctl 33%
id,id,809769142,Glad2Glow Official Store,43429510165,[100g NEW LAUNCH]Glad2Glow Advanced Mugwort Acne Gel Mask 100g Masker Wajah Masker Komedo dan Pori Pori Wajah Masker Mask Sleeping Mask Mugwort Hijau Gel Masker,Beauty,Beauty,,58000,58000,55.0,55.0,195,195,391,494.0,494.0,1000.0,33.1,Discount Efficiency Review,Medium,Shop credibility score is 87%. | Likes are at the 23% peer percentile. | The listing belongs to an official shop.,Shop credibility score is 87%.,Likes are at the 23% peer percentile.,The listing belongs to an official shop.,id | Beauty; price pctl 29%; likes pctl 23%; sold-value pctl 33%
id,id,200048291,Prettywell Official Shop,21693003871,(REJECT SALE PACKAGING ) Prettywell Product,Beauty,Beauty,,71775,71775,0.0,0.0,526,526,258,22.0,22.0,785.0,32.66,Maintain and Monitor,Medium,Displayed discount is at the 6% peer percentile. | Shop credibility score is 82%. | The listing belongs to an official shop.,Displayed discount is at the 6% peer percentile.,Shop credibility score is 82%.,The listing belongs to an official shop.,id | Beauty; price pctl 41%; likes pctl 37%; sold-value pctl 27%
id,id,859233628,He-Ji Official Store,22827368281,"[HE-JI] Bundle 2 in 1 - Glowing Set Sakura Gel Mask & Rosses Secret Glow Serum I Glowing Treatment Skincare For All Skin Type Untuk Hydrating, Brightening & Glowing Skin - UJI LAB SIG & BPOM APRROVED",Beauty,Beauty,Paket & Set Kecantikan,113532,113532,55.0,55.0,1090,1090,688,27.0,27.0,1000.0,32.43,Discount Efficiency Review,Medium,Price is at the 76% country-category percentile. | The listing belongs to an official shop. | Historical sold-value proxy is at the 33% peer percentile.,Price is at the 76% country-category percentile.,The listing belongs to an official shop.,Historical sold-value proxy is at the 33% peer percentile.,id | Beauty; price pctl 76%; likes pctl 46%; sold-value pctl 33%
id,id,779266191,lavojoy Official Shop,49802217586,"[NEW LAUNCH] Lavojoy Repair Me Now Shampoo Iris Garden 280ml  | Perbaikan Rambut Rusak Intens Dengan 3× Keratin + Ceramide Boost + ScalpBioEnergy Hydration Care | 3x Lebih Lembut, Lalus, Tanpa Mengiritasi",Beauty,Beauty,REPAIR ME NOW,76770,76770,51.0,51.0,377,377,346,572.0,572.0,1000.0,32.4,Discount Efficiency Review,Medium,Shop credibility score is 85%. | The listing belongs to an official shop. | Likes are at the 32% peer percentile.,Shop credibility score is 85%.,The listing belongs to an official shop.,Likes are at the 32% peer percentile.,id | Beauty; price pctl 47%; likes pctl 32%; sold-value pctl 33%
id,id,1368540320, Cyeecare Official Store,47904142102,"Cyeecare Shampo Jahe Alami Anti Rontok – Menguatkan Akar Rambut, Perawatan Rambut Rusak 150ml",Beauty,Beauty,,66900,66900,87.0,87.0,455,455,511,343.0,343.0,1000.0,32.4,Discount Efficiency Review,Medium,Displayed discount is at the 93% peer percentile. | The listing belongs to an official shop. | Shop credibility score is 70%.,Displayed discount is at the 93% peer percentile.,The listing belongs to an official shop.,Shop credibility score is 70%.,id | Beauty; price pctl 37%; likes pctl 34%; sold-value pctl 33%
id,id,809769142,Glad2Glow Official Store,53308986174,[JADI MEMBER! SETIAP SENIN DAPATKAN HARGA TERBAIK]Glad2Glow Pomegranate Niacinamide Brightening Moisturizer Mencerahkan Pemutih Kulit Gel&Pomegranate Niacinamide Power Bright White Serum skincare peeling serum,Beauty,Beauty,,77900,77900,0.0,0.0,222,222,404,425.0,425.0,1000.0,32.3,Maintain and Monitor,Medium,Displayed discount is at the 6% peer percentile. | Shop credibility score is 87%. | The listing belongs to an official shop.,Displayed discount is at the 6% peer percentile.,Shop credibility score is 87%.,The listing belongs to an official shop.,id | Beauty; price pctl 49%; likes pctl 26%; sold-value pctl 33%
id,id,430940247,Mooi Pure Glow Official Shop,41655975897,Bundling MOOIST Tone Up Booster + MOOI Tone UP Booster Body Lotion,Beauty,Beauty,,84800,84800,45.0,45.0,843,843,422,26.0,26.0,1000.0,32.23,Maintain and Monitor,Medium,The listing belongs to an official shop. | Displayed discount is at the 32% peer percentile. | Historical sold-value proxy is at the 33% peer percentile.,The listing belongs to an official shop.,Displayed discount is at the 32% peer percentile.,Historical sold-value proxy is at the 33% peer percentile.,id | Beauty; price pctl 57%; likes pctl 43%; sold-value pctl 33%
id,id,809769142,Glad2Glow Official Store,52152560531,"[New Launch] Glad2Glow Brightening Tone Up Cream, Brightening Lip Serum 7g, 3-in-1 liptint, Day Cream Moisturizer, Cerah dan Glowing Tanpa Whitecast, Mencerahkan, Melembabkan g2g official store",Beauty,Beauty,,90400,90400,70.0,70.0,457,457,555,69.0,69.0,1000.0,32.11,Discount Efficiency Review,Medium,Shop credibility score is 87%. | Displayed discount is at the 81% peer percentile. | The listing belongs to an official shop.,Shop credibility score is 87%.,Displayed discount is at the 81% peer percentile.,The listing belongs to an official shop.,id | Beauty; price pctl 61%; likes pctl 35%; sold-value pctl 33%
id,id,809769142,Glad2Glow Official Store,57859689025,Glad2Glow All IN ONE MAKEUP REMOVER 60ml Untuk Semua Kulit Lembut cleansing oil Penghapus Makeup Waterproof Hapus Riasan Tahan Air dengan dan Dual-Phase Makeup Melting Solution Tanpa Iritasi untuk Kulit Sensitif dan Berjerawat g2glow official store,Beauty,Beauty,,22000,22000,78.0,78.0,174,174,149,750.0,750.0,759.0,31.95,Discount Efficiency Review,Medium,Price is at the 0% country-category percentile. | Shop credibility score is 87%. | Displayed discount is at the 86% peer percentile.,Price is at the 0% country-category percentile.,Shop credibility score is 87%.,Displayed discount is at the 86% peer percentile.,id | Beauty; price pctl 0%; likes pctl 22%; sold-value pctl 26%
id,id,1112776376,Scora Official Store,49150942512,SCORA Toner 80 ML + Scora Bright Me Up Sunscreen 40 Gr + Scora Sheer Glow Tone Up Cream 30 ml,Beauty,Beauty,,99700,99700,47.0,47.0,497,497,687,196.0,196.0,1000.0,31.85,Maintain and Monitor,Medium,The listing belongs to an official shop. | Shop credibility score is 68%. | Historical sold-value proxy is at the 33% peer percentile.,The listing belongs to an official shop.,Shop credibility score is 68%.,Historical sold-value proxy is at the 33% peer percentile.,id | Beauty; price pctl 65%; likes pctl 37%; sold-value pctl 33%
id,id,430940247,Mooi Pure Glow Official Shop,26152539358,"MOOI Magic Duo Brightening Booster Luar dan Dalam : Tone Up Lotion, Collagen",Beauty,Beauty,Paket Bundling,79800,79800,71.0,71.0,1380,1380,230,37.0,37.0,564.0,31.6,Discount Efficiency Review,Medium,Displayed discount is at the 83% peer percentile. | Historical sold-value proxy is at the 22% peer percentile. | The listing belongs to an official shop.,Displayed discount is at the 83% peer percentile.,Historical sold-value proxy is at the 22% peer percentile.,The listing belongs to an official shop.,id | Beauty; price pctl 53%; likes pctl 51%; sold-value pctl 22%
id,id,809769142,Glad2Glow Official Store,40656993496,[Better savings]Glad2Glow Clay Stick&Face Mask Complete Series-Brightening/Mugwort/Acne/Pore-face masker Sheet Mask g2glow official store,Beauty,Beauty,,145000,145000,57.0,57.0,458,458,463,182.0,182.0,2000.0,31.5,Maintain and Monitor,Medium,Shop credibility score is 87%. | Price is at the 84% country-category percentile. | The listing belongs to an official shop.,Shop credibility score is 87%.,Price is at the 84% country-category percentile.,The listing belongs to an official shop.,id | Beauty; price pctl 84%; likes pctl 35%; sold-value pctl 40%
id,id,1368540320, Cyeecare Official Store,27091058952,Cyeecare Niacinamide&Squalane Brightening Serum Wajah Pemutih Wajah Serum 20g,Beauty,Beauty,,34900,34900,93.0,93.0,213,213,313,224.0,224.0,666.0,31.45,Discount Efficiency Review,Medium,Displayed discount is at the 99% peer percentile. | Price is at the 5% country-category percentile. | Historical sold-value proxy is at the 25% peer percentile.,Displayed discount is at the 99% peer percentile.,Price is at the 5% country-category percentile.,Historical sold-value proxy is at the 25% peer percentile.,id | Beauty; price pctl 5%; likes pctl 25%; sold-value pctl 25%
id,id,809769142,Glad2Glow Official Store,48357124052,[Free Gift-Lip serum] Glad2Glow 8-in-1 Brightening Niacinamide Skincare & Makeup Set:  Glow Serum Spray+Serum+Cleanser+Glow Cushion +Powder+Micellar Water,Beauty,Beauty,,454500,454500,18.0,18.0,638,638,610,316.0,316.0,1000.0,31.17,Maintain and Monitor,Medium,Price is at the 99% country-category percentile. | Shop credibility score is 87%. | Displayed discount is at the 14% peer percentile.,Price is at the 99% country-category percentile.,Shop credibility score is 87%.,Displayed discount is at the 14% peer percentile.,id | Beauty; price pctl 99%; likes pctl 39%; sold-value pctl 33%
id,id,859233628,He-Ji Official Store,18450976047,"[HE-JI] Rosses Secret Glow Serum 20ml - Serum Melembabkan, Mencerahkan & Memudarkan Flek Wajah I Mengandung Niacinamide 5%, Propolis Extract & Melazero Extract - UJI LAB SIG & BPOM APPROVED",Beauty,Beauty,Serum & Essence Wajah,48902,48902,42.0,42.0,279,279,344,16.0,16.0,955.0,31.0,Low Priority,Medium,The listing belongs to an official shop. | Price is at the 26% country-category percentile. | Displayed discount is at the 28% peer percentile.,The listing belongs to an official shop.,Price is at the 26% country-category percentile.,Displayed discount is at the 28% peer percentile.,id | Beauty; price pctl 26%; likes pctl 28%; sold-value pctl 28%
id,id,1368540320, Cyeecare Official Store,42804015939,Cyeecare Tone-Up Cream 20g + Peeling Solution Serum Niacinamide Brightening 20g,Beauty,Beauty,,72900,72900,80.0,80.0,325,325,556,153.0,153.0,1000.0,30.98,Discount Efficiency Review,Medium,Displayed discount is at the 87% peer percentile. | The listing belongs to an official shop. | Likes are at the 30% peer percentile.,Displayed discount is at the 87% peer percentile.,The listing belongs to an official shop.,Likes are at the 30% peer percentile.,id | Beauty; price pctl 43%; likes pctl 30%; sold-value pctl 33%
id,id,809769142,Glad2Glow Official Store,50253502913,[NEW LAUNCH] Glad2Glow 2in1 Perfect Pair Cushion Powder Foundation + BRIGHTENING LIP SERUM 7g Mencerahkan Melembabkan 3in1 liptint Foundation Bedak padat Make up Lightweight Coverage Long-lasting 12-Hour Soft-Focus Flawless Skin oil-control g2glow,Beauty,Beauty,,201780,201780,33.0,33.0,488,488,616,28.0,28.0,1000.0,30.9,Maintain and Monitor,Medium,Price is at the 94% country-category percentile. | Shop credibility score is 87%. | Displayed discount is at the 18% peer percentile.,Price is at the 94% country-category percentile.,Shop credibility score is 87%.,Displayed discount is at the 18% peer percentile.,id | Beauty; price pctl 94%; likes pctl 36%; sold-value pctl 33%
id,id,1112776376,Scora Official Store,26529379083,[Live] PAKET CERAH IRIT-SCORA 5% Niacinamide Hydramoist Gel with Alpha Arbutin & Panthenol 45ML 3 PCS Melembapkan Untuk Oily Skin,Beauty,Beauty,,227800,227800,1.0,1.0,363,363,788,826.0,826.0,3000.0,30.87,Maintain and Monitor,Medium,Price is at the 96% country-category percentile. | Displayed discount is at the 12% peer percentile. | The listing belongs to an official shop.,Price is at the 96% country-category percentile.,Displayed discount is at the 12% peer percentile.,The listing belongs to an official shop.,id | Beauty; price pctl 96%; likes pctl 31%; sold-value pctl 44%
id,id,1379527329,ZOICY Official Store,48051897514,[Masker Favorit Sandrina] [BPOM] ZOICY Masker Wajah Mencerahkan 5pcs 1 Box - Whitening Sheet Mask | Anti Kerut | Melembapkan l Mengencangkan | Menutrisi | Menenangkan | 3D Hyaluronic Acid Moisturizing | Niacinamide Brightening | Salicylic Acid | Centella,Beauty,Beauty,Masker Wajah,68000,68000,41.0,41.0,480,480,182,31.0,31.0,482.0,30.8,Low Priority,Medium,Shop credibility score is 80%. | Historical sold-value proxy is at the 20% peer percentile. | The listing belongs to an official shop.,Shop credibility score is 80%.,Historical sold-value proxy is at the 20% peer percentile.,The listing belongs to an official shop.,id | Beauty; price pctl 38%; likes pctl 36%; sold-value pctl 20%
id,id,809769142,Glad2Glow Official Store,49007392678,"[Link Khusus-New Shades]Glad2Glow×GGBaby Special Edition BRIGHTENING LIP SERUM 7g  Mencerahkan, Melembabkan Bibir dengan  Lip tint&Lip care",Beauty,Beauty,,58900,58900,46.0,46.0,299,299,170,26.0,26.0,667.0,30.73,Low Priority,Medium,Shop credibility score is 87%. | The listing belongs to an official shop. | Historical sold-value proxy is at the 25% peer percentile.,Shop credibility score is 87%.,The listing belongs to an official shop.,Historical sold-value proxy is at the 25% peer percentile.,id | Beauty; price pctl 31%; likes pctl 29%; sold-value pctl 25%
id,id,430940247,Mooi Pure Glow Official Shop,23648595718,"Mooi Whitening Day Cream - Pelembab Krim Pagi Pencerah Wajah, Melembabkan Kulit Meratakan Warna Kulit  10gr (Original 100%)",Beauty,Beauty,Skincare Wajah,84800,84800,43.0,43.0,640,640,294,6.0,6.0,832.0,30.32,Maintain and Monitor,Medium,The listing belongs to an official shop. | Historical sold-value proxy is at the 27% peer percentile. | Displayed discount is at the 29% peer percentile.,The listing belongs to an official shop.,Historical sold-value proxy is at the 27% peer percentile.,Displayed discount is at the 29% peer percentile.,id | Beauty; price pctl 57%; likes pctl 40%; sold-value pctl 27%
id,id,809769142,Glad2Glow Official Store,56253578980,[NEW LAUNCH] Glad2Glow FLAWLESS Perfect Foundation+ BRIGHTENING LIP SERUM 7g Mencerahkan Melembabkan 3in1 liptint Foundation Bedak padat Make up Lightweight Coverage Long-lasting 12-Hour Soft-Focus Flawless Skin oil-control g2glow official store,Beauty,Beauty,,109400,109400,63.0,63.0,423,423,462,78.0,78.0,1000.0,30.13,Discount Efficiency Review,Medium,Shop credibility score is 87%. | The listing belongs to an official shop. | Price is at the 75% country-category percentile.,Shop credibility score is 87%.,The listing belongs to an official shop.,Price is at the 75% country-category percentile.,id | Beauty; price pctl 75%; likes pctl 34%; sold-value pctl 33%
id,id,779266191,lavojoy Official Shop,46301661909,[ECONOMIC BUNDLE] Lavojoy 2in1 Brightening care | Body Serum 300ml + Body wash 300ml | Perawatan untuk Mencerahkan dan Melembabkan kulit dengan Niacinamide + Ceramide + Vitamin E,Beauty,Beauty,,102500,102500,51.0,51.0,335,335,390,93.0,93.0,1000.0,29.86,Discount Efficiency Review,Medium,Shop credibility score is 85%. | The listing belongs to an official shop. | Price is at the 70% country-category percentile.,Shop credibility score is 85%.,The listing belongs to an official shop.,Price is at the 70% country-category percentile.,id | Beauty; price pctl 70%; likes pctl 30%; sold-value pctl 33%
id,id,430940247,Mooi Pure Glow Official Shop,17898155276,Mooi Whitening Facial Toner 100ml (Original 100%),Beauty,Beauty,Skincare Wajah,41900,41900,48.0,48.0,268,268,212,3.0,3.0,640.0,29.73,Low Priority,Medium,Price is at the 17% country-category percentile. | Historical sold-value proxy is at the 24% peer percentile. | The listing belongs to an official shop.,Price is at the 17% country-category percentile.,Historical sold-value proxy is at the 24% peer percentile.,The listing belongs to an official shop.,id | Beauty; price pctl 17%; likes pctl 28%; sold-value pctl 24%
id,id,1112776376,Scora Official Store,28288332943,[Live] RUMUS GLOWING MTS: SCORA Bright Me Up Sunscreen 40 Gr + SCORA Sheer Glow Tone Up Cream 30 ml + SCORA Moisturizer 40ml,Beauty,Beauty,,106600,106600,64.0,64.0,451,451,604,631.0,631.0,1000.0,29.47,Discount Efficiency Review,Medium,Displayed discount is at the 76% peer percentile. | The listing belongs to an official shop. | Price is at the 72% country-category percentile.,Displayed discount is at the 76% peer percentile.,The listing belongs to an official shop.,Price is at the 72% country-category percentile.,id | Beauty; price pctl 72%; likes pctl 34%; sold-value pctl 33%
id,id,779266191,lavojoy Official Shop,48855022633,"Lavojoy 2in1 Hair Solution Bundle | Mengatasi Rambut Rontok, Rambut Kering & Rusak, Kulit Kepala Sensitif | Lembut Bervolume | Rambut Halus | Mengurangi Rambut Berminyak | Menutrisi Rambut | Mengurangi Kemerahan Kulit Kepala | Memberi Sensasi Dingin",Beauty,Beauty,FLAKES OFF MY CROWN SELENIUM,80910,80910,30.0,30.0,198,198,310,164.0,164.0,861.0,29.13,Low Priority,Medium,Shop credibility score is 85%. | Displayed discount is at the 16% peer percentile. | Likes are at the 24% peer percentile.,Shop credibility score is 85%.,Displayed discount is at the 16% peer percentile.,Likes are at the 24% peer percentile.,id | Beauty; price pctl 55%; likes pctl 24%; sold-value pctl 28%
id,id,430940247,Mooi Pure Glow Official Shop,15561224055,MOOI Gloowe Milky Serum DAPAT 3 - Serum Wajah Mencerahkan Mooi Pure Glow Skincare Korea Memudarkan Jerawat Kusam Laki-Laki Pencerah,Beauty,Beauty,,176000,176000,0.0,0.0,535,535,557,22.0,22.0,1000.0,29.12,Maintain and Monitor,Medium,Displayed discount is at the 6% peer percentile. | Price is at the 89% country-category percentile. | The listing belongs to an official shop.,Displayed discount is at the 6% peer percentile.,Price is at the 89% country-category percentile.,The listing belongs to an official shop.,id | Beauty; price pctl 89%; likes pctl 37%; sold-value pctl 33%
id,id,809769142,Glad2Glow Official Store,40877444059,[NEW LAUNCH] Glad2Glow FLAWLESS Perfect Cushion+ BRIGHTENING LIP SERUM 7g Mencerahkan Melembabkan 3in1 liptint Foundation Bedak padat Make up Lightweight Coverage Long-lasting 12-Hour Soft-Focus Flawless Skin oil-control g2glow official store,Beauty,Beauty,,139555,139555,53.0,53.0,345,345,428,97.0,97.0,1000.0,29.05,Discount Efficiency Review,Medium,Shop credibility score is 87%. | Price is at the 82% country-category percentile. | The listing belongs to an official shop.,Shop credibility score is 87%.,Price is at the 82% country-category percentile.,The listing belongs to an official shop.,id | Beauty; price pctl 82%; likes pctl 30%; sold-value pctl 33%
id,id,200048291,Prettywell Official Shop,20324876969,Prettywell Twinpack Oil Serum [ 2pcs Oil Serum  ] - Memudarkan bekas Jerawat hitam/PIH dengan cepat,Beauty,Beauty,Bundle,108730,108730,2.0,2.0,387,387,292,11.0,11.0,828.0,28.92,Maintain and Monitor,Medium,Displayed discount is at the 12% peer percentile. | Shop credibility score is 82%. | The listing belongs to an official shop.,Displayed discount is at the 12% peer percentile.,Shop credibility score is 82%.,The listing belongs to an official shop.,id | Beauty; price pctl 73%; likes pctl 33%; sold-value pctl 27%
id,id,430940247,Mooi Pure Glow Official Shop,23148596857,"Mooi Whitening Night Cream - Atasi Kulit Kusam, Melmbabkan Kulit Garis Halus Dan Tanda Penuaan 10gr (Original 100%)",Beauty,Beauty,Skincare Wajah,53900,53900,59.0,59.0,211,211,283,5.0,5.0,759.0,28.68,Discount Efficiency Review,Medium,Likes are at the 25% peer percentile. | The listing belongs to an official shop. | Historical sold-value proxy is at the 26% peer percentile.,Likes are at the 25% peer percentile.,The listing belongs to an official shop.,Historical sold-value proxy is at the 26% peer percentile.,id | Beauty; price pctl 27%; likes pctl 25%; sold-value pctl 26%
id,id,809769142,Glad2Glow Official Store,40781619061,Glad2Glow Perfect Airbrush Setting Spray -All DAY GLOW SETTINGSPRAY -White Truffle SerumSpray 100ml-All Day Matte Setting Spray -Kunci Makeup 12H Anti Luntur & Kontrol Minyak - Soft Matte Finish Anti Geser Waterproof & Sweatproof-glad2glow offcial,Beauty,Beauty,💖NEW LAUNCH,69000,69000,30.0,30.0,231,231,150,494.0,494.0,506.0,28.64,Low Priority,Medium,Shop credibility score is 87%. | Displayed discount is at the 16% peer percentile. | Historical sold-value proxy is at the 21% peer percentile.,Shop credibility score is 87%.,Displayed discount is at the 16% peer percentile.,Historical sold-value proxy is at the 21% peer percentile.,id | Beauty; price pctl 40%; likes pctl 26%; sold-value pctl 21%
id,id,809769142,Glad2Glow Official Store,48812376598,Glad2Glow Clay Stick&Face Mask Series-Pomegranate Brightening/Mugwort Acne/ Volcanic Pore-sleeping masker g2glow official store,Beauty,Beauty,,38900,38900,61.0,61.0,139,139,121,395.0,395.0,410.0,28.63,Discount Efficiency Review,Medium,Price is at the 12% country-category percentile. | Shop credibility score is 87%. | Historical sold-value proxy is at the 19% peer percentile.,Price is at the 12% country-category percentile.,Shop credibility score is 87%.,Historical sold-value proxy is at the 19% peer percentile.,id | Beauty; price pctl 12%; likes pctl 20%; sold-value pctl 19%
id,id,1368540320, Cyeecare Official Store,50903219820,Cyeecare Masker Rambut Wangi Masker Rambut untuk Melembutkan dan Menghaluskan Rambut Kusut,Beauty,Beauty,Hair Mask,66900,66900,80.0,80.0,280,280,270,151.0,151.0,671.0,28.59,Discount Efficiency Review,Medium,Displayed discount is at the 87% peer percentile. | The listing belongs to an official shop. | Historical sold-value proxy is at the 25% peer percentile.,Displayed discount is at the 87% peer percentile.,The listing belongs to an official shop.,Historical sold-value proxy is at the 25% peer percentile.,id | Beauty; price pctl 37%; likes pctl 28%; sold-value pctl 25%
id,id,859233628,He-Ji Official Store,28601819965,"[HE-JI] Bundle 3 in 1 Complete Set - Perawatan Kulit Wajah & Badan I Masker Wajah, Serum Wajah & Body Lotion Tone Up Booster I Hydrating, Brightening & Healthy Skin - UJI LAB SIG & BPOM APRROVED",Beauty,Beauty,Paket & Set Kecantikan,65317,65317,58.0,58.0,482,482,156,2.0,2.0,309.0,28.56,Discount Efficiency Review,High,Historical sold-value proxy is at the 18% peer percentile. | The listing belongs to an official shop. | Price is at the 35% country-category percentile.,Historical sold-value proxy is at the 18% peer percentile.,The listing belongs to an official shop.,Price is at the 35% country-category percentile.,id | Beauty; price pctl 35%; likes pctl 36%; sold-value pctl 18%
id,id,200048291,Prettywell Official Shop,18873489157,Prettywell Brightening Starterpack [ Oil Serum + Moisturizer 50 ML Tube + Exfoliating Toner ],Beauty,Beauty,Bundle,204322,204322,0.0,0.0,639,639,294,15.0,15.0,663.0,28.55,Maintain and Monitor,High,Displayed discount is at the 6% peer percentile. | Price is at the 94% country-category percentile. | Shop credibility score is 82%.,Displayed discount is at the 6% peer percentile.,Price is at the 94% country-category percentile.,Shop credibility score is 82%.,id | Beauty; price pctl 94%; likes pctl 39%; sold-value pctl 24%
id,id,779266191,lavojoy Official Shop,43928185146,"[NEW LAUNCH] Lavojoy Calm Me Softly Shampoo Camelia Dew 280ML | Shampoo untuk Kulit Kepala Sensitif Memperbaiki & Memperkuat Scalp Barrier dengan Rosemary+Olive Oils, 6X Ceramide-B5, and Zinc-PO",Beauty,Beauty,CALM ME SOFTLY,111900,111900,28.0,28.0,371,371,273,145.0,145.0,952.0,28.34,Low Priority,High,Shop credibility score is 85%. | Displayed discount is at the 16% peer percentile. | Price is at the 76% country-category percentile.,Shop credibility score is 85%.,Displayed discount is at the 16% peer percentile.,Price is at the 76% country-category percentile.,id | Beauty; price pctl 76%; likes pctl 31%; sold-value pctl 28%
id,id,859233628,He-Ji Official Store,18154327789,"[HE-JI] TRAVEL SIZE Gel Masker With Sakura Extract 50gr - Masker Gel Wajah Melembabkan, Mencerahkan & Menenangkan Wajah I Mengandung Niacinamide 2%, Extract Sakura, 5x Ceramide & Centella Asiatica - UJI LAB SIG & BPOM APPROVED",Beauty,Beauty,Serum & Essence Wajah,36259,36259,26.0,26.0,73,73,175,74.0,74.0,645.0,28.33,Low Priority,High,Price is at the 7% country-category percentile. | Displayed discount is at the 15% peer percentile. | Likes are at the 15% peer percentile.,Price is at the 7% country-category percentile.,Displayed discount is at the 15% peer percentile.,Likes are at the 15% peer percentile.,id | Beauty; price pctl 7%; likes pctl 15%; sold-value pctl 24%
id,id,809769142,Glad2Glow Official Store,55509134650,"[Link]Glad2Glow×GGBaby Special Edition BRIGHTENING LIP SERUM 7g Ready Stock! Mencerahkan, Melembabkan Bibir dengan Warna Natural | Lip tint&Lip care",Beauty,Beauty,,58900,58900,63.0,63.0,143,143,185,322.0,322.0,601.0,28.2,Discount Efficiency Review,High,Shop credibility score is 87%. | Likes are at the 20% peer percentile. | Historical sold-value proxy is at the 23% peer percentile.,Shop credibility score is 87%.,Likes are at the 20% peer percentile.,Historical sold-value proxy is at the 23% peer percentile.,id | Beauty; price pctl 31%; likes pctl 20%; sold-value pctl 23%
id,id,859233628,He-Ji Official Store,23700000064,"[He-Ji] Bundle 2 in 1 Glowing Set Gel Mask with Sakura Extract 50gr & Rosses Secret Glow Serum - Masker Gel & Serum Skincare For All Skin Type I Menenangkan, Menghidrasi & Mencerahkan Wajah - UJI LAB SIG & BPOM APPROVED",Beauty,Beauty,Paket & Set Kecantikan,66973,66973,50.0,50.0,242,242,276,10.0,10.0,613.0,28.14,Discount Efficiency Review,High,Historical sold-value proxy is at the 23% peer percentile. | The listing belongs to an official shop. | Likes are at the 27% peer percentile.,Historical sold-value proxy is at the 23% peer percentile.,The listing belongs to an official shop.,Likes are at the 27% peer percentile.,id | Beauty; price pctl 37%; likes pctl 27%; sold-value pctl 23%
id,id,430940247,Mooi Pure Glow Official Shop,19386535971,"MOOI Perfect Duo Brightening Booster : Tone Up Lotion, Serum",Beauty,Beauty,Paket Bundling,81800,81800,41.0,41.0,792,792,132,3.0,3.0,299.0,28.14,Maintain and Monitor,High,Historical sold-value proxy is at the 17% peer percentile. | The listing belongs to an official shop. | Displayed discount is at the 26% peer percentile.,Historical sold-value proxy is at the 17% peer percentile.,The listing belongs to an official shop.,Displayed discount is at the 26% peer percentile.,id | Beauty; price pctl 55%; likes pctl 42%; sold-value pctl 17%
id,id,430940247,Mooi Pure Glow Official Shop,16467668419,MOOI Gloowe Milky Serum DAPAT 2 - Serum Wajah Mencerahkan Mooi Pure Glow Skincare Korea Memudarkan Jerawat Kusam Laki-Laki Pencerah,Beauty,Beauty,Serum Wajah,117000,117000,0.0,0.0,379,379,422,43.0,43.0,1000.0,28.11,Maintain and Monitor,High,Displayed discount is at the 6% peer percentile. | Price is at the 78% country-category percentile. | The listing belongs to an official shop.,Displayed discount is at the 6% peer percentile.,Price is at the 78% country-category percentile.,The listing belongs to an official shop.,id | Beauty; price pctl 78%; likes pctl 32%; sold-value pctl 33%
id,id,200048291,Prettywell Official Shop,25792854551,PRETTYWELL SPECIAL  BUNDLE LIPSCREEN + 3D LIPSCREEN - Combo bibir nampak cantik dan plumppy,Beauty,Beauty,PROMO BUY MORE SAVE MORE,144997,144997,0.0,0.0,529,529,217,28.0,28.0,647.0,27.92,Maintain and Monitor,High,Displayed discount is at the 6% peer percentile. | Price is at the 83% country-category percentile. | Shop credibility score is 82%.,Displayed discount is at the 6% peer percentile.,Price is at the 83% country-category percentile.,Shop credibility score is 82%.,id | Beauty; price pctl 83%; likes pctl 37%; sold-value pctl 24%
id,id,809769142,Glad2Glow Official Store,56505624072,[ JADI MEMBER! Flash Sale 10RB Setiap Senin! ] PORE CLEARING MICELLAR WATER 130ML/Moist & Smooth Hand Body Serum 180ml/PERFECT VITA C BRIGHT GLOW TONER 80ml,Beauty,Beauty,,100000,100000,0.0,0.0,637,637,67,134.0,134.0,494.0,27.92,Low Priority,High,Displayed discount is at the 6% peer percentile. | Shop credibility score is 87%. | Historical sold-value proxy is at the 21% peer percentile.,Displayed discount is at the 6% peer percentile.,Shop credibility score is 87%.,Historical sold-value proxy is at the 21% peer percentile.,id | Beauty; price pctl 68%; likes pctl 39%; sold-value pctl 21%
id,id,809769142,Glad2Glow Official Store,52652820141,"Glad2Glow 2in1 Set Cleansing Oil & Facial Wash - Centella Madagascar - Untuk Kulit Berjerawat, Berminyak, Sensitif & Cerah  g2glow official store",Beauty,Beauty,,87000,87000,71.0,71.0,189,189,332,15.0,15.0,788.0,27.91,Discount Efficiency Review,High,Shop credibility score is 87%. | Displayed discount is at the 83% peer percentile. | Likes are at the 23% peer percentile.,Shop credibility score is 87%.,Displayed discount is at the 83% peer percentile.,Likes are at the 23% peer percentile.,id | Beauty; price pctl 58%; likes pctl 23%; sold-value pctl 27%
id,id,1368540320, Cyeecare Official Store,40280804783,Cyeecare Paket Perawatan Duo Eksfoliasi Mencerahkan Kulit Kusam & Glowing AHA Serum Cleanser,Beauty,Beauty,,69000,69000,84.0,84.0,256,256,211,880.0,880.0,923.0,27.83,Discount Efficiency Review,High,Displayed discount is at the 89% peer percentile. | The listing belongs to an official shop. | Likes are at the 27% peer percentile.,Displayed discount is at the 89% peer percentile.,The listing belongs to an official shop.,Likes are at the 27% peer percentile.,id | Beauty; price pctl 40%; likes pctl 27%; sold-value pctl 28%
id,id,1368540320, Cyeecare Official Store,41854010251,Cyeecare AHA Serum + Cleanser Brightening & Exfoliating Skin Care Paket Pembersih Wajah Mencerahkan,Beauty,Beauty,,104900,104900,82.0,82.0,298,298,489,49.0,49.0,1000.0,27.82,Discount Efficiency Review,High,Displayed discount is at the 88% peer percentile. | The listing belongs to an official shop. | Price is at the 71% country-category percentile.,Displayed discount is at the 88% peer percentile.,The listing belongs to an official shop.,Price is at the 71% country-category percentile.,id | Beauty; price pctl 71%; likes pctl 29%; sold-value pctl 33%
id,id,1379527329,ZOICY Official Store,44863265062,[BELI 2 DAPAT 5] Glowing Bundle Sheet Mask + Tone up Cream Set | Masker Wajah Mencerahkan Kulit | Glowing Day Cream | Instan Mencerahkan Kulit Mengencangkan | Menutrisi | Menenangkan,Beauty,Beauty,Paket & Set Kecantikan,68000,68000,76.0,76.0,0,0,0,,,,27.44,Maintain and Monitor,Medium,Likes are at the 1% peer percentile. | Displayed discount is at the 86% peer percentile. | Shop credibility score is 80%.,Likes are at the 1% peer percentile.,Displayed discount is at the 86% peer percentile.,Shop credibility score is 80%.,id | Beauty; price pctl 38%; likes pctl 1%; sold-value pctl 50%
id,id,809769142,Glad2Glow Official Store,42126203734,[KHUSUS MEMBER]Glad2Glow Peeling Solution Serum,Beauty,Beauty,,100000,100000,0.0,0.0,223,223,222,262.0,262.0,669.0,27.37,Low Priority,High,Displayed discount is at the 6% peer percentile. | Shop credibility score is 87%. | The listing belongs to an official shop.,Displayed discount is at the 6% peer percentile.,Shop credibility score is 87%.,The listing belongs to an official shop.,id | Beauty; price pctl 68%; likes pctl 26%; sold-value pctl 25%
id,id,1368540320, Cyeecare Official Store,53811593142,"[KOL Exclusive]Cyeecare Hair Mask 150ml – Masker Rambut Keratin & Hyaluronic Acid untuk Rambut Lurus, Lembut & Tidak Mengembang",Beauty,Beauty,,35000,35000,89.0,89.0,115,115,130,403.0,403.0,418.0,27.24,Discount Efficiency Review,High,Displayed discount is at the 96% peer percentile. | Price is at the 6% country-category percentile. | Likes are at the 19% peer percentile.,Displayed discount is at the 96% peer percentile.,Price is at the 6% country-category percentile.,Likes are at the 19% peer percentile.,id | Beauty; price pctl 6%; likes pctl 19%; sold-value pctl 20%
id,id,187405886,Alara Cosmetic Official Store,26558855879,"Alodie Nourishing Balm | Solusi Kulit Bayi Sensitif, Kering , Mudah Iritasi, Eksim, Ruam, dan Gatal",Mom & Baby,Mom & Baby,Kesehatan Bayi,99000,99000,0.0,0.0,18,18,55,,,147.0,27.06,Maintain and Monitor,High,The listing belongs to an official shop. | Likes are at the 33% peer percentile. | Historical sold-value proxy is at the 33% peer percentile.,The listing belongs to an official shop.,Likes are at the 33% peer percentile.,Historical sold-value proxy is at the 33% peer percentile.,id | Mom & Baby; price pctl 67%; likes pctl 33%; sold-value pctl 33%
id,id,187405886,Alara Cosmetic Official Store,26356380661,"ALARA Whitening + Vitamin E , Tone Up Booster, Pencerah Tubuh, Anti Kusam, Anti Air BPOM",Beauty,Beauty,On Sale,89000,89000,49.0,49.0,626,626,266,11.0,11.0,777.0,26.98,Maintain and Monitor,High,The listing belongs to an official shop. | Historical sold-value proxy is at the 27% peer percentile. | Displayed discount is at the 38% peer percentile.,The listing belongs to an official shop.,Historical sold-value proxy is at the 27% peer percentile.,Displayed discount is at the 38% peer percentile.,id | Beauty; price pctl 59%; likes pctl 39%; sold-value pctl 27%
id,id,809769142,Glad2Glow Official Store,55559898858,[ FREE GIFT FOR 6/25! ]Dapatkan Hadiah Dengan Min. Pembelian 300RB,Beauty,Beauty,,999999999,999999999,0.0,0.0,17,17,625,1000.0,1000.0,2000.0,26.94,Maintain and Monitor,High,Price is at the 100% country-category percentile. | Likes are at the 5% peer percentile. | Displayed discount is at the 6% peer percentile.,Price is at the 100% country-category percentile.,Likes are at the 5% peer percentile.,Displayed discount is at the 6% peer percentile.,id | Beauty; price pctl 100%; likes pctl 5%; sold-value pctl 40%
id,id,1368540320, Cyeecare Official Store,52912412561,Cyeecare Tea Tree Anti-Acne Serum - Serum Jerawat Mengontrol Minyak 20ml,Beauty,Beauty,,65550,65550,85.0,85.0,0,0,0,,,,26.55,Maintain and Monitor,Medium,Likes are at the 1% peer percentile. | Displayed discount is at the 90% peer percentile. | The listing belongs to an official shop.,Likes are at the 1% peer percentile.,Displayed discount is at the 90% peer percentile.,The listing belongs to an official shop.,id | Beauty; price pctl 36%; likes pctl 1%; sold-value pctl 50%
id,id,809769142,Glad2Glow Official Store,48150998499,[KHUSUS MEMBER]Glad2Glow Pomegranate Niacinamide Brightening Moisturizer,Beauty,Beauty,,100000,100000,0.0,0.0,204,204,189,289.0,289.0,664.0,26.45,Low Priority,High,Displayed discount is at the 6% peer percentile. | Shop credibility score is 87%. | Likes are at the 24% peer percentile.,Displayed discount is at the 6% peer percentile.,Shop credibility score is 87%.,Likes are at the 24% peer percentile.,id | Beauty; price pctl 68%; likes pctl 24%; sold-value pctl 25%
id,id,200048291,Prettywell Official Shop,14489950263,Prettywell Complete Pack Moisturizer [ Moisturizer CeraMon 100 ML REFILL + 50 ML TUBE] - Melembabkan & Memperbaiki Skinbarrier cocok untuk all skin types,Beauty,Beauty,Bundle,180236,180236,0.0,0.0,398,398,223,20.0,20.0,572.0,26.19,Low Priority,High,Displayed discount is at the 6% peer percentile. | Price is at the 90% country-category percentile. | Shop credibility score is 82%.,Displayed discount is at the 6% peer percentile.,Price is at the 90% country-category percentile.,Shop credibility score is 82%.,id | Beauty; price pctl 90%; likes pctl 33%; sold-value pctl 22%
id,id,1368540320, Cyeecare Official Store,52762415493,Cyeecare B5 Collagen Repair Serum - Serum Pemulih Skin Barrier Melembapkan 20ml,Beauty,Beauty,,70800,70800,85.0,85.0,1,1,0,,,,26.13,Maintain and Monitor,Medium,Likes are at the 1% peer percentile. | Displayed discount is at the 90% peer percentile. | The listing belongs to an official shop.,Likes are at the 1% peer percentile.,Displayed discount is at the 90% peer percentile.,The listing belongs to an official shop.,id | Beauty; price pctl 41%; likes pctl 1%; sold-value pctl 50%
id,id,809769142,Glad2Glow Official Store,58058986912,"[JADI MEMBER! SETIAP SENIN DAPATKAN HARGA TERBAIK]Glad2Glow×GGBaby Special Edition BRIGHTENING LIP SERUM 7g Ready Stock! Mencerahkan, Melembabkan Bibir dengan Warna Natural | Lip tint&Lip care",Beauty,Beauty,,327900,327900,0.0,0.0,218,218,208,602.0,602.0,1000.0,26.12,Maintain and Monitor,High,Price is at the 98% country-category percentile. | Displayed discount is at the 6% peer percentile. | Shop credibility score is 87%.,Price is at the 98% country-category percentile.,Displayed discount is at the 6% peer percentile.,Shop credibility score is 87%.,id | Beauty; price pctl 98%; likes pctl 25%; sold-value pctl 33%
id,id,1379527329,ZOICY Official Store,26695187984,"[BPOM] ZOICY Tone Up Cream 40g  Krim Tone Up 2 in 1 - Base Makeup + Skincare Pelembab Wajah Glowing Instan Mencerahkan Sunscreen UV Protection Niacinamide Panthenol Pemutih Melembapkan Wajah Penggunaan Sehari-hari Menyamarkan Kemerahan, Hasil Cerah Alami",Beauty,Beauty,,89000,89000,69.0,69.0,0,0,0,,,,25.37,Maintain and Monitor,Medium,Likes are at the 1% peer percentile. | Shop credibility score is 80%. | Displayed discount is at the 80% peer percentile.,Likes are at the 1% peer percentile.,Shop credibility score is 80%.,Displayed discount is at the 80% peer percentile.,id | Beauty; price pctl 59%; likes pctl 1%; sold-value pctl 50%
id,id,809769142,Glad2Glow Official Store,48659174387,GLAD2GLOW [2-IN-1 SET] PDRN Brightening Duo: Serum/Moisturizer + Cushion/Skin Tint - Double Brightening 5% Niacinamide - Deep Repair & Anti Kusam - Base Makeup Sempurna-glad2glow offical,Beauty,Beauty,,100000,100000,75.0,75.0,142,142,215,66.0,66.0,692.0,25.31,Discount Efficiency Review,High,Shop credibility score is 87%. | Displayed discount is at the 85% peer percentile. | Likes are at the 20% peer percentile.,Shop credibility score is 87%.,Displayed discount is at the 85% peer percentile.,Likes are at the 20% peer percentile.,id | Beauty; price pctl 68%; likes pctl 20%; sold-value pctl 26%
id,id,809769142,Glad2Glow Official Store,52463091977,[NEW SIZE] Glad2Glow Brightening Micellar Water 700ml  Kapasitas besar Lembut Cepat Menghapus Makeup & Mencerahkan kulit Penghapus Makeup Waterproof Hapus Riasan Tahan  dan Tanpa Iritasi g2glow official store,Beauty,Beauty,,149000,149000,0.0,0.0,5,5,0,,,,24.99,Maintain and Monitor,Medium,Likes are at the 3% peer percentile. | Displayed discount is at the 6% peer percentile. | Shop credibility score is 87%.,Likes are at the 3% peer percentile.,Displayed discount is at the 6% peer percentile.,Shop credibility score is 87%.,id | Beauty; price pctl 85%; likes pctl 3%; sold-value pctl 50%
id,id,809769142,Glad2Glow Official Store,56009621582,[JADI MEMBER! SETIAP SENIN DAPATKAN HARGA TERBAIK]Glad2Glow Pomegranate Niacinamide Brightening Moisturizer Mencerahkan Pemutih Kulit Gel Pelembab Bercahaya Krim Siang dan Malam Perawatan Kulit Ekstrak DelimaPelembab Esensi Wajah Perawatan Kulit,Beauty,Beauty,,72900,72900,0.0,0.0,63,63,64,277.0,277.0,441.0,24.9,Low Priority,High,Displayed discount is at the 6% peer percentile. | Shop credibility score is 87%. | Likes are at the 14% peer percentile.,Displayed discount is at the 6% peer percentile.,Shop credibility score is 87%.,Likes are at the 14% peer percentile.,id | Beauty; price pctl 43%; likes pctl 14%; sold-value pctl 20%
id,id,809769142,Glad2Glow Official Store,43631046033,[2IN1 Make Up Set] Glad2Glow High Cover & Glow Cushion / Skin Tint + Glowy Tint Lip Balm - 12H Flawless Matte Finish | Korean Glowing Look | No-Makeup Look-glad2glow official,Beauty,Beauty,,119039,119039,60.0,60.0,246,246,180,406.0,406.0,521.0,24.8,Discount Efficiency Review,High,Shop credibility score is 87%. | Historical sold-value proxy is at the 21% peer percentile. | Price is at the 79% country-category percentile.,Shop credibility score is 87%.,Historical sold-value proxy is at the 21% peer percentile.,Price is at the 79% country-category percentile.,id | Beauty; price pctl 79%; likes pctl 27%; sold-value pctl 21%
id,id,1368540320, Cyeecare Official Store,51712602574,[New Launch] Cyeecare Paket 2 Langkah Exfo Glow Serum Cream Skincare Set Eksfoliasi Pencerah AHA BHA PHA Niacinamide Kulit Mulus Glowing,Beauty,Beauty,Paket Perawatan Kulit,83000,83000,86.0,86.0,5,5,0,,,,24.75,Maintain and Monitor,Medium,Likes are at the 3% peer percentile. | Displayed discount is at the 91% peer percentile. | The listing belongs to an official shop.,Likes are at the 3% peer percentile.,Displayed discount is at the 91% peer percentile.,The listing belongs to an official shop.,id | Beauty; price pctl 57%; likes pctl 3%; sold-value pctl 50%
id,id,200048291,Prettywell Official Shop,22524564316,Prettywell Exfoliate & Glow KIT [ Exfoliating Toner + Oil Serum ]- kulit bebas bekas jerawat PIE & PIH cerah dan glowing,Beauty,Beauty,Bundle,130627,130627,0.0,0.0,305,305,138,6.0,6.0,341.0,24.66,Low Priority,High,Displayed discount is at the 6% peer percentile. | Shop credibility score is 82%. | Historical sold-value proxy is at the 19% peer percentile.,Displayed discount is at the 6% peer percentile.,Shop credibility score is 82%.,Historical sold-value proxy is at the 19% peer percentile.,id | Beauty; price pctl 81%; likes pctl 30%; sold-value pctl 19%
id,id,1379527329,ZOICY Official Store,51602803213,[BUNDLE 3 BOX LEBIH HEMAT] ZOICY Masker Wajah Mencerahkan 3Box 15 Pieces - Glowing Essence Face Sheet Mask l Melembapkan l Mengencangkan l Menutrisi l Menenangkan l Hyaluronic Acid l Niacinamide l Salicylic Acid  l Witch Hazel l Centella l Purslane,Beauty,Beauty,Masker Wajah,188000,188000,46.0,46.0,425,425,151,95.0,95.0,516.0,24.6,Low Priority,High,Price is at the 92% country-category percentile. | Shop credibility score is 80%. | Historical sold-value proxy is at the 21% peer percentile.,Price is at the 92% country-category percentile.,Shop credibility score is 80%.,Historical sold-value proxy is at the 21% peer percentile.,id | Beauty; price pctl 92%; likes pctl 34%; sold-value pctl 21%
id,id,1368540320, Cyeecare Official Store,55556714442,[KOL Exclusive] Cyeecare Serum Eksfoliasi AHA BHA PHA LHA Peeling Serum Brightening Hilangkan Dark Spot & Bekas Jerawat 20g,Beauty,Beauty,,48900,48900,85.0,85.0,106,106,98,167.0,167.0,231.0,24.6,Discount Efficiency Review,High,Displayed discount is at the 90% peer percentile. | Historical sold-value proxy is at the 16% peer percentile. | Likes are at the 18% peer percentile.,Displayed discount is at the 90% peer percentile.,Historical sold-value proxy is at the 16% peer percentile.,Likes are at the 18% peer percentile.,id | Beauty; price pctl 24%; likes pctl 18%; sold-value pctl 16%
id,id,697604885,ghaniskin,48153608930,Ghaniskin CC Body Lotion Tone Up [Bundling Fresh Green + Pink Blossom],Beauty,Beauty,"Body Cream, Body Lotion & Body Butter",149900,149900,32.0,32.0,555,555,230,68.0,68.0,753.0,24.51,Maintain and Monitor,High,Price is at the 85% country-category percentile. | Displayed discount is at the 17% peer percentile. | Historical sold-value proxy is at the 26% peer percentile.,Price is at the 85% country-category percentile.,Displayed discount is at the 17% peer percentile.,Historical sold-value proxy is at the 26% peer percentile.,id | Beauty; price pctl 85%; likes pctl 38%; sold-value pctl 26%
id,id,1368540320, Cyeecare Official Store,54211592942,[KOL Exclusive]Cyeecare Ginger Hair Serum 20g – Serum Rambut Anti Rontok & Penumbuh Rambut Alami,Beauty,Beauty,,32400,32400,92.0,92.0,54,54,59,134.0,134.0,138.0,24.51,Discount Efficiency Review,High,Displayed discount is at the 99% peer percentile. | Price is at the 3% country-category percentile. | Historical sold-value proxy is at the 13% peer percentile.,Displayed discount is at the 99% peer percentile.,Price is at the 3% country-category percentile.,Historical sold-value proxy is at the 13% peer percentile.,id | Beauty; price pctl 3%; likes pctl 13%; sold-value pctl 13%
id,id,779266191,lavojoy Official Shop,58152183963,[FOR DAMAGED & COLORED HAIR] Lavojoy Repair Me Now 2in1 Bundle Shampoo 280ml + Hair Mask 250ml | Paket Perawatan Rambut Halus & Berkilau Tanpa Lepek,Beauty,Beauty,REPAIR ME NOW,127420,127420,57.0,57.0,211,211,204,102.0,102.0,546.0,24.27,Discount Efficiency Review,High,Shop credibility score is 85%. | Price is at the 80% country-category percentile. | Historical sold-value proxy is at the 22% peer percentile.,Shop credibility score is 85%.,Price is at the 80% country-category percentile.,Historical sold-value proxy is at the 22% peer percentile.,id | Beauty; price pctl 80%; likes pctl 25%; sold-value pctl 22%
id,id,430940247,Mooi Pure Glow Official Shop,21986477611,Bundling Promo Mooi Pure Glow Day Cream + Night Cream,Beauty,Beauty,Paket Bundling,93800,93800,37.0,37.0,269,269,134,22.0,22.0,295.0,23.9,Low Priority,High,Historical sold-value proxy is at the 17% peer percentile. | Displayed discount is at the 21% peer percentile. | The listing belongs to an official shop.,Historical sold-value proxy is at the 17% peer percentile.,Displayed discount is at the 21% peer percentile.,The listing belongs to an official shop.,id | Beauty; price pctl 62%; likes pctl 28%; sold-value pctl 17%
id,id,200048291,Prettywell Official Shop,19277739886,PRETTYWELL Special LIVE,Beauty,Beauty,,80000,80000,0.0,0.0,108,108,105,3.0,3.0,279.0,23.86,Low Priority,High,Displayed discount is at the 6% peer percentile. | Historical sold-value proxy is at the 17% peer percentile. | Shop credibility score is 82%.,Displayed discount is at the 6% peer percentile.,Historical sold-value proxy is at the 17% peer percentile.,Shop credibility score is 82%.,id | Beauty; price pctl 54%; likes pctl 18%; sold-value pctl 17%
id,id,1368540320, Cyeecare Official Store,42704015546,Cyeecare Peeling Solution Serum 20g + Facial Foam Gentle Purifying Amino Acid & Salicylic Acid Facial Cleanser,Beauty,Beauty,,105000,105000,70.0,70.0,177,177,271,67.0,67.0,544.0,23.48,Discount Efficiency Review,High,Displayed discount is at the 81% peer percentile. | Historical sold-value proxy is at the 22% peer percentile. | Likes are at the 22% peer percentile.,Displayed discount is at the 81% peer percentile.,Historical sold-value proxy is at the 22% peer percentile.,Likes are at the 22% peer percentile.,id | Beauty; price pctl 72%; likes pctl 22%; sold-value pctl 22%
id,id,809769142,Glad2Glow Official Store,28343930753,[KHUSUS MEMBER]Glad2Glow Tone Up Brightening Cream 30g,Beauty,Beauty,,100000,100000,0.0,0.0,104,104,121,193.0,193.0,397.0,23.28,Low Priority,High,Displayed discount is at the 6% peer percentile. | Shop credibility score is 87%. | Likes are at the 18% peer percentile.,Displayed discount is at the 6% peer percentile.,Shop credibility score is 87%.,Likes are at the 18% peer percentile.,id | Beauty; price pctl 68%; likes pctl 18%; sold-value pctl 19%
id,id,809769142,Glad2Glow Official Store,46312750544,[ FREE GIFT FOR 6/25! ]Dapatkan Hadiah Dengan Min. Pembelian 300RB,Beauty,Beauty,,9999999,9999999,0.0,0.0,11,11,280,1000.0,1000.0,1000.0,23.23,Maintain and Monitor,High,Price is at the 100% country-category percentile. | Likes are at the 4% peer percentile. | Displayed discount is at the 6% peer percentile.,Price is at the 100% country-category percentile.,Likes are at the 4% peer percentile.,Displayed discount is at the 6% peer percentile.,id | Beauty; price pctl 100%; likes pctl 4%; sold-value pctl 33%
id,id,1379527329,ZOICY Official Store,40132174046,"[BPOM] [BELI 1 GRATIS 2PC MASKER] ZOICY Anti-aging PM Cream 50g Whitening Night Cream Pemutih Wajah Glow Up Glowing, Skin Barrier, Moisturizer, Brightening, Anti-Aging  Mencerahkan Flek Hitam Menyamarkan Kerutan dan Garis Halus Pelembab Wajah Mencerahkan",Beauty,Beauty,,158000,158000,59.0,59.0,0,0,0,,,,22.92,Maintain and Monitor,Medium,Likes are at the 1% peer percentile. | Price is at the 86% country-category percentile. | Shop credibility score is 80%.,Likes are at the 1% peer percentile.,Price is at the 86% country-category percentile.,Shop credibility score is 80%.,id | Beauty; price pctl 86%; likes pctl 1%; sold-value pctl 50%
id,id,809769142,Glad2Glow Official Store,50754762666,[BELI 7 DAPAT 9!] Glad2Glow Prefect Cover Glowing Outing Bundle all in 1 10in1 Brightening Moisturizer+Serum+Cushion+Cleanser+Clay Stick+Retinol+Micellar Water 10%Niacinamide skincare paket pembersih perawatan kulit mencerahkan warna kulit g2g official,Beauty,Beauty,,333925,333925,63.0,63.0,206,206,221,47.0,47.0,626.0,22.86,Discount Efficiency Review,High,Price is at the 99% country-category percentile. | Shop credibility score is 87%. | Historical sold-value proxy is at the 24% peer percentile.,Price is at the 99% country-category percentile.,Shop credibility score is 87%.,Historical sold-value proxy is at the 24% peer percentile.,id | Beauty; price pctl 99%; likes pctl 24%; sold-value pctl 24%
id,id,1368540320, Cyeecare Official Store,42377307283,[5pcs Hemat] Cyeecare Peeling Solution Serum Eksfoliasi - Bisa Digunakan 100 Hari,Beauty,Beauty,Peeling Serum,219900,219900,86.0,86.0,282,282,276,139.0,139.0,618.0,22.8,Discount Efficiency Review,High,Price is at the 95% country-category percentile. | Displayed discount is at the 91% peer percentile. | Historical sold-value proxy is at the 23% peer percentile.,Price is at the 95% country-category percentile.,Displayed discount is at the 91% peer percentile.,Historical sold-value proxy is at the 23% peer percentile.,id | Beauty; price pctl 95%; likes pctl 29%; sold-value pctl 23%
id,id,1379527329,ZOICY Official Store,49163119181,[GIVEAWAY] ZOICY Tea Tree Moisturizing Toner 100ml  Facial Wash Cleanser 10ml | Essence 50ml | Hyaluronic Acid Mask,Beauty,Beauty,Toner,9999999,9999999,0.0,0.0,1,1,0,,,,22.55,Maintain and Monitor,Medium,Price is at the 100% country-category percentile. | Likes are at the 1% peer percentile. | Displayed discount is at the 6% peer percentile.,Price is at the 100% country-category percentile.,Likes are at the 1% peer percentile.,Displayed discount is at the 6% peer percentile.,id | Beauty; price pctl 100%; likes pctl 1%; sold-value pctl 50%
id,id,1368540320, Cyeecare Official Store,41729019069,Cyeecare Paket Skincare 5PCS Mencerahkan Melembapkan Kulit Sensitif Asia,Beauty,Beauty,,178000,178000,89.0,89.0,212,212,290,66.0,66.0,547.0,22.48,Discount Efficiency Review,High,Displayed discount is at the 96% peer percentile. | Price is at the 90% country-category percentile. | Historical sold-value proxy is at the 22% peer percentile.,Displayed discount is at the 96% peer percentile.,Price is at the 90% country-category percentile.,Historical sold-value proxy is at the 22% peer percentile.,id | Beauty; price pctl 90%; likes pctl 25%; sold-value pctl 22%
id,id,809769142,Glad2Glow Official Store,48707430412,Glad2Glow Paket Makeup 3in1-FLAWLESS BLURRING SKIN TINT+PERFECT BLURRING POWDER FOUNDATION+BRIGHTENING LIP SERUM Ringan tanpa beban Tahan make up seharian g2glow official,Beauty,Beauty,,185900,185900,53.0,53.0,195,195,152,199.0,199.0,417.0,22.43,Discount Efficiency Review,High,Price is at the 91% country-category percentile. | Shop credibility score is 87%. | Historical sold-value proxy is at the 20% peer percentile.,Price is at the 91% country-category percentile.,Shop credibility score is 87%.,Historical sold-value proxy is at the 20% peer percentile.,id | Beauty; price pctl 91%; likes pctl 23%; sold-value pctl 20%
id,id,859233628,He-Ji Official Store,23100064799,"[HE-JI] Bundle 2 Pcs Rosses Secret Glow Serum with Niacinamide 5%, Propolis Extract & Melazero Extract I Menghidrasi, Mencerahkan & Menyamarkan Bekas Jerawat Flek Hitam Pada Wajah - For All Skin Type UJI LAB SIG & BPOM APPROVED",Beauty,Beauty,Serum & Essence Wajah,97020,97020,41.0,41.0,130,130,158,4.0,4.0,441.0,22.27,Low Priority,High,Likes are at the 19% peer percentile. | Historical sold-value proxy is at the 20% peer percentile. | The listing belongs to an official shop.,Likes are at the 19% peer percentile.,Historical sold-value proxy is at the 20% peer percentile.,The listing belongs to an official shop.,id | Beauty; price pctl 63%; likes pctl 19%; sold-value pctl 20%
id,id,809769142,Glad2Glow Official Store,49204012647,[KHUSUS MEMBER]Glad2Glow Niacinamide Serum Facial Wash Brightening,Beauty,Beauty,,100000,100000,0.0,0.0,66,66,103,164.0,164.0,307.0,22.16,Low Priority,High,Displayed discount is at the 6% peer percentile. | Shop credibility score is 87%. | Likes are at the 14% peer percentile.,Displayed discount is at the 6% peer percentile.,Shop credibility score is 87%.,Likes are at the 14% peer percentile.,id | Beauty; price pctl 68%; likes pctl 14%; sold-value pctl 18%
id,id,779266191,lavojoy Official Shop,48105035999,"[NEW LAUNCH] Lavojoy Calm Me Softly Essence Camelia Dew 60ML | Meredakan Kemerahan & Iritasi Kulit Kepala Sensitif dengan Rosemary+Olive Oils, 6X Ceramide-B5, and Zinc-PO",Beauty,Beauty,CALM ME SOFTLY,99000,99000,30.0,30.0,128,128,50,36.0,36.0,193.0,22.1,Low Priority,High,Shop credibility score is 85%. | Historical sold-value proxy is at the 15% peer percentile. | Displayed discount is at the 16% peer percentile.,Shop credibility score is 85%.,Historical sold-value proxy is at the 15% peer percentile.,Displayed discount is at the 16% peer percentile.,id | Beauty; price pctl 65%; likes pctl 19%; sold-value pctl 15%
id,id,1368540320, Cyeecare Official Store,52711988070,[New Launch] Cyeecare Glowing Essence Cream Krim Wajah Gentle Formula Niacinamide + Hamamelis Korea Aman Kulit Sensitif & Berminyak Brightening Moisturizer 30g,Beauty,Beauty,,48900,48900,88.0,88.0,30,30,75,153.0,153.0,157.0,21.91,Discount Efficiency Review,High,Displayed discount is at the 94% peer percentile. | Likes are at the 9% peer percentile. | Historical sold-value proxy is at the 14% peer percentile.,Displayed discount is at the 94% peer percentile.,Likes are at the 9% peer percentile.,Historical sold-value proxy is at the 14% peer percentile.,id | Beauty; price pctl 24%; likes pctl 9%; sold-value pctl 14%
id,id,809769142,Glad2Glow Official Store,55407453466,[SALE!!] Glad2Glow Glow Serum Spray 100ml 2IN1 Combo Serum Spray + Perfect Vita C Bright Glow Cleanser/Propolis Hyaluronic Acid Essence Toner,Beauty,Beauty,,114000,114000,43.0,43.0,77,77,114,52.0,52.0,261.0,21.48,Low Priority,High,Shop credibility score is 87%. | Likes are at the 16% peer percentile. | Historical sold-value proxy is at the 17% peer percentile.,Shop credibility score is 87%.,Likes are at the 16% peer percentile.,Historical sold-value proxy is at the 17% peer percentile.,id | Beauty; price pctl 76%; likes pctl 16%; sold-value pctl 17%
id,id,430940247,Mooi Pure Glow Official Shop,41505734548,FLASH SALE Mooi Whitening Facial Toner 100ml (Original 100%),Beauty,Beauty,,41900,41900,0.0,0.0,33,33,20,3.0,3.0,74.0,21.44,Low Priority,High,Displayed discount is at the 6% peer percentile. | Likes are at the 9% peer percentile. | Historical sold-value proxy is at the 12% peer percentile.,Displayed discount is at the 6% peer percentile.,Likes are at the 9% peer percentile.,Historical sold-value proxy is at the 12% peer percentile.,id | Beauty; price pctl 17%; likes pctl 9%; sold-value pctl 12%
id,id,430940247,Mooi Pure Glow Official Shop,26162758938,"MOOI Gloowe Milky Serum DAPAT 4 - Serum Wajah Mencerahkan,  Memudarkan Jerawat Kusam Laki-Laki Pencerah",Beauty,Beauty,Serum Wajah,276000,276000,0.0,0.0,199,199,218,12.0,12.0,576.0,21.28,Low Priority,High,Price is at the 97% country-category percentile. | Displayed discount is at the 6% peer percentile. | Historical sold-value proxy is at the 23% peer percentile.,Price is at the 97% country-category percentile.,Displayed discount is at the 6% peer percentile.,Historical sold-value proxy is at the 23% peer percentile.,id | Beauty; price pctl 97%; likes pctl 24%; sold-value pctl 23%
id,id,809769142,Glad2Glow Official Store,55062234188,[2pcs Paket Foundation] Glad2Glow Perfect Cover Glow Cushion | Perfect Cover Cushion  | FlawLess Blurring Skin Tint | 2in1 Perfect Pair Cushion Powder |  Perfect Blurring Powder | Foundation,Beauty,Beauty,,75500,75500,62.0,62.0,48,48,20,139.0,139.0,140.0,21.14,Discount Efficiency Review,High,Likes are at the 12% peer percentile. | Shop credibility score is 87%. | Historical sold-value proxy is at the 13% peer percentile.,Likes are at the 12% peer percentile.,Shop credibility score is 87%.,Historical sold-value proxy is at the 13% peer percentile.,id | Beauty; price pctl 47%; likes pctl 12%; sold-value pctl 13%
id,id,430940247,Mooi Pure Glow Official Shop,43057123550,MOOI Fragrance Hair And Body Mist Chill Honey,Beauty,Beauty,Hair And Body Mist,58800,58800,51.0,51.0,150,150,9,1.0,1.0,25.0,20.92,Discount Efficiency Review,High,Historical sold-value proxy is at the 6% peer percentile. | Likes are at the 21% peer percentile. | The listing belongs to an official shop.,Historical sold-value proxy is at the 6% peer percentile.,Likes are at the 21% peer percentile.,The listing belongs to an official shop.,id | Beauty; price pctl 30%; likes pctl 21%; sold-value pctl 6%
id,id,809769142,Glad2Glow Official Store,54053319677,"Glad2Glow 2in1 Set Cleansing Oil & Clay Mask - Eksfoliasi, Cerah, Anti Jerawat - Untuk Kulit Berminyak & Berkomedo  g2glow official store",Beauty,Beauty,,101000,101000,66.0,66.0,70,70,86,10.0,10.0,191.0,20.81,Discount Efficiency Review,High,Shop credibility score is 87%. | Likes are at the 15% peer percentile. | Historical sold-value proxy is at the 15% peer percentile.,Shop credibility score is 87%.,Likes are at the 15% peer percentile.,Historical sold-value proxy is at the 15% peer percentile.,id | Beauty; price pctl 70%; likes pctl 15%; sold-value pctl 15%
id,id,1368540320, Cyeecare Official Store,57161987975,[New Launch] Cyeecare Glowing Essence Cream Krim Wajah Cerah & Lembap Niacinamide + Dual Vitamin C E + Hamamelis Brightening Moisturizer untuk Kulit Kusam Formulated in Korea 30g,Beauty,Beauty,New Launch,48900,48900,88.0,88.0,22,22,41,82.0,82.0,83.0,20.75,Discount Efficiency Review,High,Displayed discount is at the 94% peer percentile. | Likes are at the 7% peer percentile. | Historical sold-value proxy is at the 12% peer percentile.,Displayed discount is at the 94% peer percentile.,Likes are at the 7% peer percentile.,Historical sold-value proxy is at the 12% peer percentile.,id | Beauty; price pctl 24%; likes pctl 7%; sold-value pctl 12%
id,id,1112776376,Scora Official Store,54410896800,SCORA Acne Calm Rescue Bundle: SCORA Hydra Calm Cica Soothing Moisturizer 40 ML + SCORA Salicylic Acid Gentle Low pH Cleanser 100ml + SCORA Phytobright Milky Toner 80 ML + SCORA Gentle and Soothe Micellar Cleansing Water 100ML,Beauty,Beauty,,109700,109700,56.0,56.0,164,164,104,300.0,300.0,316.0,20.65,Discount Efficiency Review,High,Historical sold-value proxy is at the 18% peer percentile. | Likes are at the 21% peer percentile. | Price is at the 75% country-category percentile.,Historical sold-value proxy is at the 18% peer percentile.,Likes are at the 21% peer percentile.,Price is at the 75% country-category percentile.,id | Beauty; price pctl 75%; likes pctl 21%; sold-value pctl 18%
id,id,809769142,Glad2Glow Official Store,44480446034,[ADD ON DEAL] Glad2Glow PORE CLEARING MICELLAR WATER 130ML,Beauty,Beauty,,69000,69000,0.0,0.0,23,23,18,19.0,19.0,53.0,20.58,Low Priority,High,Displayed discount is at the 6% peer percentile. | Likes are at the 7% peer percentile. | Historical sold-value proxy is at the 10% peer percentile.,Displayed discount is at the 6% peer percentile.,Likes are at the 7% peer percentile.,Historical sold-value proxy is at the 10% peer percentile.,id | Beauty; price pctl 40%; likes pctl 7%; sold-value pctl 10%
id,id,1379527329,ZOICY Official Store,55852808572,[4 BOX HEMAT 200RB] ZOICY Brightening Sheet Mask 4Box 20pcs - Masker Wajah Mencerahkan Kulit | Masker Mencerahkan kulit | Anti Kerut | Melembapkan l Mengencangkan | Menutrisi l Menenangkan |3D Hyaluronic Acid Moisturizing | Niacinamide Glowing,Beauty,Beauty,Masker Wajah,248000,248000,47.0,47.0,240,240,68,25.0,25.0,198.0,20.47,Low Priority,High,Price is at the 97% country-category percentile. | Historical sold-value proxy is at the 15% peer percentile. | Shop credibility score is 80%.,Price is at the 97% country-category percentile.,Historical sold-value proxy is at the 15% peer percentile.,Shop credibility score is 80%.,id | Beauty; price pctl 97%; likes pctl 27%; sold-value pctl 15%
id,id,1368540320, Cyeecare Official Store,46300762080,Cyeecare Salicylic Acid Facial Cleanser Face Wash 70g &Tone Up Cream 20g,Beauty,Beauty,,81900,81900,93.0,93.0,75,75,79,18.0,18.0,131.0,20.44,Discount Efficiency Review,High,Displayed discount is at the 99% peer percentile. | Historical sold-value proxy is at the 12% peer percentile. | Likes are at the 16% peer percentile.,Displayed discount is at the 99% peer percentile.,Historical sold-value proxy is at the 12% peer percentile.,Likes are at the 16% peer percentile.,id | Beauty; price pctl 56%; likes pctl 16%; sold-value pctl 12%
id,id,430940247,Mooi Pure Glow Official Shop,40107130350,MOOI Fragrance Hair And Body Mist Sugar Baby,Beauty,Beauty,Hair And Body Mist,58800,58800,51.0,51.0,97,97,10,1.0,1.0,23.0,20.23,Discount Efficiency Review,High,Historical sold-value proxy is at the 6% peer percentile. | Likes are at the 18% peer percentile. | The listing belongs to an official shop.,Historical sold-value proxy is at the 6% peer percentile.,Likes are at the 18% peer percentile.,The listing belongs to an official shop.,id | Beauty; price pctl 30%; likes pctl 18%; sold-value pctl 6%
id,id,809769142,Glad2Glow Official Store,56857456458,[Cocok Untuk Pemula]Glad2Glow Cerah Bundle 3in1 Moisturizer+Serum+Cleanser Niacinamide+Retinol+Symwhite 377 g2glow official store,Beauty,Beauty,,114500,114500,43.0,43.0,25,25,125,30.0,30.0,280.0,20.09,Low Priority,High,Likes are at the 8% peer percentile. | Shop credibility score is 87%. | Historical sold-value proxy is at the 17% peer percentile.,Likes are at the 8% peer percentile.,Shop credibility score is 87%.,Historical sold-value proxy is at the 17% peer percentile.,id | Beauty; price pctl 77%; likes pctl 8%; sold-value pctl 17%
id,id,809769142,Glad2Glow Official Store,43426213694,[KHUSUS MEMBER]Glad2Glow Blueberry Ceramide Low pH Gel Cleanser,Beauty,Beauty,,100000,100000,0.0,0.0,52,52,40,23.0,23.0,153.0,20.08,Low Priority,High,Displayed discount is at the 6% peer percentile. | Shop credibility score is 87%. | Likes are at the 13% peer percentile.,Displayed discount is at the 6% peer percentile.,Shop credibility score is 87%.,Likes are at the 13% peer percentile.,id | Beauty; price pctl 68%; likes pctl 13%; sold-value pctl 13%
id,id,809769142,Glad2Glow Official Store,55157456628,Glad2Glow Set Makeup Lengkap 2in1 Pore Clearing Micellar+Cushion Foundation Sempurna untuk Makeup Sehari-hari Tanpa Repot G2G / Make Up Set Lengkap,Beauty,Beauty,,103000,103000,66.0,66.0,47,47,71,60.0,60.0,225.0,20.04,Discount Efficiency Review,High,Likes are at the 12% peer percentile. | Shop credibility score is 87%. | Historical sold-value proxy is at the 16% peer percentile.,Likes are at the 12% peer percentile.,Shop credibility score is 87%.,Historical sold-value proxy is at the 16% peer percentile.,id | Beauty; price pctl 71%; likes pctl 12%; sold-value pctl 16%
id,id,430940247,Mooi Pure Glow Official Shop,43855751534,FLASH SALE Mooi Whitening Day Cream - Pelembab Krim Pagi Pencerah Wajah,Beauty,Beauty,,49900,49900,0.0,0.0,40,40,14,2.0,2.0,55.0,20.03,Low Priority,High,Displayed discount is at the 6% peer percentile. | Likes are at the 10% peer percentile. | Historical sold-value proxy is at the 11% peer percentile.,Displayed discount is at the 6% peer percentile.,Likes are at the 10% peer percentile.,Historical sold-value proxy is at the 11% peer percentile.,id | Beauty; price pctl 26%; likes pctl 10%; sold-value pctl 11%
id,id,430940247,Mooi Pure Glow Official Shop,28319706906,"MOOI Perfect Trio Brightening Booster Luar dan Dalam : Tone Up Lotion, Collagen, Serum",Beauty,Beauty,Paket Bundling,116700,116700,40.0,40.0,238,238,31,1.0,1.0,66.0,19.77,Low Priority,High,Historical sold-value proxy is at the 11% peer percentile. | Price is at the 78% country-category percentile. | Displayed discount is at the 24% peer percentile.,Historical sold-value proxy is at the 11% peer percentile.,Price is at the 78% country-category percentile.,Displayed discount is at the 24% peer percentile.,id | Beauty; price pctl 78%; likes pctl 26%; sold-value pctl 11%
id,id,430940247,Mooi Pure Glow Official Shop,25550661955,Bundling Mooi Pure Glow Tone Up Booster + Mooi Whitening Facial Toner 100%original,Beauty,Beauty,Paket Bundling,81800,81800,41.0,41.0,151,151,17,1.0,1.0,33.0,19.69,Low Priority,High,Historical sold-value proxy is at the 8% peer percentile. | Likes are at the 21% peer percentile. | The listing belongs to an official shop.,Historical sold-value proxy is at the 8% peer percentile.,Likes are at the 21% peer percentile.,The listing belongs to an official shop.,id | Beauty; price pctl 55%; likes pctl 21%; sold-value pctl 8%
id,id,859233628,He-Ji Official Store,23200058244,"[HE-JI] BIG SIZE Gel Mask With Sakura Extract 250gr - Masker Gel Wajah Melembabkan, Mencerahkan & Menenangkan Wajah I Mengandung Niacinamide 2%, Extract Sakura, 5x Ceramide & Centella Asiatica - UJI LAB SIG & BPOM APPROVED",Beauty,Beauty,Masker Wajah,97020,97020,45.0,45.0,50,50,75,32.0,32.0,318.0,19.68,Low Priority,High,Likes are at the 13% peer percentile. | Historical sold-value proxy is at the 18% peer percentile. | The listing belongs to an official shop.,Likes are at the 13% peer percentile.,Historical sold-value proxy is at the 18% peer percentile.,The listing belongs to an official shop.,id | Beauty; price pctl 63%; likes pctl 13%; sold-value pctl 18%
id,id,430940247,Mooi Pure Glow Official Shop,43907127297,MOOI Fragrance Hair And Body Mist Sweety Girl,Beauty,Beauty,Hair And Body Mist,58800,58800,51.0,51.0,74,74,8,,,18.0,19.52,Discount Efficiency Review,High,Historical sold-value proxy is at the 5% peer percentile. | Likes are at the 16% peer percentile. | The listing belongs to an official shop.,Historical sold-value proxy is at the 5% peer percentile.,Likes are at the 16% peer percentile.,The listing belongs to an official shop.,id | Beauty; price pctl 30%; likes pctl 16%; sold-value pctl 5%
id,id,1368540320, Cyeecare Official Store,55312530737,[KOL Exclusive]Cyeecare Tone Up Cream Krim Pencerah Wajah Glowing Instan Moisturizer,Beauty,Beauty,,28000,28000,90.0,90.0,12,12,4,5.0,5.0,6.0,19.51,Discount Efficiency Review,High,Price is at the 1% country-category percentile. | Historical sold-value proxy is at the 3% peer percentile. | Displayed discount is at the 97% peer percentile.,Price is at the 1% country-category percentile.,Historical sold-value proxy is at the 3% peer percentile.,Displayed discount is at the 97% peer percentile.,id | Beauty; price pctl 1%; likes pctl 4%; sold-value pctl 3%
id,id,779266191,lavojoy Official Shop,43878200654,[For Sensitive Scalp]  Lavojoy Calm Me Softly 2in1 Sensitive Scalp Care | Shampoo 280ML + Essence 60ML | Menenangkan & Merawat Scalp barier cocok untuk kulit sensitif,Beauty,Beauty,CALM ME SOFTLY,189060,189060,36.0,36.0,105,105,71,43.0,43.0,212.0,19.47,Low Priority,High,Price is at the 92% country-category percentile. | Shop credibility score is 85%. | Historical sold-value proxy is at the 15% peer percentile.,Price is at the 92% country-category percentile.,Shop credibility score is 85%.,Historical sold-value proxy is at the 15% peer percentile.,id | Beauty; price pctl 92%; likes pctl 18%; sold-value pctl 15%
id,id,1368540320, Cyeecare Official Store,54059337526,Cyeecare TRI-ACID ARBUTIN Sabun Cuci Muka Gel 120ml Brightening Oil Control Bebas Kilap Cerah Merata,Beauty,Beauty,,68900,68900,88.0,88.0,42,42,22,11.0,11.0,33.0,19.46,Discount Efficiency Review,High,Displayed discount is at the 94% peer percentile. | Historical sold-value proxy is at the 8% peer percentile. | Likes are at the 11% peer percentile.,Displayed discount is at the 94% peer percentile.,Historical sold-value proxy is at the 8% peer percentile.,Likes are at the 11% peer percentile.,id | Beauty; price pctl 39%; likes pctl 11%; sold-value pctl 8%
id,id,1379527329,ZOICY Official Store,27365465554,ZOICY Tea Tree Moisturizing Toner 100ml | Ceramide Tea Tree Niacinamide Centella Toner Meredakan kemerahan Eksfoliasi Wajah Mengontrol Minyak Mengecilkan pori-pori,Beauty,Beauty,Toner,99000,99000,55.0,55.0,70,70,22,17.0,17.0,54.0,19.26,Discount Efficiency Review,High,Historical sold-value proxy is at the 10% peer percentile. | Likes are at the 15% peer percentile. | Shop credibility score is 80%.,Historical sold-value proxy is at the 10% peer percentile.,Likes are at the 15% peer percentile.,Shop credibility score is 80%.,id | Beauty; price pctl 65%; likes pctl 15%; sold-value pctl 10%
id,id,809769142,Glad2Glow Official Store,41880136036,[JADI MEMBER! SETIAP SENIN DAPATKAN HARGA TERBAIK]Glad2Glow Cherry Blossom Micellar Water 300ml Untuk Semua Kulit Lembut cleansing oil Penghapus Makeup Waterproof Hapus Riasan Tahan Air dengan Centella & Tanpa Iritasi untuk Kulit Sensitif & Berjerawat,Beauty,Beauty,,157000,157000,0.0,0.0,42,42,52,64.0,64.0,254.0,18.86,Low Priority,High,Displayed discount is at the 6% peer percentile. | Likes are at the 11% peer percentile. | Shop credibility score is 87%.,Displayed discount is at the 6% peer percentile.,Likes are at the 11% peer percentile.,Shop credibility score is 87%.,id | Beauty; price pctl 86%; likes pctl 11%; sold-value pctl 16%
id,id,1112776376,Scora Official Store,41431071722,SCORA Barrier Healthy Glow Bundle: SCORA 5% D-Panthenol Barrier Water Gel Moisturizer 40ML + SCORA D-Panthenol Gentle Low pH Cleanser 100ml + SCORA Phytobright Milky Toner 80 ML + SCORA Bright Me Up Sunscreen 40 ml + SCORA Honey Glow Tone Up C,Beauty,Beauty,,109700,109700,56.0,56.0,110,110,46,135.0,135.0,148.0,18.63,Discount Efficiency Review,High,Historical sold-value proxy is at the 13% peer percentile. | Likes are at the 19% peer percentile. | Price is at the 75% country-category percentile.,Historical sold-value proxy is at the 13% peer percentile.,Likes are at the 19% peer percentile.,Price is at the 75% country-category percentile.,id | Beauty; price pctl 75%; likes pctl 19%; sold-value pctl 13%
id,id,1379527329,ZOICY Official Store,56752813162,[5 BOX LEBIH MURAH] ZOICY Sheet Mask Hyaluronic Acid 5 Box - Masker Wajah Mencerahkan Kulit l Masker Mencerah Wajah l Melembapkan  l Mengencangkan l Menutrisi l Menenangkan l Niacinamide l Salicylic Acid  l Witch Hazel l Extract Centella l Purslane,Beauty,Beauty,Masker Wajah,308000,308000,47.0,47.0,170,170,42,15.0,15.0,127.0,18.48,Low Priority,High,Price is at the 98% country-category percentile. | Historical sold-value proxy is at the 12% peer percentile. | Shop credibility score is 80%.,Price is at the 98% country-category percentile.,Historical sold-value proxy is at the 12% peer percentile.,Shop credibility score is 80%.,id | Beauty; price pctl 98%; likes pctl 22%; sold-value pctl 12%
id,id,430940247,Mooi Pure Glow Official Shop,28207762425,Bundling Serum Mooi Pure Glow + Collagen Dink Mooi Pure Glow,Beauty,Beauty,Paket Bundling,76800,76800,50.0,50.0,113,113,5,,,10.0,18.26,Discount Efficiency Review,High,Historical sold-value proxy is at the 3% peer percentile. | Likes are at the 19% peer percentile. | The listing belongs to an official shop.,Historical sold-value proxy is at the 3% peer percentile.,Likes are at the 19% peer percentile.,The listing belongs to an official shop.,id | Beauty; price pctl 48%; likes pctl 19%; sold-value pctl 3%
id,id,809769142,Glad2Glow Official Store,56659622964,[ADD ON DEAL]Glad2Glow Glycolic Acid Facial Wash 70ml Membersihkan & Merawat Kulit 2-in-1 Niacinamide Pencerah Pembersihan Lembut Hidrasi Melindungi Barrier Kulit Sabun Wajah Cocok Untuk Kulit Sensitif,Beauty,Beauty,,89000,89000,0.0,0.0,24,24,13,18.0,18.0,42.0,18.12,Low Priority,High,Displayed discount is at the 6% peer percentile. | Likes are at the 7% peer percentile. | Historical sold-value proxy is at the 9% peer percentile.,Displayed discount is at the 6% peer percentile.,Likes are at the 7% peer percentile.,Historical sold-value proxy is at the 9% peer percentile.,id | Beauty; price pctl 59%; likes pctl 7%; sold-value pctl 9%
id,id,1379527329,ZOICY Official Store,54561278782,"[BPOM]  [BELI 1 GRATIS 2PC MASKER] ZOICY Tone Up Cream 40G | Instan Mencerahkan Kulit, Efek Tone-up Glowing Skin, UV Protection, No Whitecast, Day Cream Lazy Cream Long-lasting Moisturizing",Beauty,Beauty,,176000,176000,51.0,51.0,33,33,58,373.0,373.0,373.0,18.01,Discount Efficiency Review,High,Likes are at the 9% peer percentile. | Price is at the 89% country-category percentile. | Historical sold-value proxy is at the 19% peer percentile.,Likes are at the 9% peer percentile.,Price is at the 89% country-category percentile.,Historical sold-value proxy is at the 19% peer percentile.,id | Beauty; price pctl 89%; likes pctl 9%; sold-value pctl 19%
id,id,1368540320, Cyeecare Official Store,46662299954,[New Launch] Cyeecare Paket 3 Langkah Exfo Glow Cleanser Serum Cream Skincare Set Eksfoliasi Pencerah AHA BHA PHA Niacinamide Kulit Mulus Glowing,Beauty,Beauty,Paket Perawatan Kulit,108900,108900,90.0,90.0,48,48,89,183.0,183.0,185.0,17.93,Discount Efficiency Review,High,Displayed discount is at the 97% peer percentile. | Likes are at the 12% peer percentile. | Historical sold-value proxy is at the 15% peer percentile.,Displayed discount is at the 97% peer percentile.,Likes are at the 12% peer percentile.,Historical sold-value proxy is at the 15% peer percentile.,id | Beauty; price pctl 74%; likes pctl 12%; sold-value pctl 15%
id,id,809769142,Glad2Glow Official Store,48403527392,[NEW LAUNCH] Glad2Glow FLAWLESS BLURRING SKIN TINT 30G+ BRIGHTENING LIP SERUM 7g*2 Mencerahkan Melembabkan 3in1 liptint Foundation Bedak padat Make up Lightweight Coverage Long-lasting 12-Hour Soft-Focus Flawless Skin oil-control g2glow official store,Beauty,Beauty,,160500,160500,46.0,46.0,77,77,17,3.0,3.0,54.0,17.93,Low Priority,High,Historical sold-value proxy is at the 10% peer percentile. | Shop credibility score is 87%. | Price is at the 87% country-category percentile.,Historical sold-value proxy is at the 10% peer percentile.,Shop credibility score is 87%.,Price is at the 87% country-category percentile.,id | Beauty; price pctl 87%; likes pctl 16%; sold-value pctl 10%
id,id,809769142,Glad2Glow Official Store,45462078618,Glad2Glow Perfect Airbrush Setting Spray -All DAY GLOW SETTINGSPRAY -White Truffle SerumSpray 100ml-All Day Matte Setting Spray -Kunci Makeup 12H Anti Luntur & Kontrol Minyak - Soft Matte Finish Anti Geser Waterproof & Sweatproof-glad2glow offcial,Beauty,Beauty,,128900,128900,35.0,35.0,47,47,12,162.0,162.0,164.0,17.85,Low Priority,High,Likes are at the 12% peer percentile. | Shop credibility score is 87%. | Historical sold-value proxy is at the 14% peer percentile.,Likes are at the 12% peer percentile.,Shop credibility score is 87%.,Historical sold-value proxy is at the 14% peer percentile.,id | Beauty; price pctl 81%; likes pctl 12%; sold-value pctl 14%
id,id,809769142,Glad2Glow Official Store,52558972921,[JADI MEMBER! SETIAP SENIN DAPATKAN HARGA TERBAIK]Glad2Glow Perfect Blurring Powder Foundation waterproof setting two way cake TWC Mengandung squalane dan vitamin E concealer pengontrol minyak meratakan warna kulit bantalan udara yang menjaga kelembapan,Beauty,Beauty,,195000,195000,0.0,0.0,36,36,30,164.0,164.0,248.0,17.71,Low Priority,High,Displayed discount is at the 6% peer percentile. | Price is at the 93% country-category percentile. | Likes are at the 10% peer percentile.,Displayed discount is at the 6% peer percentile.,Price is at the 93% country-category percentile.,Likes are at the 10% peer percentile.,id | Beauty; price pctl 93%; likes pctl 10%; sold-value pctl 16%
id,id,809769142,Glad2Glow Official Store,49662627211,"[Launching 6 July,Add to the Cart]Glad2Glow PERFECT BLURRING POWDER FOUNDATION 4.5g TWC 12H Oil Control Tahan Lama Waterproof Sweatproof Transferproof Full Coverage Melembabkan Tidak Bikin Kering BPOM- g2glow official store",Beauty,Beauty,💖NEW LAUNCH,99000,99000,0.0,0.0,40,40,11,11.0,11.0,13.0,17.46,Low Priority,High,Historical sold-value proxy is at the 4% peer percentile. | Displayed discount is at the 6% peer percentile. | Likes are at the 10% peer percentile.,Historical sold-value proxy is at the 4% peer percentile.,Displayed discount is at the 6% peer percentile.,Likes are at the 10% peer percentile.,id | Beauty; price pctl 65%; likes pctl 10%; sold-value pctl 4%
id,id,1368540320, Cyeecare Official Store,51256726650,[KOL Exclusive] Cyeecare 3pcs Skincare Moisturizer Serum Cleanser Glowing Kit Mengurangi Dark Spot,Beauty,Beauty,,123000,123000,89.0,89.0,89,89,35,4.0,4.0,66.0,17.34,Discount Efficiency Review,High,Displayed discount is at the 96% peer percentile. | Historical sold-value proxy is at the 11% peer percentile. | Likes are at the 17% peer percentile.,Displayed discount is at the 96% peer percentile.,Historical sold-value proxy is at the 11% peer percentile.,Likes are at the 17% peer percentile.,id | Beauty; price pctl 79%; likes pctl 17%; sold-value pctl 11%
id,id,1379527329,ZOICY Official Store,29365482743,ZOICY Tea Tree Energy Essence 30ml | Acne Care Facial Serum Niacinamide Centella White Glow Brightening Lighten Acne Marks Anti-inflammatory and Anti-redness,Beauty,Beauty,Serum & Essence Wajah,148000,148000,57.0,57.0,73,73,21,2.0,2.0,50.0,17.27,Discount Efficiency Review,High,Historical sold-value proxy is at the 10% peer percentile. | Likes are at the 15% peer percentile. | Price is at the 85% country-category percentile.,Historical sold-value proxy is at the 10% peer percentile.,Likes are at the 15% peer percentile.,Price is at the 85% country-category percentile.,id | Beauty; price pctl 85%; likes pctl 15%; sold-value pctl 10%
id,id,200048291,Prettywell Official Shop,23124817429,Prettywell Twinpack Feel Alive [ 2pcs Exfoliating Toner ] - Kulit anti jerawat dan bruntusan,Beauty,Beauty,Bundle,146726,146726,0.0,0.0,52,52,19,2.0,2.0,60.0,17.19,Low Priority,High,Displayed discount is at the 6% peer percentile. | Historical sold-value proxy is at the 11% peer percentile. | Likes are at the 13% peer percentile.,Displayed discount is at the 6% peer percentile.,Historical sold-value proxy is at the 11% peer percentile.,Likes are at the 13% peer percentile.,id | Beauty; price pctl 84%; likes pctl 13%; sold-value pctl 11%
id,id,809769142,Glad2Glow Official Store,42880446008,[ADD ON DEAL] GLAD2GLOW PERFECT VITA C BRIGHT GLOW MICELLAR WATER 300ml Pembersih Wajah Make Up Remover Cleansing Water Mencerahkan Dark Spot Membersihkan makeup waterproof 130ML & 230ML,Beauty,Beauty,,79000,79000,0.0,0.0,11,11,8,14.0,14.0,25.0,17.12,Low Priority,High,Likes are at the 4% peer percentile. | Displayed discount is at the 6% peer percentile. | Historical sold-value proxy is at the 6% peer percentile.,Likes are at the 4% peer percentile.,Displayed discount is at the 6% peer percentile.,Historical sold-value proxy is at the 6% peer percentile.,id | Beauty; price pctl 51%; likes pctl 4%; sold-value pctl 6%
id,id,187405886,Alara Cosmetic Official Store,27114992184,"Paket 3 ALARA Whitening + Vitamin E , Tone Up Booster, Pencerah Tubuh, Anti Kusam, Anti Air BPOM",Beauty,Beauty,On Sale,190000,190000,55.0,55.0,164,164,143,8.0,8.0,328.0,17.01,Discount Efficiency Review,High,Price is at the 93% country-category percentile. | Historical sold-value proxy is at the 19% peer percentile. | Likes are at the 21% peer percentile.,Price is at the 93% country-category percentile.,Historical sold-value proxy is at the 19% peer percentile.,Likes are at the 21% peer percentile.,id | Beauty; price pctl 93%; likes pctl 21%; sold-value pctl 19%
id,id,809769142,Glad2Glow Official Store,56459618045,[ADD ON DEAL] Glad2Glow Low pH 5.5 Gentle Face Wash  Pencuci Muka pH Seimbang Sabun Wajah Facial Cleanser g2g,Beauty,Beauty,,79000,79000,0.0,0.0,22,22,3,9.0,9.0,17.0,16.99,Low Priority,High,Historical sold-value proxy is at the 4% peer percentile. | Displayed discount is at the 6% peer percentile. | Likes are at the 7% peer percentile.,Historical sold-value proxy is at the 4% peer percentile.,Displayed discount is at the 6% peer percentile.,Likes are at the 7% peer percentile.,id | Beauty; price pctl 51%; likes pctl 7%; sold-value pctl 4%
id,id,430940247,Mooi Pure Glow Official Shop,40169667114,MOOI bundling MOOIST + Tone Up Booster + Serum,Beauty,Beauty,,116700,116700,38.0,38.0,140,140,14,6.0,6.0,34.0,16.97,Low Priority,High,Historical sold-value proxy is at the 8% peer percentile. | Likes are at the 20% peer percentile. | Displayed discount is at the 22% peer percentile.,Historical sold-value proxy is at the 8% peer percentile.,Likes are at the 20% peer percentile.,Displayed discount is at the 22% peer percentile.,id | Beauty; price pctl 78%; likes pctl 20%; sold-value pctl 8%
id,id,430940247,Mooi Pure Glow Official Shop,26107772535,Bundling Serum Mooi Pure Glow + Toner MOOI,Beauty,Beauty,Paket Bundling,73800,73800,50.0,50.0,30,30,11,2.0,2.0,32.0,16.86,Discount Efficiency Review,High,Historical sold-value proxy is at the 8% peer percentile. | Likes are at the 9% peer percentile. | The listing belongs to an official shop.,Historical sold-value proxy is at the 8% peer percentile.,Likes are at the 9% peer percentile.,The listing belongs to an official shop.,id | Beauty; price pctl 44%; likes pctl 9%; sold-value pctl 8%
id,id,430940247,Mooi Pure Glow Official Shop,49452808958,Bundling Tone Up Booster MOOI + MOOI Fragrance Hair And Body Mist Chill Honey,Beauty,Beauty,,76800,76800,45.0,45.0,38,38,11,,,25.0,16.78,Low Priority,High,Historical sold-value proxy is at the 6% peer percentile. | Likes are at the 10% peer percentile. | The listing belongs to an official shop.,Historical sold-value proxy is at the 6% peer percentile.,Likes are at the 10% peer percentile.,The listing belongs to an official shop.,id | Beauty; price pctl 48%; likes pctl 10%; sold-value pctl 6%
id,id,200048291,Prettywell Official Shop,41850023652,Prettywell Mini Travel KIT - Exfoliasi dan melembakan kulit untuk pemula,Beauty,Beauty,,97334,97334,0.0,0.0,22,22,12,1.0,1.0,36.0,16.75,Low Priority,High,Displayed discount is at the 6% peer percentile. | Likes are at the 7% peer percentile. | Historical sold-value proxy is at the 8% peer percentile.,Displayed discount is at the 6% peer percentile.,Likes are at the 7% peer percentile.,Historical sold-value proxy is at the 8% peer percentile.,id | Beauty; price pctl 64%; likes pctl 7%; sold-value pctl 8%
id,id,809769142,Glad2Glow Official Store,49459172555,[ Free Gift&SaveMore-5PCS]Glad2Glow Micellar Water 300ml cleansing oil micellar remover make up remove facial wash g2glow official store,Beauty,Beauty,,169000,169000,72.0,72.0,26,26,23,108.0,108.0,154.0,16.62,Discount Efficiency Review,High,Likes are at the 8% peer percentile. | Price is at the 88% country-category percentile. | Shop credibility score is 87%.,Likes are at the 8% peer percentile.,Price is at the 88% country-category percentile.,Shop credibility score is 87%.,id | Beauty; price pctl 88%; likes pctl 8%; sold-value pctl 14%
id,id,809769142,Glad2Glow Official Store,48806582584,Glad2Glow Glow SerumSpray 100ml White Truffle RadianceMencerahkan & Melindungi Skin BarrierSkin Prep Face Glad2Glow Official Store,Beauty,Beauty,,237500,237500,40.0,40.0,73,73,16,7.0,7.0,46.0,16.56,Low Priority,High,Price is at the 96% country-category percentile. | Historical sold-value proxy is at the 10% peer percentile. | Shop credibility score is 87%.,Price is at the 96% country-category percentile.,Historical sold-value proxy is at the 10% peer percentile.,Shop credibility score is 87%.,id | Beauty; price pctl 96%; likes pctl 15%; sold-value pctl 10%
id,id,809769142,Glad2Glow Official Store,53759613273,[JADI MEMBER! SETIAP SENIN DAPATKAN HARGA TERBAIK]Glad2Glow FLAWLESS BLURRING SKIN TINT 30G Concealer Foundation Bedak padat Make up Lightweight Coverage Long-lasting 12-Hour Soft-Focus Flawless Skin oil-control Bio-Mimetic Film Technology Care,Beauty,Beauty,,245000,245000,0.0,0.0,58,58,17,28.0,28.0,55.0,16.47,Low Priority,High,Price is at the 96% country-category percentile. | Displayed discount is at the 6% peer percentile. | Historical sold-value proxy is at the 11% peer percentile.,Price is at the 96% country-category percentile.,Displayed discount is at the 6% peer percentile.,Historical sold-value proxy is at the 11% peer percentile.,id | Beauty; price pctl 96%; likes pctl 14%; sold-value pctl 11%
id,id,1368540320, Cyeecare Official Store,57006726660,[KOL Exclusive] Cyeecare AHA BHA PHA LHA Serum 20g + Soothing Cream 30g,Beauty,Beauty,,90000,90000,87.0,87.0,33,33,15,,,38.0,16.33,Discount Efficiency Review,High,Displayed discount is at the 93% peer percentile. | Historical sold-value proxy is at the 9% peer percentile. | Likes are at the 9% peer percentile.,Displayed discount is at the 93% peer percentile.,Historical sold-value proxy is at the 9% peer percentile.,Likes are at the 9% peer percentile.,id | Beauty; price pctl 61%; likes pctl 9%; sold-value pctl 9%
id,id,809769142,Glad2Glow Official Store,57457465945,Glad2glow Brightening Lip Serum Strawberry Glaze Melembabkan Bibir& Pore Clearing Micellar Water&Vita C Bright Glow Cleanser,Beauty,Beauty,,126500,126500,36.0,36.0,44,44,10,7.0,7.0,30.0,16.25,Low Priority,High,Historical sold-value proxy is at the 7% peer percentile. | Likes are at the 11% peer percentile. | Shop credibility score is 87%.,Historical sold-value proxy is at the 7% peer percentile.,Likes are at the 11% peer percentile.,Shop credibility score is 87%.,id | Beauty; price pctl 80%; likes pctl 11%; sold-value pctl 7%
id,id,430940247,Mooi Pure Glow Official Shop,26757768295,Bundling Collagen Drink MOOI + Day Cream MOOI,Beauty,Beauty,Paket Bundling,88800,88800,42.0,42.0,82,82,2,,,6.0,16.04,Low Priority,High,Historical sold-value proxy is at the 3% peer percentile. | Likes are at the 17% peer percentile. | The listing belongs to an official shop.,Historical sold-value proxy is at the 3% peer percentile.,Likes are at the 17% peer percentile.,The listing belongs to an official shop.,id | Beauty; price pctl 58%; likes pctl 17%; sold-value pctl 3%
id,id,1368540320, Cyeecare Official Store,40381755746,[New Launch] Cyeecare Paket 5 Langkah Exfo Hydra Glow Cleanser Toner Serum Cream Skincare Set Lengkap Eksfoliasi Pencerah AHA BHA PHA Niacinamide Kulit Mulus Glowing,Beauty,Beauty,Paket Perawatan Kulit,177900,177900,89.0,89.0,50,50,67,163.0,163.0,164.0,15.91,Discount Efficiency Review,High,Displayed discount is at the 96% peer percentile. | Price is at the 90% country-category percentile. | Likes are at the 13% peer percentile.,Displayed discount is at the 96% peer percentile.,Price is at the 90% country-category percentile.,Likes are at the 13% peer percentile.,id | Beauty; price pctl 90%; likes pctl 13%; sold-value pctl 14%
id,id,809769142,Glad2Glow Official Store,45308822576,[LINK]Glad2Glow Perfect Cover Cushion Foundation Waterproof Make Up Setting Concealer BB Cream Tahan Lama Hingga 12 Jam Hasil Akhir Glowing Dan Menyatu Dengan Warna Kulit Tekstur Ringan Di Wajah g2glow official store,Beauty,Beauty,,98900,98900,99.0,99.0,21,21,5,6.0,6.0,25.0,15.81,Discount Efficiency Review,High,Displayed discount is at the 100% peer percentile. | Historical sold-value proxy is at the 6% peer percentile. | Likes are at the 6% peer percentile.,Displayed discount is at the 100% peer percentile.,Historical sold-value proxy is at the 6% peer percentile.,Likes are at the 6% peer percentile.,id | Beauty; price pctl 64%; likes pctl 6%; sold-value pctl 6%
id,id,809769142,Glad2Glow Official Store,55659614172,[ ADD ON DEAL ] GLAD2GLOW PERFECT VITA C BRIGHT GLOW TONER G2G Toner 3in1 Function Bright Toner Kulit Tampak Cerah Brightening Even Skin Tone Hydrating Glad2Glow Official,Beauty,Beauty,,90000,90000,0.0,0.0,7,7,9,7.0,7.0,22.0,15.77,Low Priority,High,Likes are at the 3% peer percentile. | Historical sold-value proxy is at the 5% peer percentile. | Displayed discount is at the 6% peer percentile.,Likes are at the 3% peer percentile.,Historical sold-value proxy is at the 5% peer percentile.,Displayed discount is at the 6% peer percentile.,id | Beauty; price pctl 61%; likes pctl 3%; sold-value pctl 5%
id,id,430940247,Mooi Pure Glow Official Shop,26211988855,Bundling Collagen MOOI + Night Cream MOOI,Beauty,Beauty,Paket Bundling,84800,84800,45.0,45.0,60,60,3,1.0,1.0,11.0,15.75,Low Priority,High,Historical sold-value proxy is at the 4% peer percentile. | Likes are at the 14% peer percentile. | The listing belongs to an official shop.,Historical sold-value proxy is at the 4% peer percentile.,Likes are at the 14% peer percentile.,The listing belongs to an official shop.,id | Beauty; price pctl 57%; likes pctl 14%; sold-value pctl 4%
id,id,187405886,Alara Cosmetic Official Store,26956380580,ALARA Whitening Booster Lotion | Body Lotion Pencerah Instan & Tahan Air BPOM 2 Tube,Beauty,Beauty,On Sale,156000,156000,44.0,44.0,94,94,77,,,168.0,15.75,Low Priority,High,Price is at the 86% country-category percentile. | Historical sold-value proxy is at the 14% peer percentile. | Likes are at the 17% peer percentile.,Price is at the 86% country-category percentile.,Historical sold-value proxy is at the 14% peer percentile.,Likes are at the 17% peer percentile.,id | Beauty; price pctl 86%; likes pctl 17%; sold-value pctl 14%
id,id,809769142,Glad2Glow Official Store,56159614182,[ADD ON DEAL] Glad2Glow All IN ONE MAKEUP REMOVER Untuk Semua Kulit Lembut cleansing oil Penghapus Makeup Waterproof 150ML,Beauty,Beauty,,99000,99000,0.0,0.0,19,19,4,12.0,12.0,20.0,15.7,Low Priority,High,Historical sold-value proxy is at the 5% peer percentile. | Likes are at the 6% peer percentile. | Displayed discount is at the 6% peer percentile.,Historical sold-value proxy is at the 5% peer percentile.,Likes are at the 6% peer percentile.,Displayed discount is at the 6% peer percentile.,id | Beauty; price pctl 65%; likes pctl 6%; sold-value pctl 5%
id,id,1379527329,ZOICY Official Store,51302813419,[6BOX CUMA 368RB] ZOICY Hyaluronic Acid Moisturizing Mask 6 Box | 30 Pieces | Masker Wajah Melembabkan Mencerahkan Anti - aging Sheet Facial Masker Niacinamide Hydrating Moisturizing Hyaluronic Acid Salicylic Acid Exfoliation,Beauty,Beauty,Masker Wajah,368000,368000,47.0,47.0,91,91,13,13.0,13.0,42.0,15.63,Low Priority,High,Price is at the 99% country-category percentile. | Historical sold-value proxy is at the 9% peer percentile. | Likes are at the 17% peer percentile.,Price is at the 99% country-category percentile.,Historical sold-value proxy is at the 9% peer percentile.,Likes are at the 17% peer percentile.,id | Beauty; price pctl 99%; likes pctl 17%; sold-value pctl 9%
id,id,430940247,Mooi Pure Glow Official Shop,26123018764,Bundling 2 MOOI Serum Pure Glow + 1 MOOI Collagen Drink Membantu Mencerahkan,Beauty,Beauty,Paket Bundling,108700,108700,45.0,45.0,73,73,11,1.0,1.0,26.0,15.62,Low Priority,High,Historical sold-value proxy is at the 7% peer percentile. | Likes are at the 15% peer percentile. | The listing belongs to an official shop.,Historical sold-value proxy is at the 7% peer percentile.,Likes are at the 15% peer percentile.,The listing belongs to an official shop.,id | Beauty; price pctl 73%; likes pctl 15%; sold-value pctl 7%
id,id,1368540320, Cyeecare Official Store,48759375946,Cyeecare Hydrating Gelly Mask Menghidrasi dan Mencerahkan Wajah,Beauty,Beauty,,89000,89000,87.0,87.0,17,17,14,13.0,13.0,29.0,15.26,Discount Efficiency Review,High,Likes are at the 5% peer percentile. | Historical sold-value proxy is at the 7% peer percentile. | Displayed discount is at the 93% peer percentile.,Likes are at the 5% peer percentile.,Historical sold-value proxy is at the 7% peer percentile.,Displayed discount is at the 93% peer percentile.,id | Beauty; price pctl 59%; likes pctl 5%; sold-value pctl 7%
id,id,1368540320, Cyeecare Official Store,54412798940,[New Launch] Cyeecare 377 Glow Radiance Cream 30g BPOM Krim Pencerah Wajah Pemudar Noda Hitam Flek Bekas Jerawat Niacinamide Tranexamic Acid 8D Hyaluronic Acid Ceramide Korea,Beauty,Beauty,New Launch,53900,53900,85.0,85.0,3,3,0,,,1.0,15.16,Discount Efficiency Review,High,Historical sold-value proxy is at the 1% peer percentile. | Likes are at the 2% peer percentile. | Displayed discount is at the 90% peer percentile.,Historical sold-value proxy is at the 1% peer percentile.,Likes are at the 2% peer percentile.,Displayed discount is at the 90% peer percentile.,id | Beauty; price pctl 27%; likes pctl 2%; sold-value pctl 1%
id,id,809769142,Glad2Glow Official Store,41381802204,Glad2Glow Perfect Blur&Cover Loose Powder oil control Finishing Kontrol Minyak Tahan Lama Anti Luntur Halus Sempurna & Cover Tinggi bedak padat bedak tabur two way cake cushion foundation setting spray make up g2g glad2glow official store,Beauty,Beauty,,145000,145000,27.0,27.0,43,43,3,16.0,16.0,17.0,14.88,Low Priority,High,Historical sold-value proxy is at the 4% peer percentile. | Likes are at the 11% peer percentile. | Shop credibility score is 87%.,Historical sold-value proxy is at the 4% peer percentile.,Likes are at the 11% peer percentile.,Shop credibility score is 87%.,id | Beauty; price pctl 84%; likes pctl 11%; sold-value pctl 4%
id,id,809769142,Glad2Glow Official Store,48209634222,[Add On Deal] Glad2Glow Barrier Toner Propolis Hyaluronic Acid Essence 80ml Toner,Beauty,Beauty,,99000,99000,0.0,0.0,8,8,3,4.0,4.0,8.0,14.69,Low Priority,High,Historical sold-value proxy is at the 3% peer percentile. | Likes are at the 3% peer percentile. | Displayed discount is at the 6% peer percentile.,Historical sold-value proxy is at the 3% peer percentile.,Likes are at the 3% peer percentile.,Displayed discount is at the 6% peer percentile.,id | Beauty; price pctl 65%; likes pctl 3%; sold-value pctl 3%
id,id,809769142,Glad2Glow Official Store,41680446046,[ADD ON DEAL] Glad2Glow Yuzu Aha Blackhead Exfoliating Cleanser facial wash skincare face wash,Beauty,Beauty,,199000,199000,0.0,0.0,30,30,12,6.0,6.0,28.0,14.57,Low Priority,High,Displayed discount is at the 6% peer percentile. | Price is at the 93% country-category percentile. | Historical sold-value proxy is at the 7% peer percentile.,Displayed discount is at the 6% peer percentile.,Price is at the 93% country-category percentile.,Historical sold-value proxy is at the 7% peer percentile.,id | Beauty; price pctl 93%; likes pctl 9%; sold-value pctl 7%
id,id,1368540320, Cyeecare Official Store,51162804412,[New Launch] Cyeecare 377 Brightening Essence Spray 100ml BPOM Face Mist Pencerah Wajah Pemudar Noda Hitam Flek Niacinamide Multiple Vitamin C Ectoin Hyaluronic Acid Korea,Beauty,Beauty,New Launch,65000,65000,85.0,85.0,1,1,0,,,1.0,14.21,Discount Efficiency Review,High,Historical sold-value proxy is at the 1% peer percentile. | Likes are at the 1% peer percentile. | Displayed discount is at the 90% peer percentile.,Historical sold-value proxy is at the 1% peer percentile.,Likes are at the 1% peer percentile.,Displayed discount is at the 90% peer percentile.,id | Beauty; price pctl 35%; likes pctl 1%; sold-value pctl 1%
id,id,1368540320, Cyeecare Official Store,49162304776,[New Launch] Cyeecare Paket 4 Langkah Brightening Cleansing Gel Toner Serum Cream Skincare Set Pencerah Eksfoliasi Arbutin AHA BHA Niacinamide Kulit Cerah Mulus,Beauty,Beauty,Paket Perawatan Kulit,146900,146900,89.0,89.0,31,31,17,37.0,37.0,38.0,14.06,Discount Efficiency Review,High,Displayed discount is at the 96% peer percentile. | Historical sold-value proxy is at the 9% peer percentile. | Likes are at the 9% peer percentile.,Displayed discount is at the 96% peer percentile.,Historical sold-value proxy is at the 9% peer percentile.,Likes are at the 9% peer percentile.,id | Beauty; price pctl 84%; likes pctl 9%; sold-value pctl 9%
id,id,809769142,Glad2Glow Official Store,48463111664,[NEW SIZE] Glad2Glow Cherry Blossom Micellar Water 700ml  Kapasitas besar Lembut cleansing oil Penghapus Makeup Waterproof Hapus Riasan Tahan Air dengan Centella & Tanpa Iritasi untuk Kulit Sensitif & Berjerawat g2glow official store,Beauty,Beauty,,99000,99000,34.0,34.0,13,13,0,2.0,2.0,3.0,14.05,Low Priority,High,Historical sold-value proxy is at the 2% peer percentile. | Likes are at the 5% peer percentile. | Shop credibility score is 87%.,Historical sold-value proxy is at the 2% peer percentile.,Likes are at the 5% peer percentile.,Shop credibility score is 87%.,id | Beauty; price pctl 65%; likes pctl 5%; sold-value pctl 2%
id,id,430940247,Mooi Pure Glow Official Shop,42927098165,Bundling Tone Up Booster MOOI + MOOI Night Cream,Beauty,Beauty,,93800,93800,37.0,37.0,16,16,1,,,3.0,12.44,Low Priority,High,Historical sold-value proxy is at the 2% peer percentile. | Likes are at the 5% peer percentile. | Displayed discount is at the 21% peer percentile.,Historical sold-value proxy is at the 2% peer percentile.,Likes are at the 5% peer percentile.,Displayed discount is at the 21% peer percentile.,id | Beauty; price pctl 62%; likes pctl 5%; sold-value pctl 2%
id,id,430940247,Mooi Pure Glow Official Shop,44602817454,Bundling MOOI Tone UP Booster + MOOI Day Cream,Beauty,Beauty,,89800,89800,39.0,39.0,20,20,0,,,2.0,12.38,Low Priority,High,Historical sold-value proxy is at the 1% peer percentile. | Likes are at the 6% peer percentile. | Displayed discount is at the 23% peer percentile.,Historical sold-value proxy is at the 1% peer percentile.,Likes are at the 6% peer percentile.,Displayed discount is at the 23% peer percentile.,id | Beauty; price pctl 60%; likes pctl 6%; sold-value pctl 1%
id,id,1379527329,ZOICY Official Store,56012716707,[BPOM] [BELI 1 GRATIS 2PC MASKER] ZOICY Anti-aging PM Cream 50g | Retinol Night Moisturizer | Menyamarkan Kerutan dan Garis Halus | Mengencangkan Kulit | Meratakan Warna Kulit | Melembabkan Kulit | Mencerahkan Flek Hitam | Melembapkan kulit,Beauty,Beauty,,168000,168000,50.0,50.0,18,18,3,6.0,6.0,6.0,12.1,Discount Efficiency Review,High,Historical sold-value proxy is at the 3% peer percentile. | Likes are at the 6% peer percentile. | Price is at the 88% country-category percentile.,Historical sold-value proxy is at the 3% peer percentile.,Likes are at the 6% peer percentile.,Price is at the 88% country-category percentile.,id | Beauty; price pctl 88%; likes pctl 6%; sold-value pctl 3%
id,id,430940247,Mooi Pure Glow Official Shop,58110821388,MOOIST Tone Up Booster DAPAT 2 - Moisturizer With UV Protection,Beauty,Beauty,,79800,79800,45.0,45.0,3,3,0,1.0,1.0,1.0,12.05,Low Priority,High,Historical sold-value proxy is at the 1% peer percentile. | Likes are at the 2% peer percentile. | The listing belongs to an official shop.,Historical sold-value proxy is at the 1% peer percentile.,Likes are at the 2% peer percentile.,The listing belongs to an official shop.,id | Beauty; price pctl 53%; likes pctl 2%; sold-value pctl 1%
id,id,1379527329,ZOICY Official Store,28767473302,[BELI 2 GRATIS 4] ZOICY Tea Tree Toner+Essence 2 Pieces | Paket Perawatan Kulit Melembabkan Meredakan Kemerahan Antiinflamasi Mengecilkan Pori-pori Meringankan Bekas Jerawat Ceramide Mencerahkan Niacinamide Wajah Skincare,Beauty,Beauty,Paket & Set Kecantikan,218000,218000,57.0,57.0,24,24,3,3.0,3.0,6.0,11.85,Discount Efficiency Review,High,Historical sold-value proxy is at the 3% peer percentile. | Price is at the 95% country-category percentile. | Likes are at the 7% peer percentile.,Historical sold-value proxy is at the 3% peer percentile.,Price is at the 95% country-category percentile.,Likes are at the 7% peer percentile.,id | Beauty; price pctl 95%; likes pctl 7%; sold-value pctl 3%
id,id,809769142,Glad2Glow Official Store,50511536654,Glad2Glow Brightening Micellar Water 300ml Untuk Semua Kulit Lembut Cepat Menghapus Makeup & Mencerahkan kulit Penghapus Makeup Waterproof Hapus Riasan Tahan  dan Tanpa Iritasi g2glow official store,Beauty,Beauty,,213500,213500,33.0,33.0,10,10,0,15.0,15.0,15.0,11.32,Low Priority,High,Likes are at the 4% peer percentile. | Historical sold-value proxy is at the 4% peer percentile. | Price is at the 94% country-category percentile.,Likes are at the 4% peer percentile.,Historical sold-value proxy is at the 4% peer percentile.,Price is at the 94% country-category percentile.,id | Beauty; price pctl 94%; likes pctl 4%; sold-value pctl 4%
id,id,430940247,Mooi Pure Glow Official Shop,50860835015,MOOIST Tone Up Booster DAPAT 3 - Moisturizer With UV Protection,Beauty,Beauty,,104700,104700,52.0,52.0,4,4,1,7.0,7.0,8.0,11.02,Discount Efficiency Review,High,Likes are at the 2% peer percentile. | Historical sold-value proxy is at the 3% peer percentile. | The listing belongs to an official shop.,Likes are at the 2% peer percentile.,Historical sold-value proxy is at the 3% peer percentile.,The listing belongs to an official shop.,id | Beauty; price pctl 71%; likes pctl 2%; sold-value pctl 3%
id,id,430940247,Mooi Pure Glow Official Shop,55600125632,(BUY 3 GET 4) MOOI Paket 4 Pcs Set Lotion Tone Up  + Moisturizer+ Serum Free  1 Box Collagen,Beauty,Beauty,,131700,131700,40.0,40.0,10,10,0,1.0,1.0,5.0,9.75,Low Priority,High,Historical sold-value proxy is at the 2% peer percentile. | Likes are at the 4% peer percentile. | Price is at the 82% country-category percentile.,Historical sold-value proxy is at the 2% peer percentile.,Likes are at the 4% peer percentile.,Price is at the 82% country-category percentile.,id | Beauty; price pctl 82%; likes pctl 4%; sold-value pctl 2%
id,id,1368540320, Cyeecare Official Store,56611001254,[[KOL Exclusive]]Cyeecare Skincare Routine Paket 5 Pcs: Brightening & Melembapkan Kulit Sensitif,Beauty,Beauty,,189000,189000,89.0,89.0,8,8,2,1.0,1.0,2.0,9.66,Discount Efficiency Review,High,Historical sold-value proxy is at the 1% peer percentile. | Likes are at the 3% peer percentile. | Displayed discount is at the 96% peer percentile.,Historical sold-value proxy is at the 1% peer percentile.,Likes are at the 3% peer percentile.,Displayed discount is at the 96% peer percentile.,id | Beauty; price pctl 92%; likes pctl 3%; sold-value pctl 1%
id,id,187405886,Alara Cosmetic Official Store,25539531222,Paket Bundling Alara Whitening Lotion & Alara Nourishing Balm,Beauty,Beauty,,280000,280000,0.0,0.0,24,24,5,,,22.0,8.64,Low Priority,High,Price is at the 97% country-category percentile. | Historical sold-value proxy is at the 5% peer percentile. | Displayed discount is at the 6% peer percentile.,Price is at the 97% country-category percentile.,Historical sold-value proxy is at the 5% peer percentile.,Displayed discount is at the 6% peer percentile.,id | Beauty; price pctl 97%; likes pctl 7%; sold-value pctl 5%
id,id,1368540320, Cyeecare Official Store,57860156397,Cyeecare Set 3in1 Perawatan Kulit Cerah Tenang AHA BHA Cleanser + Arbutin Serum + Centella Cream Glowing,Beauty,Beauty,,1135000,1135000,0.0,0.0,3,3,1,,,1.0,8.5,Low Priority,High,Historical sold-value proxy is at the 1% peer percentile. | Price is at the 99% country-category percentile. | Likes are at the 2% peer percentile.,Historical sold-value proxy is at the 1% peer percentile.,Price is at the 99% country-category percentile.,Likes are at the 2% peer percentile.,id | Beauty; price pctl 99%; likes pctl 2%; sold-value pctl 1%
vn,vn,430972539,Perfetti Van Melle Vietnam,10665244303,"Kẹo cứng, kẹo mềm, kẹo nhai Alpenliebe, Golia, Mentos dạng gói nhiều hương vị",Thực phẩm và đồ uống,Thực phẩm và đồ uống,Kẹo cứng,25000,25000,0.0,0.0,2192,2192,3325,652.0,652.0,30000.0,77.21,Protect Hero SKU,High,Price is at the 2% country-category percentile. | Likes are at the 98% peer percentile. | Displayed discount is at the 2% peer percentile.,Price is at the 2% country-category percentile.,Likes are at the 98% peer percentile.,Displayed discount is at the 2% peer percentile.,vn | Thực phẩm và đồ uống; price pctl 2%; likes pctl 98%; sold-value pctl 97%
vn,vn,108166524,Nestlé Chính hãng,10218493690,Thực phẩm bổ sung Trà vị chanh NESTEA (Hộp 16 gói x 12g),Thực phẩm và đồ uống,Thực phẩm và đồ uống,Cà phê & Trà,33000,33000,0.0,0.0,1329,1329,2507,462.0,462.0,10000.0,74.61,Protect Hero SKU,High,Displayed discount is at the 2% peer percentile. | Likes are at the 95% peer percentile. | Price is at the 5% country-category percentile.,Displayed discount is at the 2% peer percentile.,Likes are at the 95% peer percentile.,Price is at the 5% country-category percentile.,vn | Thực phẩm và đồ uống; price pctl 5%; likes pctl 95%; sold-value pctl 88%
vn,vn,430972539,Perfetti Van Melle Vietnam,20848965969,"COMBO Kẹo cứng Alpenliebe đậm vị sữa béo hương Caramel, Dâu sữa, Trà sữa và kẹo cứng có nhân Xoài muối ớt",Thực phẩm và đồ uống,Thực phẩm và đồ uống,Kẹo cứng,85500,85500,14.0,14.0,3014,3014,3550,614.0,614.0,20000.0,72.5,Protect Hero SKU,High,Likes are at the 98% peer percentile. | Historical sold-value proxy is at the 95% peer percentile. | Shop credibility score is 94%.,Likes are at the 98% peer percentile.,Historical sold-value proxy is at the 95% peer percentile.,Shop credibility score is 94%.,vn | Thực phẩm và đồ uống; price pctl 34%; likes pctl 98%; sold-value pctl 95%
vn,vn,430972539,Perfetti Van Melle Vietnam,20848965963,Que kẹo mút Hương dâu đầy bí ẩn Chupa Chups sưu tầm những nhân vật Hello Kitty & Friends,Thực phẩm và đồ uống,Thực phẩm và đồ uống,Kẹo mút,47000,47000,6.0,6.0,4028,4028,1424,95.0,95.0,8000.0,72.33,Protect Hero SKU,High,Likes are at the 99% peer percentile. | Shop credibility score is 94%. | Displayed discount is at the 7% peer percentile.,Likes are at the 99% peer percentile.,Shop credibility score is 94%.,Displayed discount is at the 7% peer percentile.,vn | Thực phẩm và đồ uống; price pctl 16%; likes pctl 99%; sold-value pctl 81%
vn,vn,173513432,Richy - Chi Nhánh Miền Bắc,4980351726,"[GIAO NHANH] [Quà Tặng Đơn 129k] Bánh Karo Richy Vị Phô Mai Hoàng Kim, Trứng Tươi Chà Bông & Trứng Sữa",Thực phẩm và đồ uống,Thực phẩm và đồ uống,Karo - Bánh Tươi Cho Mọi Nhà,37000,37000,5.0,5.0,1069,1069,4033,2000.0,2000.0,10000.0,72.32,Protect Hero SKU,High,Likes are at the 94% peer percentile. | Displayed discount is at the 6% peer percentile. | Price is at the 7% country-category percentile.,Likes are at the 94% peer percentile.,Displayed discount is at the 6% peer percentile.,Price is at the 7% country-category percentile.,vn | Thực phẩm và đồ uống; price pctl 7%; likes pctl 94%; sold-value pctl 88%
vn,vn,108166524,Nestlé Chính hãng,10718498371,[Có thêm Nấm Mối] Hạt Nêm Nấm Hương MAGGI MỚI 450g - THÊM NẤM MỐI,Thực phẩm và đồ uống,Thực phẩm và đồ uống,,61600,61600,12.0,12.0,922,922,2344,9000.0,9000.0,20000.0,71.59,Protect Hero SKU,High,Historical sold-value proxy is at the 95% peer percentile. | Likes are at the 93% peer percentile. | Shop credibility score is 90%.,Historical sold-value proxy is at the 95% peer percentile.,Likes are at the 93% peer percentile.,Shop credibility score is 90%.,vn | Thực phẩm và đồ uống; price pctl 24%; likes pctl 93%; sold-value pctl 95%
vn,vn,108166524,Nestlé Chính hãng,16081861365,Thức uống lúa mạch Nestlé Milo nguyên chất 400g (hũ nhựa),Thực phẩm và đồ uống,Thực phẩm và đồ uống,MILO & Sữa,85500,85500,22.0,22.0,4041,4041,6145,10000.0,10000.0,30000.0,71.46,Protect Hero SKU,High,Likes are at the 99% peer percentile. | Historical sold-value proxy is at the 97% peer percentile. | Shop credibility score is 90%.,Likes are at the 99% peer percentile.,Historical sold-value proxy is at the 97% peer percentile.,Shop credibility score is 90%.,vn | Thực phẩm và đồ uống; price pctl 34%; likes pctl 99%; sold-value pctl 97%
vn,vn,430972539,Perfetti Van Melle Vietnam,11518293382,"Kẹo dẻo có nhân Alpenliebe Vũ Trụ Kỳ Thú, Biển Xanh Long Lanh, Tim Đào Ngọt Ngào, Tim Nho Nhí Nhảnh",Thực phẩm và đồ uống,Thực phẩm và đồ uống,Kẹo dẻo,36000,36000,0.0,0.0,847,847,1123,4000.0,4000.0,10000.0,71.42,Protect Hero SKU,Medium,Displayed discount is at the 2% peer percentile. | Shop credibility score is 94%. | Price is at the 7% country-category percentile.,Displayed discount is at the 2% peer percentile.,Shop credibility score is 94%.,Price is at the 7% country-category percentile.,vn | Thực phẩm và đồ uống; price pctl 7%; likes pctl 92%; sold-value pctl 88%
vn,vn,438905996,Richy - Chi nhánh Miền Nam,17385752247,[MUA 3 TẶNG 1 QUAT]  Bánh Yến mạch Richy túi 206-220-250g Mini Bite (Sữa/Phô Mai),Thực phẩm và đồ uống,Thực phẩm và đồ uống,🔥  Bán chạy nhất,46800,46800,22.0,22.0,7157,7157,6785,425.0,425.0,30000.0,70.71,Protect Hero SKU,Medium,Likes are at the 100% peer percentile. | Historical sold-value proxy is at the 97% peer percentile. | Price is at the 15% country-category percentile.,Likes are at the 100% peer percentile.,Historical sold-value proxy is at the 97% peer percentile.,Price is at the 15% country-category percentile.,vn | Thực phẩm và đồ uống; price pctl 15%; likes pctl 100%; sold-value pctl 97%
vn,vn,108166524,Nestlé Chính hãng,11818497272,"Nước tương Đậu Nành Đậm Đặc MAGGI chai 700ml - Công thức cải tiến. Bừng hương đậu nành. Ngon hơn, sánh đậm hơn",Thực phẩm và đồ uống,Thực phẩm và đồ uống,Gia vị nấu ăn,40000,40000,27.0,27.0,934,934,2971,788.0,788.0,10000.0,70.48,Protect Hero SKU,Medium,Likes are at the 93% peer percentile. | Price is at the 9% country-category percentile. | Shop credibility score is 90%.,Likes are at the 93% peer percentile.,Price is at the 9% country-category percentile.,Shop credibility score is 90%.,vn | Thực phẩm và đồ uống; price pctl 9%; likes pctl 93%; sold-value pctl 88%
vn,vn,108166524,Nestlé Chính hãng,1759126818,Dầu hào Maggi chai 820g,Thực phẩm và đồ uống,Thực phẩm và đồ uống,Gia vị nấu ăn,51300,51300,38.0,38.0,1872,1872,2930,4000.0,4000.0,40000.0,70.44,Protect Hero SKU,Medium,Historical sold-value proxy is at the 98% peer percentile. | Likes are at the 97% peer percentile. | Displayed discount is at the 93% peer percentile.,Historical sold-value proxy is at the 98% peer percentile.,Likes are at the 97% peer percentile.,Displayed discount is at the 93% peer percentile.,vn | Thực phẩm và đồ uống; price pctl 19%; likes pctl 97%; sold-value pctl 98%
vn,vn,1145316676,Nestlé Health Science,26682672239,Lốc 4 Hộp Sữa Pha Sẵn NESTLÉ NUTREN JUNIOR Thụy Sĩ Công Thức BIG Tăng Trưởng 110ML,Mẹ & Bé,Mẹ & Bé,ƯU ĐÃI THÁNG 6 - DEAL VÀNG RỘN RÀNG,67482,67482,35.0,35.0,145,145,586,4000.0,4000.0,6000.0,70.01,Protect Hero SKU,Medium,Price is at the 2% country-category percentile. | Historical sold-value proxy is at the 98% peer percentile. | Likes are at the 88% peer percentile.,Price is at the 2% country-category percentile.,Historical sold-value proxy is at the 98% peer percentile.,Likes are at the 88% peer percentile.,vn | Mẹ & Bé; price pctl 2%; likes pctl 88%; sold-value pctl 98%
vn,vn,438905996,Richy - Chi nhánh Miền Nam,26411335415,"[QUÀ TẶNG | GIAO MÀU NGẪU NHIÊN] Ly Kenju Richy cao cấp có ống hút, dung tích lớn",Nhà cửa & Đời sống,Nhà cửa & Đời sống,,108000,108000,10.0,10.0,5,5,205,23.0,23.0,1000.0,69.88,Protect Hero SKU,Medium,Likes are at the 100% peer percentile. | Historical sold-value proxy is at the 83% peer percentile. | Price is at the 33% country-category percentile.,Likes are at the 100% peer percentile.,Historical sold-value proxy is at the 83% peer percentile.,Price is at the 33% country-category percentile.,vn | Nhà cửa & Đời sống; price pctl 33%; likes pctl 100%; sold-value pctl 83%
vn,vn,1546895026,Mars Snacking VN,41104002530,[DIỆN MẠO MỚI 20 THANH] Hũ kẹo sô cô la nhân đậu phộng Snickers jar 240g (20 thanh x 12g),Thực phẩm và đồ uống,Thực phẩm và đồ uống,Tất cả sản phẩm,87300,87300,13.0,13.0,1674,1674,2687,479.0,479.0,10000.0,69.85,Protect Hero SKU,Medium,Likes are at the 96% peer percentile. | Historical sold-value proxy is at the 88% peer percentile. | Shop credibility score is 83%.,Likes are at the 96% peer percentile.,Historical sold-value proxy is at the 88% peer percentile.,Shop credibility score is 83%.,vn | Thực phẩm và đồ uống; price pctl 35%; likes pctl 96%; sold-value pctl 88%
vn,vn,430972539,Perfetti Van Melle Vietnam,22425279849,COMBO 2 hộp thiếc kẹo Ngậm Không Đường Mentos Clean Breath (nhiều hương) cho hơi thở thơm mát trong suốt 30 phút,Thực phẩm và đồ uống,Thực phẩm và đồ uống,Kẹo ngậm,89100,89100,19.0,19.0,1290,1290,2889,635.0,635.0,10000.0,69.68,Protect Hero SKU,Medium,Likes are at the 95% peer percentile. | Shop credibility score is 94%. | Historical sold-value proxy is at the 88% peer percentile.,Likes are at the 95% peer percentile.,Shop credibility score is 94%.,Historical sold-value proxy is at the 88% peer percentile.,vn | Thực phẩm và đồ uống; price pctl 37%; likes pctl 95%; sold-value pctl 88%
vn,vn,213989179,Bibica Official Store ,17568700451,Combo 5 Kẹo Cứng Trái Cây Bốn Mùa Bibica 70g,Thực phẩm và đồ uống,Thực phẩm và đồ uống,Kẹo Ăn Vặt,38700,38700,10.0,10.0,491,491,1846,7000.0,7000.0,10000.0,69.64,Protect Hero SKU,Medium,Price is at the 8% country-category percentile. | Historical sold-value proxy is at the 88% peer percentile. | Likes are at the 88% peer percentile.,Price is at the 8% country-category percentile.,Historical sold-value proxy is at the 88% peer percentile.,Likes are at the 88% peer percentile.,vn | Thực phẩm và đồ uống; price pctl 8%; likes pctl 88%; sold-value pctl 88%
vn,vn,108166524,Nestlé Chính hãng,1759126828,Bột kem Nestle Coffee Mate hộp 450g,Thực phẩm và đồ uống,Thực phẩm và đồ uống,,92700,92700,24.0,24.0,1989,1989,3731,355.0,355.0,20000.0,69.55,Protect Hero SKU,Medium,Likes are at the 97% peer percentile. | Historical sold-value proxy is at the 95% peer percentile. | Shop credibility score is 90%.,Likes are at the 97% peer percentile.,Historical sold-value proxy is at the 95% peer percentile.,Shop credibility score is 90%.,vn | Thực phẩm và đồ uống; price pctl 40%; likes pctl 97%; sold-value pctl 95%
vn,vn,213989179,Bibica Official Store ,6219529787,"Combo 2 Bánh Quy Quasure Light Sữa Bibica 140g, Thực Phẩm Dành Cho Người Ăn Kiêng, Tiểu Đường",Thực phẩm và đồ uống,Thực phẩm và đồ uống,Bánh Dinh Dưỡng,65610,65610,19.0,19.0,1015,1015,4001,155.0,155.0,20000.0,69.53,Protect Hero SKU,Medium,Historical sold-value proxy is at the 95% peer percentile. | Likes are at the 94% peer percentile. | The listing belongs to an official shop.,Historical sold-value proxy is at the 95% peer percentile.,Likes are at the 94% peer percentile.,The listing belongs to an official shop.,vn | Thực phẩm và đồ uống; price pctl 26%; likes pctl 94%; sold-value pctl 95%
vn,vn,430972539,Perfetti Van Melle Vietnam,10550707084,"Kẹo mút Chupa Chups Hương trái cây hỗn hợp (Gói 60 que), kẹo mút tô màu lưỡi hương Dâu và Cola (Gói 58 que)",Thực phẩm và đồ uống,Thực phẩm và đồ uống,Kẹo mút,85500,85500,14.0,14.0,1016,1016,1166,7000.0,7000.0,20000.0,69.51,Protect Hero SKU,Medium,Historical sold-value proxy is at the 95% peer percentile. | Likes are at the 94% peer percentile. | Shop credibility score is 94%.,Historical sold-value proxy is at the 95% peer percentile.,Likes are at the 94% peer percentile.,Shop credibility score is 94%.,vn | Thực phẩm và đồ uống; price pctl 34%; likes pctl 94%; sold-value pctl 95%
vn,vn,140360136,Kinh Do Official Store,24779109496,Combo 2 Hộp Bánh Quy Dinh Dưỡng AFC Vị Vị Rau/Lúa Mì/Gà Sả Tắc 172g - LIVE,Thực phẩm và đồ uống,Thực phẩm và đồ uống,Tất cả sản phẩm,55800,55800,10.0,10.0,787,787,1939,101.0,101.0,10000.0,69.29,Protect Hero SKU,Medium,Likes are at the 91% peer percentile. | Historical sold-value proxy is at the 88% peer percentile. | Displayed discount is at the 14% peer percentile.,Likes are at the 91% peer percentile.,Historical sold-value proxy is at the 88% peer percentile.,Displayed discount is at the 14% peer percentile.,vn | Thực phẩm và đồ uống; price pctl 22%; likes pctl 91%; sold-value pctl 88%
vn,vn,173513432,Richy - Chi Nhánh Miền Bắc,20582995872,[QUÀ TẶNG KHÔNG BÁN] Bánh yến mạch Richy vị ngẫu nhiên túi nhỏ 35-40g,Thực phẩm và đồ uống,Thực phẩm và đồ uống,,24495,24495,2.0,2.0,145,145,5359,3000.0,3000.0,20000.0,69.24,Protect Hero SKU,Medium,Price is at the 1% country-category percentile. | Displayed discount is at the 5% peer percentile. | Historical sold-value proxy is at the 95% peer percentile.,Price is at the 1% country-category percentile.,Displayed discount is at the 5% peer percentile.,Historical sold-value proxy is at the 95% peer percentile.,vn | Thực phẩm và đồ uống; price pctl 1%; likes pctl 68%; sold-value pctl 95%
vn,vn,173513432,Richy - Chi Nhánh Miền Bắc,21152589941,[GIAO NHANH] [Mua 3 Tặng 1 Quạt] Bánh Yến mạch Richy túi 220g 250g Mini Bite (Sữa/Phô Mai),Thực phẩm và đồ uống,Thực phẩm và đồ uống,OatMilk- Bánh Yến Mạch,46800,46800,22.0,22.0,2144,2144,2986,165.0,165.0,10000.0,69.01,Protect Hero SKU,Medium,Likes are at the 98% peer percentile. | Historical sold-value proxy is at the 88% peer percentile. | Price is at the 15% country-category percentile.,Likes are at the 98% peer percentile.,Historical sold-value proxy is at the 88% peer percentile.,Price is at the 15% country-category percentile.,vn | Thực phẩm và đồ uống; price pctl 15%; likes pctl 98%; sold-value pctl 88%
vn,vn,173513432,Richy - Chi Nhánh Miền Bắc,5204384448,[GIAO NHANH] [Quà Tặng Đơn 129k] Bánh Tươi Richy KARO Bịch 6 Chiếc (26g/chiếc),Thực phẩm và đồ uống,Thực phẩm và đồ uống,Karo - Bánh Tươi Cho Mọi Nhà,38000,38000,37.0,37.0,1387,1387,4615,2000.0,2000.0,20000.0,68.99,Protect Hero SKU,Medium,Likes are at the 96% peer percentile. | Historical sold-value proxy is at the 95% peer percentile. | Price is at the 8% country-category percentile.,Likes are at the 96% peer percentile.,Historical sold-value proxy is at the 95% peer percentile.,Price is at the 8% country-category percentile.,vn | Thực phẩm và đồ uống; price pctl 8%; likes pctl 96%; sold-value pctl 95%
vn,vn,140360136,Kinh Do Official Store,17591957454,Combo 2 Bánh Socola Pie Oreo Vị Dâu 336g,Thực phẩm và đồ uống,Thực phẩm và đồ uống,Tất cả sản phẩm,127800,127800,10.0,10.0,3183,3183,3456,300.0,300.0,8000.0,68.45,Protect Hero SKU,Medium,Likes are at the 98% peer percentile. | Displayed discount is at the 14% peer percentile. | Historical sold-value proxy is at the 81% peer percentile.,Likes are at the 98% peer percentile.,Displayed discount is at the 14% peer percentile.,Historical sold-value proxy is at the 81% peer percentile.,vn | Thực phẩm và đồ uống; price pctl 53%; likes pctl 98%; sold-value pctl 81%
vn,vn,213989179,Bibica Official Store ,4228429017,Combo 2 Bánh Goody Jamy Nhân Mứt Bibica 200g,Thực phẩm và đồ uống,Thực phẩm và đồ uống,Bánh Ăn Vặt,59292,59292,19.0,19.0,1341,1341,1860,278.0,278.0,10000.0,68.32,Protect Hero SKU,Medium,Likes are at the 96% peer percentile. | Historical sold-value proxy is at the 88% peer percentile. | Price is at the 24% country-category percentile.,Likes are at the 96% peer percentile.,Historical sold-value proxy is at the 88% peer percentile.,Price is at the 24% country-category percentile.,vn | Thực phẩm và đồ uống; price pctl 24%; likes pctl 96%; sold-value pctl 88%
vn,vn,108166524,Nestlé Chính hãng,15909559942,Trà Việt Quất và Hoa Atiso Đỏ NESTEA (Hộp 10 gói x 12g),Thực phẩm và đồ uống,Thực phẩm và đồ uống,Cà phê & Trà,40000,40000,20.0,20.0,954,954,1142,597.0,597.0,7000.0,67.98,Protect Hero SKU,Medium,Likes are at the 93% peer percentile. | Price is at the 9% country-category percentile. | Shop credibility score is 90%.,Likes are at the 93% peer percentile.,Price is at the 9% country-category percentile.,Shop credibility score is 90%.,vn | Thực phẩm và đồ uống; price pctl 9%; likes pctl 93%; sold-value pctl 78%
vn,vn,438905996,Richy - Chi nhánh Miền Nam,13439697233,"[MUA 3 TẶNG 1 QUAT]   Combo 3 Bánh Yến Mạch Oatmeal Richy 2 Vị, Sữa, Phô Mai Túi 220g-250g",Thực phẩm và đồ uống,Thực phẩm và đồ uống,🔥  Bán chạy nhất,12000,12000,78.0,78.0,1900,1900,2465,255.0,255.0,10000.0,67.92,Protect Hero SKU,Medium,Displayed discount is at the 100% peer percentile. | Price is at the 0% country-category percentile. | Likes are at the 97% peer percentile.,Displayed discount is at the 100% peer percentile.,Price is at the 0% country-category percentile.,Likes are at the 97% peer percentile.,vn | Thực phẩm và đồ uống; price pctl 0%; likes pctl 97%; sold-value pctl 88%
vn,vn,108166524,Nestlé Chính hãng,19079264764,Hộp Cà phê Hòa tan NESCAFÉ CAFÉ SỮA ĐÁ 10 gói Nhân đôi sánh quyện,Thực phẩm và đồ uống,Thực phẩm và đồ uống,Cà phê & Trà,58500,58500,10.0,10.0,770,770,1088,3000.0,3000.0,8000.0,67.77,Protect Hero SKU,Medium,Likes are at the 91% peer percentile. | Shop credibility score is 90%. | Displayed discount is at the 14% peer percentile.,Likes are at the 91% peer percentile.,Shop credibility score is 90%.,Displayed discount is at the 14% peer percentile.,vn | Thực phẩm và đồ uống; price pctl 24%; likes pctl 91%; sold-value pctl 81%
vn,vn,213989179,Bibica Official Store ,7613998544,"Combo 2 Bánh Bông Lan Quasure Light Bibica 126g, Thực Phẩm Dành Cho Người Ăn Kiêng, Tiểu Đường",Thực phẩm và đồ uống,Thực phẩm và đồ uống,Bánh Dinh Dưỡng,71118,71118,19.0,19.0,558,558,2299,152.0,152.0,20000.0,67.64,Protect Hero SKU,Medium,Historical sold-value proxy is at the 95% peer percentile. | Likes are at the 89% peer percentile. | The listing belongs to an official shop.,Historical sold-value proxy is at the 95% peer percentile.,Likes are at the 89% peer percentile.,The listing belongs to an official shop.,vn | Thực phẩm và đồ uống; price pctl 29%; likes pctl 89%; sold-value pctl 95%
vn,vn,173513432,Richy - Chi Nhánh Miền Bắc,5701081609,"[QUÀ TẶNG KHÔNG BÁN] Bánh gạo Richy mật ong, cốm, muối hồng, bò tiêu",Thực phẩm và đồ uống,Thực phẩm và đồ uống,,45000,45000,10.0,10.0,411,411,1866,1000.0,1000.0,7000.0,67.19,Protect Hero SKU,Medium,Price is at the 12% country-category percentile. | Likes are at the 86% peer percentile. | Displayed discount is at the 14% peer percentile.,Price is at the 12% country-category percentile.,Likes are at the 86% peer percentile.,Displayed discount is at the 14% peer percentile.,vn | Thực phẩm và đồ uống; price pctl 12%; likes pctl 86%; sold-value pctl 78%
vn,vn,108166524,Nestlé Chính hãng,24814585810,[Phiên bản ống hút 4 chiều] Sữa Lúa Mạch Nestlé MILO 48x180ml Không Màng Co,Thực phẩm và đồ uống,Thực phẩm và đồ uống,MILO & Sữa,480000,480000,16.0,16.0,3632,3632,6024,8000.0,8000.0,50000.0,66.97,Protect Hero SKU,Medium,Likes are at the 99% peer percentile. | Historical sold-value proxy is at the 98% peer percentile. | Price is at the 93% country-category percentile.,Likes are at the 99% peer percentile.,Historical sold-value proxy is at the 98% peer percentile.,Price is at the 93% country-category percentile.,vn | Thực phẩm và đồ uống; price pctl 93%; likes pctl 99%; sold-value pctl 98%
vn,vn,173513432,Richy - Chi Nhánh Miền Bắc,23586025018,[GIAO NHANH] [Quà Tặng Đơn 129k] Combo 3 túi bánh mì hoa cúc ngàn lớp Festa Richy - Date 30 ngày [3 bánh/túi],Thực phẩm và đồ uống,Thực phẩm và đồ uống,[BEST SELLER] Top Sản Phẩm Bán Chạy,67500,67500,33.0,33.0,1745,1745,4189,278.0,278.0,10000.0,66.95,Protect Hero SKU,Medium,Likes are at the 96% peer percentile. | Historical sold-value proxy is at the 88% peer percentile. | Displayed discount is at the 86% peer percentile.,Likes are at the 96% peer percentile.,Historical sold-value proxy is at the 88% peer percentile.,Displayed discount is at the 86% peer percentile.,vn | Thực phẩm và đồ uống; price pctl 27%; likes pctl 96%; sold-value pctl 88%
vn,vn,173513432,Richy - Chi Nhánh Miền Bắc,18348435785,[GIAO NHANH] [Mua 3 Tặng 1 Quạt] Combo 2 Bánh Yến Mạch Richy 2 vị (Sữa & Phô Mai),Thực phẩm và đồ uống,Thực phẩm và đồ uống,OatMilk- Bánh Yến Mạch,90000,90000,33.0,33.0,3269,3269,5117,96.0,96.0,20000.0,66.95,Protect Hero SKU,Medium,Likes are at the 98% peer percentile. | Historical sold-value proxy is at the 95% peer percentile. | Displayed discount is at the 86% peer percentile.,Likes are at the 98% peer percentile.,Historical sold-value proxy is at the 95% peer percentile.,Displayed discount is at the 86% peer percentile.,vn | Thực phẩm và đồ uống; price pctl 38%; likes pctl 98%; sold-value pctl 95%
vn,vn,1145316676,Nestlé Health Science,25661947997,"[Tặng Set Túi Giặt Bảo Vệ] Collagen Thủy Phân Dạng Bột NESTLÉ VITAL PROTEINS Mỹ Hỗ Trợ Làm Đẹp Da,Móng,Tóc 284G",Sức Khỏe,Sức Khỏe,VITAL PROTEINS - 100% Collagen Peptides,664000,664000,40.0,40.0,444,444,116,177.0,177.0,860.0,66.93,Protect Hero SKU,Medium,Likes are at the 100% peer percentile. | Historical sold-value proxy is at the 86% peer percentile. | Displayed discount is at the 18% peer percentile.,Likes are at the 100% peer percentile.,Historical sold-value proxy is at the 86% peer percentile.,Displayed discount is at the 18% peer percentile.,vn | Sức Khỏe; price pctl 27%; likes pctl 100%; sold-value pctl 86%
vn,vn,173513432,Richy - Chi Nhánh Miền Bắc,2989938577,"[GIAO NHANH] [Quà Tặng Đơn 129k] Combo 2 Bịch Bánh Richy Karo Hoàng Kim Phô Mai, Sợi Gà Truyền Thống & Trứng Sữa",Thực phẩm và đồ uống,Thực phẩm và đồ uống,Karo - Bánh Tươi Cho Mọi Nhà,67500,67500,33.0,33.0,1536,1536,4356,144.0,144.0,10000.0,66.91,Protect Hero SKU,Medium,Likes are at the 96% peer percentile. | Historical sold-value proxy is at the 88% peer percentile. | Displayed discount is at the 86% peer percentile.,Likes are at the 96% peer percentile.,Historical sold-value proxy is at the 88% peer percentile.,Displayed discount is at the 86% peer percentile.,vn | Thực phẩm và đồ uống; price pctl 27%; likes pctl 96%; sold-value pctl 88%
vn,vn,108166524,Nestlé Chính hãng,17483738735,Combo 2 hũ thức uống lúa mạch Nestlé® Milo® nguyên chất 400g (hũ nhựa),Thực phẩm và đồ uống,Thực phẩm và đồ uống,MILO & Sữa,161040,161040,23.0,23.0,2829,2829,2305,30000.0,30000.0,60000.0,66.89,Protect Hero SKU,Medium,Historical sold-value proxy is at the 99% peer percentile. | Likes are at the 98% peer percentile. | Shop credibility score is 90%.,Historical sold-value proxy is at the 99% peer percentile.,Likes are at the 98% peer percentile.,Shop credibility score is 90%.,vn | Thực phẩm và đồ uống; price pctl 70%; likes pctl 98%; sold-value pctl 99%
vn,vn,108166524,Nestlé Chính hãng,20513481191,Dầu Hào MAGGI® Nấm Hương 820g:Chính hãng,Thực phẩm và đồ uống,Thực phẩm và đồ uống,Gia vị nấu ăn,52200,52200,25.0,25.0,617,617,1503,824.0,824.0,9000.0,66.84,Protect Hero SKU,Medium,Shop credibility score is 90%. | Likes are at the 90% peer percentile. | Historical sold-value proxy is at the 83% peer percentile.,Shop credibility score is 90%.,Likes are at the 90% peer percentile.,Historical sold-value proxy is at the 83% peer percentile.,vn | Thực phẩm và đồ uống; price pctl 20%; likes pctl 90%; sold-value pctl 83%
vn,vn,430972539,Perfetti Van Melle Vietnam,21475359656,COMBO MIX vị kẹo dẻo 90g Chupa Chups và Alpenliebe,Thực phẩm và đồ uống,Thực phẩm và đồ uống,Kẹo dẻo,136400,136400,24.0,24.0,3903,3903,2000,1000.0,1000.0,10000.0,66.76,Protect Hero SKU,Medium,Likes are at the 99% peer percentile. | Shop credibility score is 94%. | Historical sold-value proxy is at the 88% peer percentile.,Likes are at the 99% peer percentile.,Shop credibility score is 94%.,Historical sold-value proxy is at the 88% peer percentile.,vn | Thực phẩm và đồ uống; price pctl 60%; likes pctl 99%; sold-value pctl 88%
vn,vn,430972539,Perfetti Van Melle Vietnam,27676060719,[QUÀ TẶNG KHÔNG BÁN] BÔNG HOA THƯ GIÃN,Sở thích & Sưu tầm,Sở thích & Sưu tầm,,406700,406700,19.0,19.0,288,288,443,741.0,741.0,2000.0,66.73,Protect Hero SKU,Medium,Price is at the 100% country-category percentile. | Likes are at the 100% peer percentile. | Historical sold-value proxy is at the 100% peer percentile.,Price is at the 100% country-category percentile.,Likes are at the 100% peer percentile.,Historical sold-value proxy is at the 100% peer percentile.,vn | Sở thích & Sưu tầm; price pctl 100%; likes pctl 100%; sold-value pctl 100%
vn,vn,108166524,Nestlé Chính hãng,21217504122,"Nước Tương Đậu Nành MAGGI chai 700ml - Thơm, sánh đậm từ chiết xuất đậu nành lên men tự nhiên 100 ngày",Thực phẩm và đồ uống,Thực phẩm và đồ uống,Gia vị nấu ăn,35000,35000,22.0,22.0,241,241,1454,1000.0,1000.0,10000.0,66.58,Protect Hero SKU,Medium,Price is at the 6% country-category percentile. | Shop credibility score is 90%. | Historical sold-value proxy is at the 88% peer percentile.,Price is at the 6% country-category percentile.,Shop credibility score is 90%.,Historical sold-value proxy is at the 88% peer percentile.,vn | Thực phẩm và đồ uống; price pctl 6%; likes pctl 77%; sold-value pctl 88%
vn,vn,213989179,Bibica Official Store ,5881924418,Combo 2 Bánh Goody Chip Dừa Bibica 144g,Thực phẩm và đồ uống,Thực phẩm và đồ uống,Bánh Ăn Vặt,49860,49860,10.0,10.0,1188,1188,810,315.0,315.0,7000.0,66.53,Protect Hero SKU,Medium,Likes are at the 95% peer percentile. | Displayed discount is at the 14% peer percentile. | Price is at the 18% country-category percentile.,Likes are at the 95% peer percentile.,Displayed discount is at the 14% peer percentile.,Price is at the 18% country-category percentile.,vn | Thực phẩm và đồ uống; price pctl 18%; likes pctl 95%; sold-value pctl 78%
vn,vn,173513432,Richy - Chi Nhánh Miền Bắc,12133151466,[GIAO NHANH] [Mua 3 Tặng 1 Quạt] Combo 2 Túi Bánh Yến Mạch Richy Oatmeal Vị Sữa (250gr/túi),Thực phẩm và đồ uống,Thực phẩm và đồ uống,OatMilk- Bánh Yến Mạch,89100,89100,15.0,15.0,1839,1839,1799,2000.0,2000.0,8000.0,66.34,Protect Hero SKU,Medium,Likes are at the 96% peer percentile. | Historical sold-value proxy is at the 81% peer percentile. | Displayed discount is at the 35% peer percentile.,Likes are at the 96% peer percentile.,Historical sold-value proxy is at the 81% peer percentile.,Displayed discount is at the 35% peer percentile.,vn | Thực phẩm và đồ uống; price pctl 37%; likes pctl 96%; sold-value pctl 81%
vn,vn,173513432,Richy - Chi Nhánh Miền Bắc,16926501740,[Quà Tặng Đơn 180k] Bánh Richy Kenju Quy Hành Kem Dẻo Túi 186g,Thực phẩm và đồ uống,Thực phẩm và đồ uống,Kenju - Bánh Quy Kem Dẻo,48000,48000,20.0,20.0,926,926,1592,811.0,811.0,9000.0,66.26,Protect Hero SKU,Medium,Likes are at the 93% peer percentile. | Price is at the 17% country-category percentile. | Historical sold-value proxy is at the 83% peer percentile.,Likes are at the 93% peer percentile.,Price is at the 17% country-category percentile.,Historical sold-value proxy is at the 83% peer percentile.,vn | Thực phẩm và đồ uống; price pctl 17%; likes pctl 93%; sold-value pctl 83%
vn,vn,438905996,Richy - Chi nhánh Miền Nam,18480491787,"[TẶNG QUÀ ĐƠN TỪ 129K] Combo 6 Bánh mì hoa cúc ngàn lớp, Bánh mì Lụa Fe'sta Richy, HSD 35 ngày từ NSX",Thực phẩm và đồ uống,Thực phẩm và đồ uống,🔥  Bán chạy nhất,45000,45000,44.0,44.0,943,943,2777,240.0,240.0,10000.0,66.24,Protect Hero SKU,Medium,Displayed discount is at the 97% peer percentile. | Likes are at the 93% peer percentile. | Price is at the 12% country-category percentile.,Displayed discount is at the 97% peer percentile.,Likes are at the 93% peer percentile.,Price is at the 12% country-category percentile.,vn | Thực phẩm và đồ uống; price pctl 12%; likes pctl 93%; sold-value pctl 88%
vn,vn,1145316676,Nestlé Health Science,40072569026,[Qùa tặng không bán]Túi Tote màu xanh lá (túi ếch) mới,Túi Ví Nữ,Túi Ví Nữ,,377200,377200,25.0,25.0,8,8,349,1000.0,1000.0,3000.0,66.13,Protect Hero SKU,Medium,Likes are at the 100% peer percentile. | Historical sold-value proxy is at the 100% peer percentile. | Displayed discount is at the 100% peer percentile.,Likes are at the 100% peer percentile.,Historical sold-value proxy is at the 100% peer percentile.,Displayed discount is at the 100% peer percentile.,vn | Túi Ví Nữ; price pctl 50%; likes pctl 100%; sold-value pctl 100%
vn,vn,1546895026,Mars Snacking VN,42603939824,[100 gói tặng 10 gói] Kẹo Cao Su Sing-Gum Cool Air Hương Bạc Hà-Khuynh Diệp,Thực phẩm và đồ uống,Thực phẩm và đồ uống,Tất cả sản phẩm,86400,86400,14.0,14.0,214,214,1162,30000.0,30000.0,30000.0,66.07,Protect Hero SKU,Medium,Historical sold-value proxy is at the 97% peer percentile. | Shop credibility score is 83%. | Likes are at the 76% peer percentile.,Historical sold-value proxy is at the 97% peer percentile.,Shop credibility score is 83%.,Likes are at the 76% peer percentile.,vn | Thực phẩm và đồ uống; price pctl 35%; likes pctl 76%; sold-value pctl 97%
vn,vn,173513432,Richy - Chi Nhánh Miền Bắc,4204384892,[GIAO NHANH] [Quà Tặng Đơn 129k] Combo 4 Túi - Tổng 24 chiếc Bánh Tươi Richy KARO (26g * 6 chiếc/ túi),Thực phẩm và đồ uống,Thực phẩm và đồ uống,Karo - Bánh Tươi Cho Mọi Nhà,129600,129600,32.0,32.0,3592,3592,13458,955.0,955.0,40000.0,66.05,Protect Hero SKU,Medium,Likes are at the 99% peer percentile. | Historical sold-value proxy is at the 98% peer percentile. | Displayed discount is at the 84% peer percentile.,Likes are at the 99% peer percentile.,Historical sold-value proxy is at the 98% peer percentile.,Displayed discount is at the 84% peer percentile.,vn | Thực phẩm và đồ uống; price pctl 55%; likes pctl 99%; sold-value pctl 98%
vn,vn,438905996,Richy - Chi nhánh Miền Nam,21258367014,"[MUA 3 TẶNG 1 QUAT] Combo 2 Bánh Yến Mạch Richy 220g-250g, 2 vị (Sữa và Phô Mai)",Thực phẩm và đồ uống,Thực phẩm và đồ uống,🔥  Bán chạy nhất,58500,58500,58.0,58.0,1334,1334,3583,124.0,124.0,10000.0,65.99,Protect Hero SKU,Medium,Displayed discount is at the 99% peer percentile. | Likes are at the 95% peer percentile. | Historical sold-value proxy is at the 88% peer percentile.,Displayed discount is at the 99% peer percentile.,Likes are at the 95% peer percentile.,Historical sold-value proxy is at the 88% peer percentile.,vn | Thực phẩm và đồ uống; price pctl 24%; likes pctl 95%; sold-value pctl 88%
vn,vn,438905996,Richy - Chi nhánh Miền Nam,18877528337,"[TẶNG QUÀ ĐƠN TỪ 109K]  Combo 4 bịch bánh Karo Richy trứng tươi chà bông sợi gà, phô mai hoàng kim, HSD 45 ngày",Thực phẩm và đồ uống,Thực phẩm và đồ uống,Karo – Bánh tươi năng lượng,90000,90000,64.0,64.0,1868,1868,8566,1000.0,1000.0,30000.0,65.93,Protect Hero SKU,Medium,Displayed discount is at the 100% peer percentile. | Historical sold-value proxy is at the 97% peer percentile. | Likes are at the 96% peer percentile.,Displayed discount is at the 100% peer percentile.,Historical sold-value proxy is at the 97% peer percentile.,Likes are at the 96% peer percentile.,vn | Thực phẩm và đồ uống; price pctl 38%; likes pctl 96%; sold-value pctl 97%
vn,vn,108166524,Nestlé Chính hãng,9978300337,[CÔNG THỨC CẢI TIẾN] Túi Cà phê Hòa tan NESCAFÉ VỊ NGUYÊN BẢN 46 gói - Đậm thơm hài hòa,Thực phẩm và đồ uống,Thực phẩm và đồ uống,,154000,154000,14.0,14.0,357,357,1444,40000.0,40000.0,50000.0,65.79,Protect Hero SKU,Medium,Historical sold-value proxy is at the 98% peer percentile. | Shop credibility score is 90%. | Likes are at the 84% peer percentile.,Historical sold-value proxy is at the 98% peer percentile.,Shop credibility score is 90%.,Likes are at the 84% peer percentile.,vn | Thực phẩm và đồ uống; price pctl 66%; likes pctl 84%; sold-value pctl 98%
vn,vn,173513432,Richy - Chi Nhánh Miền Bắc,23244384737,[Quà Tặng Đơn 129k] Combo 2 Túi Bánh Mì Hoa Cúc Ngàn Lớp Fe'sta Richy 3 Bánh/Túi,Thực phẩm và đồ uống,Thực phẩm và đồ uống,Festa Richy - Bánh Mì Hoa Cúc Ngàn Lớp,49500,49500,38.0,38.0,844,844,2844,246.0,246.0,10000.0,65.69,Protect Hero SKU,Medium,Displayed discount is at the 93% peer percentile. | Likes are at the 92% peer percentile. | Historical sold-value proxy is at the 88% peer percentile.,Displayed discount is at the 93% peer percentile.,Likes are at the 92% peer percentile.,Historical sold-value proxy is at the 88% peer percentile.,vn | Thực phẩm và đồ uống; price pctl 18%; likes pctl 92%; sold-value pctl 88%
vn,vn,108166524,Nestlé Chính hãng,25364580727,Sữa lúa mạch Nestlé® MILO® thùng 12 x 110ml (12x4x110ml),Thực phẩm và đồ uống,Thực phẩm và đồ uống,MILO & Sữa,236550,236550,24.0,24.0,2240,2240,2286,20000.0,20000.0,100000.0,65.67,Protect Hero SKU,Medium,Historical sold-value proxy is at the 100% peer percentile. | Likes are at the 98% peer percentile. | Shop credibility score is 90%.,Historical sold-value proxy is at the 100% peer percentile.,Likes are at the 98% peer percentile.,Shop credibility score is 90%.,vn | Thực phẩm và đồ uống; price pctl 82%; likes pctl 98%; sold-value pctl 100%
vn,vn,1145316676,Nestlé Health Science,26663401389,Sữa Bột NESTLÉ NUTREN JUNIOR Thụy Sĩ Với Công Thức BIG Hỗ Trợ Tăng Trưởng Cho Bé 800G,Mẹ & Bé,Mẹ & Bé,ƯU ĐÃI THÁNG 6 - DEAL VÀNG RỘN RÀNG,550290,550290,38.0,38.0,490,490,1203,3000.0,3000.0,8000.0,65.64,Protect Hero SKU,Medium,Likes are at the 100% peer percentile. | Historical sold-value proxy is at the 100% peer percentile. | The listing belongs to an official shop.,Likes are at the 100% peer percentile.,Historical sold-value proxy is at the 100% peer percentile.,The listing belongs to an official shop.,vn | Mẹ & Bé; price pctl 68%; likes pctl 100%; sold-value pctl 100%
vn,vn,289646907,Orion VN Official Store,25027863990,Combo 2 Hộp 12 gói bánh Orion Custas 12P tiramisu (282G),Thực phẩm và đồ uống,Thực phẩm và đồ uống,Sản Phẩm Bán Chạy,129600,129600,10.0,10.0,879,879,1446,1000.0,1000.0,10000.0,65.63,Protect Hero SKU,Medium,Likes are at the 92% peer percentile. | Historical sold-value proxy is at the 88% peer percentile. | Displayed discount is at the 14% peer percentile.,Likes are at the 92% peer percentile.,Historical sold-value proxy is at the 88% peer percentile.,Displayed discount is at the 14% peer percentile.,vn | Thực phẩm và đồ uống; price pctl 55%; likes pctl 92%; sold-value pctl 88%
vn,vn,213989179,Bibica Official Store ,7019537060,"Túi Ngũ Cốc Quasure Light Sữa Bibica 400g, Thực Phẩm Dành Cho Người Ăn Kiêng, Tiểu Đường",Thực phẩm và đồ uống,Thực phẩm và đồ uống,Bánh Dinh Dưỡng,98068,98068,15.0,15.0,491,491,2000,580.0,580.0,10000.0,65.63,Protect Hero SKU,Medium,Historical sold-value proxy is at the 88% peer percentile. | Likes are at the 88% peer percentile. | The listing belongs to an official shop.,Historical sold-value proxy is at the 88% peer percentile.,Likes are at the 88% peer percentile.,The listing belongs to an official shop.,vn | Thực phẩm và đồ uống; price pctl 41%; likes pctl 88%; sold-value pctl 88%
vn,vn,108166524,Nestlé Chính hãng,7005434955,[Phiên bản ống hút 4 chiều] Sữa lúa mạch Nestlé MILO thùng 12 x 180ml (12x4x180ml),Thực phẩm và đồ uống,Thực phẩm và đồ uống,MILO & Sữa,381800,381800,33.0,33.0,10449,10449,21260,20000.0,20000.0,100000.0,65.61,Protect Hero SKU,Medium,Likes are at the 100% peer percentile. | Historical sold-value proxy is at the 100% peer percentile. | Shop credibility score is 90%.,Likes are at the 100% peer percentile.,Historical sold-value proxy is at the 100% peer percentile.,Shop credibility score is 90%.,vn | Thực phẩm và đồ uống; price pctl 88%; likes pctl 100%; sold-value pctl 100%
vn,vn,289646907,Orion VN Official Store,19474514882,Combo 2 Hộp Bánh Orion Chocopie TÌNH (435.6g/hộp),Thực phẩm và đồ uống,Thực phẩm và đồ uống,Sản Phẩm Bán Chạy,129600,129600,10.0,10.0,602,602,903,1000.0,1000.0,20000.0,65.6,Protect Hero SKU,Medium,Historical sold-value proxy is at the 95% peer percentile. | Likes are at the 90% peer percentile. | Displayed discount is at the 14% peer percentile.,Historical sold-value proxy is at the 95% peer percentile.,Likes are at the 90% peer percentile.,Displayed discount is at the 14% peer percentile.,vn | Thực phẩm và đồ uống; price pctl 55%; likes pctl 90%; sold-value pctl 95%
vn,vn,430972539,Perfetti Van Melle Vietnam,8689421259,Kẹo mút Chupa Chups hình dáng Bó hoa hồng hương trái cây (19 que kẹo) phù hợp tặng người thương nhân dịp đặc biệt,Thực phẩm và đồ uống,Thực phẩm và đồ uống,Kẹo mút,81000,81000,19.0,19.0,4443,4443,720,365.0,365.0,3000.0,65.59,Conversion Opportunity,Medium,Likes are at the 100% peer percentile. | Shop credibility score is 94%. | The listing belongs to an official shop.,Likes are at the 100% peer percentile.,Shop credibility score is 94%.,The listing belongs to an official shop.,vn | Thực phẩm và đồ uống; price pctl 32%; likes pctl 100%; sold-value pctl 66%
vn,vn,108166524,Nestlé Chính hãng,2260506115,Thùng Sữa lúa mạch Nestle MILO ít đường (48 Hộp x 180ml),Thực phẩm và đồ uống,Thực phẩm và đồ uống,MILO & Sữa,372537,372537,35.0,35.0,8080,8080,29689,9000.0,9000.0,100000.0,65.46,Protect Hero SKU,Medium,Likes are at the 100% peer percentile. | Historical sold-value proxy is at the 100% peer percentile. | Shop credibility score is 90%.,Likes are at the 100% peer percentile.,Historical sold-value proxy is at the 100% peer percentile.,Shop credibility score is 90%.,vn | Thực phẩm và đồ uống; price pctl 88%; likes pctl 100%; sold-value pctl 100%
vn,vn,108166524,Nestlé Chính hãng,19234852537,Thực phẩm bổ sung thức uống lúa mạch Nestlé Milo 600g,Thực phẩm và đồ uống,Thực phẩm và đồ uống,MILO & Sữa,113400,113400,24.0,24.0,956,956,1583,1000.0,1000.0,9000.0,65.44,Protect Hero SKU,Medium,Likes are at the 94% peer percentile. | Shop credibility score is 90%. | Historical sold-value proxy is at the 83% peer percentile.,Likes are at the 94% peer percentile.,Shop credibility score is 90%.,Historical sold-value proxy is at the 83% peer percentile.,vn | Thực phẩm và đồ uống; price pctl 46%; likes pctl 94%; sold-value pctl 83%
vn,vn,1145316676,Nestlé Health Science,24710759163,"Collagen Thủy Phân Dạng Bột NESTLÉ VITAL PROTEINS Mỹ Hỗ Trợ Làm Đẹp Da,Móng,Tóc 284G",Sức Khỏe,Sức Khỏe,VITAL PROTEINS - 100% Collagen Peptides,595020,595020,46.0,46.0,313,313,118,204.0,204.0,768.0,65.34,Maintain and Monitor,Medium,Price is at the 9% country-category percentile. | Likes are at the 91% peer percentile. | The listing belongs to an official shop.,Price is at the 9% country-category percentile.,Likes are at the 91% peer percentile.,The listing belongs to an official shop.,vn | Sức Khỏe; price pctl 9%; likes pctl 91%; sold-value pctl 71%
vn,vn,213989179,Bibica Official Store ,6225308367,Kẹo Dẻo Hình Thú Zoo Áo Dầu Bibica  Nhiều Vị Trái Cây,Thực phẩm và đồ uống,Thực phẩm và đồ uống,Kẹo Cho Bé,62775,62775,19.0,19.0,639,639,1180,3000.0,3000.0,10000.0,65.33,Protect Hero SKU,Medium,Likes are at the 90% peer percentile. | Historical sold-value proxy is at the 88% peer percentile. | The listing belongs to an official shop.,Likes are at the 90% peer percentile.,Historical sold-value proxy is at the 88% peer percentile.,The listing belongs to an official shop.,vn | Thực phẩm và đồ uống; price pctl 25%; likes pctl 90%; sold-value pctl 88%
vn,vn,438905996,Richy - Chi nhánh Miền Nam,23560645214,"[TẶNG QUẠT ĐƠN 180K]  [BAO BÌ MỚI] Bánh quy Kenju Richy vị rau củ, vị tôm túi 192g, hộp 288g, Bánh Kẹo Richy",Thực phẩm và đồ uống,Thực phẩm và đồ uống,Kenju- Ngon có gu,45000,45000,0.0,0.0,403,403,1339,146.0,146.0,4000.0,65.22,Promotion Test Candidate,Medium,Displayed discount is at the 2% peer percentile. | Price is at the 12% country-category percentile. | Likes are at the 86% peer percentile.,Displayed discount is at the 2% peer percentile.,Price is at the 12% country-category percentile.,Likes are at the 86% peer percentile.,vn | Thực phẩm và đồ uống; price pctl 12%; likes pctl 86%; sold-value pctl 70%
vn,vn,108166524,Nestlé Chính hãng,21591659164,Thùng Sữa lúa mạch Nestle MILO ít đường (48 Hộp x 110ml),Thực phẩm và đồ uống,Thực phẩm và đồ uống,MILO & Sữa,236550,236550,24.0,24.0,2033,2033,1847,9000.0,9000.0,50000.0,65.02,Protect Hero SKU,Medium,Historical sold-value proxy is at the 98% peer percentile. | Likes are at the 97% peer percentile. | Shop credibility score is 90%.,Historical sold-value proxy is at the 98% peer percentile.,Likes are at the 97% peer percentile.,Shop credibility score is 90%.,vn | Thực phẩm và đồ uống; price pctl 82%; likes pctl 97%; sold-value pctl 98%
vn,vn,173513432,Richy - Chi Nhánh Miền Bắc,2907143507,[GIAO NHANH] [Mua 3 Tặng 1 Quạt] Bánh Yến mạch Richy Oatmeal Túi 250g New,Thực phẩm và đồ uống,Thực phẩm và đồ uống,OatMilk- Bánh Yến Mạch,45900,45900,39.0,39.0,996,996,1602,102.0,102.0,6000.0,64.95,Protect Hero SKU,Medium,Displayed discount is at the 94% peer percentile. | Likes are at the 94% peer percentile. | Price is at the 13% country-category percentile.,Displayed discount is at the 94% peer percentile.,Likes are at the 94% peer percentile.,Price is at the 13% country-category percentile.,vn | Thực phẩm và đồ uống; price pctl 13%; likes pctl 94%; sold-value pctl 76%
vn,vn,108166524,Nestlé Chính hãng,19351768341,Combo 2 chai nước tương Maggi đậu nành đậm đặc 700ml/chai,Thực phẩm và đồ uống,Thực phẩm và đồ uống,Gia vị nấu ăn,67500,67500,25.0,25.0,362,362,1386,2000.0,2000.0,10000.0,64.94,Protect Hero SKU,Medium,Shop credibility score is 90%. | Historical sold-value proxy is at the 88% peer percentile. | Likes are at the 84% peer percentile.,Shop credibility score is 90%.,Historical sold-value proxy is at the 88% peer percentile.,Likes are at the 84% peer percentile.,vn | Thực phẩm và đồ uống; price pctl 27%; likes pctl 84%; sold-value pctl 88%
vn,vn,140360136,Kinh Do Official Store,55504930342,[GIFT] Bao lì xì tết 2026,Văn Phòng Phẩm,Văn Phòng Phẩm,Tất cả sản phẩm,820000,820000,18.0,18.0,3,3,231,,,1000.0,64.86,Protect Hero SKU,Medium,Price is at the 100% country-category percentile. | Likes are at the 100% peer percentile. | Historical sold-value proxy is at the 83% peer percentile.,Price is at the 100% country-category percentile.,Likes are at the 100% peer percentile.,Historical sold-value proxy is at the 83% peer percentile.,vn | Văn Phòng Phẩm; price pctl 100%; likes pctl 100%; sold-value pctl 83%
vn,vn,438905996,Richy - Chi nhánh Miền Nam,21677414205,[Tặng quà đơn từ 129k] Combo 2 bịch bánh trứng tươi chà bông Karo Richy sợi thịt gà và phô mai hoàng kim 26g,Thực phẩm và đồ uống,Thực phẩm và đồ uống,Karo – Bánh tươi năng lượng,35000,35000,73.0,73.0,919,919,1591,420.0,420.0,7000.0,64.85,Protect Hero SKU,Medium,Displayed discount is at the 100% peer percentile. | Price is at the 6% country-category percentile. | Likes are at the 92% peer percentile.,Displayed discount is at the 100% peer percentile.,Price is at the 6% country-category percentile.,Likes are at the 92% peer percentile.,vn | Thực phẩm và đồ uống; price pctl 6%; likes pctl 92%; sold-value pctl 78%
vn,vn,1145316676,Nestlé Health Science,24810760293,"Collagen Thủy Phân Dạng Bột NESTLÉ VITAL PROTEINS Mỹ Hỗ Trợ Làm Đẹp Da,Móng,Tóc 567G",Sức Khỏe,Sức Khỏe,VITAL PROTEINS - 100% Collagen Peptides,1033200,1033200,46.0,46.0,207,207,243,1000.0,1000.0,2000.0,64.83,Protect Hero SKU,Medium,Historical sold-value proxy is at the 100% peer percentile. | The listing belongs to an official shop. | Likes are at the 73% peer percentile.,Historical sold-value proxy is at the 100% peer percentile.,The listing belongs to an official shop.,Likes are at the 73% peer percentile.,vn | Sức Khỏe; price pctl 36%; likes pctl 73%; sold-value pctl 100%
vn,vn,430972539,Perfetti Van Melle Vietnam,10032780626,Kẹo dẻo vị chua Chupa Chups hương trái cây hỗn hợp và kẹo dẻo vị chua hình ống hương cola và dâu,Thực phẩm và đồ uống,Thực phẩm và đồ uống,Kẹo dẻo,159280,159280,26.0,26.0,1987,1987,1708,7000.0,7000.0,10000.0,64.82,Protect Hero SKU,Medium,Likes are at the 97% peer percentile. | Shop credibility score is 94%. | Historical sold-value proxy is at the 88% peer percentile.,Likes are at the 97% peer percentile.,Shop credibility score is 94%.,Historical sold-value proxy is at the 88% peer percentile.,vn | Thực phẩm và đồ uống; price pctl 69%; likes pctl 97%; sold-value pctl 88%
vn,vn,140360136,Kinh Do Official Store,51803979562,[GIFT] TÚI ĐEO CHÉO ĐỎ,Túi Ví Nam,Túi Ví Nam,Tất cả sản phẩm,780000,780000,22.0,22.0,4,4,504,,,2000.0,64.8,Protect Hero SKU,Medium,Price is at the 100% country-category percentile. | Likes are at the 100% peer percentile. | Historical sold-value proxy is at the 100% peer percentile.,Price is at the 100% country-category percentile.,Likes are at the 100% peer percentile.,Historical sold-value proxy is at the 100% peer percentile.,vn | Túi Ví Nam; price pctl 100%; likes pctl 100%; sold-value pctl 100%
vn,vn,430972539,Perfetti Van Melle Vietnam,17230920919,"COMBO Kẹo dẻo Chupa Chups hương trái cây hỗn hợp, hương cola mang đến vị ngọt, vị chua và đa dạng hình dáng",Thực phẩm và đồ uống,Thực phẩm và đồ uống,Kẹo dẻo,81000,81000,25.0,25.0,588,588,845,7000.0,7000.0,10000.0,64.69,Protect Hero SKU,Medium,Shop credibility score is 94%. | Likes are at the 90% peer percentile. | Historical sold-value proxy is at the 88% peer percentile.,Shop credibility score is 94%.,Likes are at the 90% peer percentile.,Historical sold-value proxy is at the 88% peer percentile.,vn | Thực phẩm và đồ uống; price pctl 32%; likes pctl 90%; sold-value pctl 88%
vn,vn,108166524,Nestlé Chính hãng,29929277161,Cà phê hoà tan NESCAFE 3IN1 công thức cải tiến - vị Rang Đậm Bịch 46 gói,Thực phẩm và đồ uống,Thực phẩm và đồ uống,Cà phê & Trà,155760,155760,18.0,18.0,436,436,1466,10000.0,10000.0,20000.0,64.67,Protect Hero SKU,Medium,Historical sold-value proxy is at the 95% peer percentile. | Shop credibility score is 90%. | Likes are at the 87% peer percentile.,Historical sold-value proxy is at the 95% peer percentile.,Shop credibility score is 90%.,Likes are at the 87% peer percentile.,vn | Thực phẩm và đồ uống; price pctl 66%; likes pctl 87%; sold-value pctl 95%
vn,vn,289646907,Orion VN Official Store,25828640224,Combo 5 Gói kẹo ngậm HỌNG vị quất mật ong gói 84G,Thực phẩm và đồ uống,Thực phẩm và đồ uống,Sản Phẩm Bán Chạy,90000,90000,10.0,10.0,237,237,1493,1000.0,1000.0,10000.0,64.64,Protect Hero SKU,Medium,Historical sold-value proxy is at the 88% peer percentile. | Displayed discount is at the 14% peer percentile. | Shop credibility score is 79%.,Historical sold-value proxy is at the 88% peer percentile.,Displayed discount is at the 14% peer percentile.,Shop credibility score is 79%.,vn | Thực phẩm và đồ uống; price pctl 38%; likes pctl 77%; sold-value pctl 88%
vn,vn,108166524,Nestlé Chính hãng,22172626348,Nước Tương Nestlé MAGGI® Đậu Nành Giảm Muối chai 300ml với đậu nành lên men tự nhiên,Thực phẩm và đồ uống,Thực phẩm và đồ uống,Gia vị nấu ăn,25000,25000,17.0,17.0,339,339,581,622.0,622.0,7000.0,64.43,Protect Hero SKU,Medium,Price is at the 2% country-category percentile. | Shop credibility score is 90%. | Likes are at the 83% peer percentile.,Price is at the 2% country-category percentile.,Shop credibility score is 90%.,Likes are at the 83% peer percentile.,vn | Thực phẩm và đồ uống; price pctl 2%; likes pctl 83%; sold-value pctl 78%
vn,vn,289646907,Orion VN Official Store,22227670295,Combo 2 Hộp Bánh Orion Custas Nhân Kem Trứng (282g/hộp),Thực phẩm và đồ uống,Thực phẩm và đồ uống,Sản Phẩm Bán Chạy,129600,129600,10.0,10.0,383,383,1520,1000.0,1000.0,10000.0,64.42,Protect Hero SKU,Medium,Historical sold-value proxy is at the 88% peer percentile. | Displayed discount is at the 14% peer percentile. | Likes are at the 85% peer percentile.,Historical sold-value proxy is at the 88% peer percentile.,Displayed discount is at the 14% peer percentile.,Likes are at the 85% peer percentile.,vn | Thực phẩm và đồ uống; price pctl 55%; likes pctl 85%; sold-value pctl 88%
vn,vn,1145316676,Nestlé Health Science,27884205234,Sữa Bột NESTLÉ NUTREN JUNIOR Thụy Sĩ Với Công Thức BIG Hỗ Trợ Tăng Trưởng Cho Bé 400G,Mẹ & Bé,Mẹ & Bé,ƯU ĐÃI THÁNG 6 - DEAL VÀNG RỘN RÀNG,359655,359655,37.0,37.0,123,123,351,3000.0,3000.0,3000.0,64.34,Protect Hero SKU,Medium,Historical sold-value proxy is at the 89% peer percentile. | Price is at the 16% country-category percentile. | Likes are at the 84% peer percentile.,Historical sold-value proxy is at the 89% peer percentile.,Price is at the 16% country-category percentile.,Likes are at the 84% peer percentile.,vn | Mẹ & Bé; price pctl 16%; likes pctl 84%; sold-value pctl 89%
vn,vn,289646907,Orion VN Official Store,23727659874,Combo 2 Hộp Bánh Goute Mè Giòn Tan (8 Gói/hộp),Thực phẩm và đồ uống,Thực phẩm và đồ uống,Gouté,104400,104400,10.0,10.0,236,236,1497,609.0,609.0,10000.0,64.15,Protect Hero SKU,Medium,Historical sold-value proxy is at the 88% peer percentile. | Displayed discount is at the 14% peer percentile. | Shop credibility score is 79%.,Historical sold-value proxy is at the 88% peer percentile.,Displayed discount is at the 14% peer percentile.,Shop credibility score is 79%.,vn | Thực phẩm và đồ uống; price pctl 43%; likes pctl 76%; sold-value pctl 88%
vn,vn,108166524,Nestlé Chính hãng,18517504771,Dầu Hào MAGGI® Nấm Hương Chai 350g,Thực phẩm và đồ uống,Thực phẩm và đồ uống,Gia vị nấu ăn,31000,31000,23.0,23.0,379,379,817,384.0,384.0,4000.0,64.04,Maintain and Monitor,Medium,Price is at the 4% country-category percentile. | Shop credibility score is 90%. | Likes are at the 84% peer percentile.,Price is at the 4% country-category percentile.,Shop credibility score is 90%.,Likes are at the 84% peer percentile.,vn | Thực phẩm và đồ uống; price pctl 4%; likes pctl 84%; sold-value pctl 70%
vn,vn,438905996,Richy - Chi nhánh Miền Nam,11966626126,[MUA 3 TẶNG 1 QUẠT] Combo 2 Bánh Yến Mạch Oatmeal Richy Vị Sữa (250g/Túi),Thực phẩm và đồ uống,Thực phẩm và đồ uống,🔥  Bán chạy nhất,46800,46800,15.0,15.0,454,454,1350,47.0,47.0,4000.0,63.87,Maintain and Monitor,Medium,Likes are at the 87% peer percentile. | Price is at the 15% country-category percentile. | Historical sold-value proxy is at the 70% peer percentile.,Likes are at the 87% peer percentile.,Price is at the 15% country-category percentile.,Historical sold-value proxy is at the 70% peer percentile.,vn | Thực phẩm và đồ uống; price pctl 15%; likes pctl 87%; sold-value pctl 70%
vn,vn,1546895026,Mars Snacking VN,40403991264,Combo 20 gói Kẹo socola M&M's vị sữa 14.5g,Thực phẩm và đồ uống,Thực phẩm và đồ uống,Tất cả sản phẩm,85500,85500,14.0,14.0,482,482,1048,453.0,453.0,6000.0,63.87,Protect Hero SKU,Medium,Likes are at the 88% peer percentile. | Shop credibility score is 83%. | Historical sold-value proxy is at the 76% peer percentile.,Likes are at the 88% peer percentile.,Shop credibility score is 83%.,Historical sold-value proxy is at the 76% peer percentile.,vn | Thực phẩm và đồ uống; price pctl 34%; likes pctl 88%; sold-value pctl 76%
vn,vn,173513432,Richy - Chi Nhánh Miền Bắc,23362087945,[Quà Tặng Đơn 129k] [SẴN HÀNG - GIAO NHANH] Combo 6 Túi Bánh Mì Hoa Cúc Ngàn Lớp Fe'sta Richy - HSD 30 ngày,Thực phẩm và đồ uống,Thực phẩm và đồ uống,[BEST SELLER] Top Sản Phẩm Bán Chạy,132000,132000,40.0,40.0,1160,1160,6151,588.0,588.0,20000.0,63.83,Protect Hero SKU,Medium,Displayed discount is at the 95% peer percentile. | Historical sold-value proxy is at the 95% peer percentile. | Likes are at the 94% peer percentile.,Displayed discount is at the 95% peer percentile.,Historical sold-value proxy is at the 95% peer percentile.,Likes are at the 94% peer percentile.,vn | Thực phẩm và đồ uống; price pctl 57%; likes pctl 94%; sold-value pctl 95%
vn,vn,438905996,Richy - Chi nhánh Miền Nam,20852613995,"[Tặng quà đơn từ 129k]Bánh Richy KARO trứng tươi chà bông (Gà/ Phô Mai/ Sữa), HSD 45-90 ngày",Thực phẩm và đồ uống,Thực phẩm và đồ uống,Karo – Bánh tươi năng lượng,1000,1000,98.0,98.0,495,495,1404,2000.0,2000.0,9000.0,63.81,Protect Hero SKU,Medium,Displayed discount is at the 100% peer percentile. | Price is at the 0% country-category percentile. | Likes are at the 88% peer percentile.,Displayed discount is at the 100% peer percentile.,Price is at the 0% country-category percentile.,Likes are at the 88% peer percentile.,vn | Thực phẩm và đồ uống; price pctl 0%; likes pctl 88%; sold-value pctl 83%
vn,vn,108166524,Nestlé Chính hãng,28079281911,Cà phê đen hòa tan NESCAFE Café Việt (Túi 35 gói x 16g),Thực phẩm và đồ uống,Thực phẩm và đồ uống,Cà phê & Trà,176000,176000,12.0,12.0,328,328,868,30000.0,30000.0,40000.0,63.81,Protect Hero SKU,Medium,Historical sold-value proxy is at the 98% peer percentile. | Shop credibility score is 90%. | Likes are at the 82% peer percentile.,Historical sold-value proxy is at the 98% peer percentile.,Shop credibility score is 90%.,Likes are at the 82% peer percentile.,vn | Thực phẩm và đồ uống; price pctl 75%; likes pctl 82%; sold-value pctl 98%
vn,vn,1145316676,Nestlé Health Science,24135901205,Thùng 36 Hộp Sữa Pha Sẵn NESTLÉ NUTREN JUNIOR Thụy Sĩ Công Thức BIG Tăng Trưởng 110ML,Mẹ & Bé,Mẹ & Bé,ƯU ĐÃI THÁNG 6 - DEAL VÀNG RỘN RÀNG,546140,546140,41.0,41.0,327,327,857,2000.0,2000.0,5000.0,63.77,Protect Hero SKU,Medium,Likes are at the 98% peer percentile. | Historical sold-value proxy is at the 95% peer percentile. | Displayed discount is at the 90% peer percentile.,Likes are at the 98% peer percentile.,Historical sold-value proxy is at the 95% peer percentile.,Displayed discount is at the 90% peer percentile.,vn | Mẹ & Bé; price pctl 66%; likes pctl 98%; sold-value pctl 95%
vn,vn,108166524,Nestlé Chính hãng,1759126901,[CÔNG THỨC CẢI TIẾN] Hộp Cà phê Hòa tan NESCAFÉ VỊ NGUYÊN BẢN 20 gói - Đậm thơm hài hòa,Thực phẩm và đồ uống,Thực phẩm và đồ uống,,77400,77400,23.0,23.0,467,467,646,10000.0,10000.0,10000.0,63.76,Protect Hero SKU,Medium,Shop credibility score is 90%. | Historical sold-value proxy is at the 88% peer percentile. | Likes are at the 87% peer percentile.,Shop credibility score is 90%.,Historical sold-value proxy is at the 88% peer percentile.,Likes are at the 87% peer percentile.,vn | Thực phẩm và đồ uống; price pctl 30%; likes pctl 87%; sold-value pctl 88%
vn,vn,213989179,Bibica Official Store ,17894583120,Bánh Dinh Dưỡng Quasure Light Bibica Ngũ Cốc Bông Lan Bánh Quy Ăn Kiêng,Thực phẩm và đồ uống,Thực phẩm và đồ uống,Bánh Dinh Dưỡng,56943,56943,14.0,14.0,249,249,691,6000.0,6000.0,10000.0,63.59,Protect Hero SKU,Medium,Historical sold-value proxy is at the 88% peer percentile. | Likes are at the 78% peer percentile. | Price is at the 22% country-category percentile.,Historical sold-value proxy is at the 88% peer percentile.,Likes are at the 78% peer percentile.,Price is at the 22% country-category percentile.,vn | Thực phẩm và đồ uống; price pctl 22%; likes pctl 78%; sold-value pctl 88%
vn,vn,438905996,Richy - Chi nhánh Miền Nam,56061511146,"[QUÀ TẶNG KHÔNG BÁN] QUẠT MINI CẦM TAY 100 NẤC GIÓ, MÀN HÌNH LED THÔNG MINH",Điện Thoại & Phụ Kiện,Điện Thoại & Phụ Kiện,,400890,400890,20.0,20.0,4,4,170,872.0,872.0,904.0,63.55,Protect Hero SKU,Medium,Price is at the 100% country-category percentile. | Likes are at the 100% peer percentile. | Historical sold-value proxy is at the 100% peer percentile.,Price is at the 100% country-category percentile.,Likes are at the 100% peer percentile.,Historical sold-value proxy is at the 100% peer percentile.,vn | Điện Thoại & Phụ Kiện; price pctl 100%; likes pctl 100%; sold-value pctl 100%
vn,vn,108166524,Nestlé Chính hãng,25142564416,Sữa Lúa Mạch Nestle MILO với sữa A2 MỚI thùng 12 x 110ml (12x4x110ml),Thực phẩm và đồ uống,Thực phẩm và đồ uống,MILO & Sữa,288840,288840,17.0,17.0,559,559,1499,20000.0,20000.0,20000.0,63.54,Protect Hero SKU,Medium,Historical sold-value proxy is at the 95% peer percentile. | Shop credibility score is 90%. | Likes are at the 89% peer percentile.,Historical sold-value proxy is at the 95% peer percentile.,Shop credibility score is 90%.,Likes are at the 89% peer percentile.,vn | Thực phẩm và đồ uống; price pctl 84%; likes pctl 89%; sold-value pctl 95%
vn,vn,108166524,Nestlé Chính hãng,40823006401,[GRO - Quà tặng không bán] Mẫu thử cà phê đen NESCAFÉ Signature V2 (dạng ly) NESCAFÉ,Thực phẩm và đồ uống,Thực phẩm và đồ uống,,415000,415000,17.0,17.0,246,246,8957,,,30000.0,63.49,Protect Hero SKU,Medium,Historical sold-value proxy is at the 97% peer percentile. | Price is at the 91% country-category percentile. | Shop credibility score is 90%.,Historical sold-value proxy is at the 97% peer percentile.,Price is at the 91% country-category percentile.,Shop credibility score is 90%.,vn | Thực phẩm và đồ uống; price pctl 91%; likes pctl 78%; sold-value pctl 97%
vn,vn,108166524,Nestlé Chính hãng,29179302583,Thùng Sữa lúa mạch Nestle MILO A2 MỚI (48 Hộp x180ml),Thực phẩm và đồ uống,Thực phẩm và đồ uống,MILO & Sữa,382298,382298,26.0,26.0,1170,1170,1622,20000.0,20000.0,40000.0,63.42,Protect Hero SKU,Medium,Historical sold-value proxy is at the 98% peer percentile. | Likes are at the 95% peer percentile. | Shop credibility score is 90%.,Historical sold-value proxy is at the 98% peer percentile.,Likes are at the 95% peer percentile.,Shop credibility score is 90%.,vn | Thực phẩm và đồ uống; price pctl 88%; likes pctl 95%; sold-value pctl 98%
vn,vn,289646907,Orion VN Official Store,23027666001,Combo 2 Hộp Bánh Orion Chocopie ĐẬM (396g/hộp),Thực phẩm và đồ uống,Thực phẩm và đồ uống,Sản Phẩm Bán Chạy,129600,129600,10.0,10.0,383,383,1540,329.0,329.0,6000.0,63.28,Protect Hero SKU,Medium,Displayed discount is at the 14% peer percentile. | Likes are at the 85% peer percentile. | Shop credibility score is 79%.,Displayed discount is at the 14% peer percentile.,Likes are at the 85% peer percentile.,Shop credibility score is 79%.,vn | Thực phẩm và đồ uống; price pctl 55%; likes pctl 85%; sold-value pctl 76%
vn,vn,438905996,Richy - Chi nhánh Miền Nam,26488409967,"[TẶNG QUÀ ĐƠN TỪ 129K]  Combo 4 bịch bánh Karo chà bông sợi gà, Karo chà bông hoàng kim, HSD 45 ngày",Thực phẩm và đồ uống,Thực phẩm và đồ uống,Karo – Bánh tươi năng lượng,89100,89100,41.0,41.0,264,264,3616,20000.0,20000.0,30000.0,63.16,Protect Hero SKU,Medium,Historical sold-value proxy is at the 97% peer percentile. | Displayed discount is at the 96% peer percentile. | Likes are at the 79% peer percentile.,Historical sold-value proxy is at the 97% peer percentile.,Displayed discount is at the 96% peer percentile.,Likes are at the 79% peer percentile.,vn | Thực phẩm và đồ uống; price pctl 37%; likes pctl 79%; sold-value pctl 97%
vn,vn,108166524,Nestlé Chính hãng,42463531743,[Live] Sữa Lúa Mạch Nestle MILO với sữa A2 MỚI thùng 12 x 180ml (12x4x180ml),Thực phẩm và đồ uống,Thực phẩm và đồ uống,MILO & Sữa,382298,382298,26.0,26.0,703,703,5453,4000.0,4000.0,20000.0,63.09,Protect Hero SKU,Medium,Historical sold-value proxy is at the 95% peer percentile. | Likes are at the 90% peer percentile. | Shop credibility score is 90%.,Historical sold-value proxy is at the 95% peer percentile.,Likes are at the 90% peer percentile.,Shop credibility score is 90%.,vn | Thực phẩm và đồ uống; price pctl 88%; likes pctl 90%; sold-value pctl 95%
vn,vn,438905996,Richy - Chi nhánh Miền Nam,21658340202,[TẶNG QUẠT ĐƠN 180K]  Bánh quy Richy KenJu giòn kem dẻo hương vị Nhật,Thực phẩm và đồ uống,Thực phẩm và đồ uống,Kenju- Ngon có gu,48000,48000,20.0,20.0,701,701,1044,229.0,229.0,6000.0,63.01,Protect Hero SKU,Medium,Likes are at the 90% peer percentile. | Price is at the 17% country-category percentile. | Historical sold-value proxy is at the 76% peer percentile.,Likes are at the 90% peer percentile.,Price is at the 17% country-category percentile.,Historical sold-value proxy is at the 76% peer percentile.,vn | Thực phẩm và đồ uống; price pctl 17%; likes pctl 90%; sold-value pctl 76%
vn,vn,289646907,Orion VN Official Store,25078119874,"Combo 3 túi Bánh gạo nướng An ORION vị Chà Bông 145,6G",Thực phẩm và đồ uống,Thực phẩm và đồ uống,BÁNH GẠO AN - BÁNH GẠO CHO CẢ GIA ĐÌNH,105300,105300,10.0,10.0,287,287,628,2000.0,2000.0,10000.0,62.78,Protect Hero SKU,Medium,Historical sold-value proxy is at the 88% peer percentile. | Displayed discount is at the 14% peer percentile. | Likes are at the 81% peer percentile.,Historical sold-value proxy is at the 88% peer percentile.,Displayed discount is at the 14% peer percentile.,Likes are at the 81% peer percentile.,vn | Thực phẩm và đồ uống; price pctl 43%; likes pctl 81%; sold-value pctl 88%
vn,vn,108166524,Nestlé Chính hãng,53654127440,Combo 3 Bịch Cà phê Hòa tan NESCAFÉ CAFÉ VIỆT 35 gói Vị Mạnh đặc trưng,Thực phẩm và đồ uống,Thực phẩm và đồ uống,Cà phê & Trà,478800,478800,16.0,16.0,294,294,1442,80000.0,80000.0,90000.0,62.7,Protect Hero SKU,Medium,Historical sold-value proxy is at the 99% peer percentile. | Price is at the 93% country-category percentile. | Shop credibility score is 90%.,Historical sold-value proxy is at the 99% peer percentile.,Price is at the 93% country-category percentile.,Shop credibility score is 90%.,vn | Thực phẩm và đồ uống; price pctl 93%; likes pctl 81%; sold-value pctl 99%
vn,vn,430972539,Perfetti Van Melle Vietnam,28653603145,COMBO Kẹo ngậm không đường Mentos Hương Đào/Nho Bạc Hà (hộp nhựa) mang đến hơi thở tươi mát,Thực phẩm và đồ uống,Thực phẩm và đồ uống,Kẹo ngậm,110700,110700,23.0,23.0,511,511,973,4000.0,4000.0,9000.0,62.69,Protect Hero SKU,Medium,Shop credibility score is 94%. | Likes are at the 88% peer percentile. | Historical sold-value proxy is at the 83% peer percentile.,Shop credibility score is 94%.,Likes are at the 88% peer percentile.,Historical sold-value proxy is at the 83% peer percentile.,vn | Thực phẩm và đồ uống; price pctl 46%; likes pctl 88%; sold-value pctl 83%
vn,vn,173513432,Richy - Chi Nhánh Miền Bắc,24382925488,"[GIAO NHANH] [Quà Tặng Đơn 129k] Combo 4 Bịch Bánh Tươi Richy: Karo Sợi Gà,Phô mai,Gấu Chà Bông & Bánh Mì Hoa Cúc",Thực phẩm và đồ uống,Thực phẩm và đồ uống,[BEST SELLER] Top Sản Phẩm Bán Chạy,126000,126000,34.0,34.0,753,753,3324,434.0,434.0,10000.0,62.62,Protect Hero SKU,Medium,Likes are at the 91% peer percentile. | Historical sold-value proxy is at the 88% peer percentile. | Displayed discount is at the 88% peer percentile.,Likes are at the 91% peer percentile.,Historical sold-value proxy is at the 88% peer percentile.,Displayed discount is at the 88% peer percentile.,vn | Thực phẩm và đồ uống; price pctl 52%; likes pctl 91%; sold-value pctl 88%
vn,vn,213989179,Bibica Official Store ,15715828480,Combo 5 Kẹo Cứng Migita Bibica 70g Cay Nhẹ Thơm Ngon Truyền Thống,Thực phẩm và đồ uống,Thực phẩm và đồ uống,Kẹo Ăn Vặt,38700,38700,10.0,10.0,143,143,889,1000.0,1000.0,8000.0,62.43,Maintain and Monitor,Medium,Price is at the 8% country-category percentile. | Displayed discount is at the 14% peer percentile. | Historical sold-value proxy is at the 81% peer percentile.,Price is at the 8% country-category percentile.,Displayed discount is at the 14% peer percentile.,Historical sold-value proxy is at the 81% peer percentile.,vn | Thực phẩm và đồ uống; price pctl 8%; likes pctl 68%; sold-value pctl 81%
vn,vn,108166524,Nestlé Chính hãng,45404142712,Combo 2 Bịch Cà phê Hòa tan NESCAFÉ CAFÉ VIỆT 35 gói Vị Mạnh đặc trưng,Thực phẩm và đồ uống,Thực phẩm và đồ uống,Cà phê & Trà,332000,332000,17.0,17.0,232,232,1457,50000.0,50000.0,60000.0,62.42,Protect Hero SKU,Medium,Historical sold-value proxy is at the 99% peer percentile. | Shop credibility score is 90%. | Price is at the 86% country-category percentile.,Historical sold-value proxy is at the 99% peer percentile.,Shop credibility score is 90%.,Price is at the 86% country-category percentile.,vn | Thực phẩm và đồ uống; price pctl 86%; likes pctl 76%; sold-value pctl 99%
vn,vn,289646907,Orion VN Official Store,25578062299,Combo 3 Túi 5 gói bánh ăn sáng Orion C'est Bon sốt nhân kem trứng muối (101.5G),Thực phẩm và đồ uống,Thực phẩm và đồ uống,BÁNH ĂN SÁNG C'EST BON,81000,81000,10.0,10.0,266,266,915,3000.0,3000.0,8000.0,62.41,Protect Hero SKU,Medium,Displayed discount is at the 14% peer percentile. | Historical sold-value proxy is at the 81% peer percentile. | Likes are at the 80% peer percentile.,Displayed discount is at the 14% peer percentile.,Historical sold-value proxy is at the 81% peer percentile.,Likes are at the 80% peer percentile.,vn | Thực phẩm và đồ uống; price pctl 32%; likes pctl 80%; sold-value pctl 81%
vn,vn,213989179,Bibica Official Store ,7780693115,Bánh Hura Layercake Bibica 300g,Thực phẩm và đồ uống,Thực phẩm và đồ uống,,48649,48649,15.0,15.0,433,433,606,59.0,59.0,5000.0,62.35,Maintain and Monitor,Medium,Likes are at the 86% peer percentile. | Price is at the 17% country-category percentile. | The listing belongs to an official shop.,Likes are at the 86% peer percentile.,Price is at the 17% country-category percentile.,The listing belongs to an official shop.,vn | Thực phẩm và đồ uống; price pctl 17%; likes pctl 86%; sold-value pctl 74%
vn,vn,438905996,Richy - Chi nhánh Miền Nam,22238396041,[TẶNG QUÀ ĐƠN TỪ 129K ]Bánh que kem chấm Wismo Richy vị socola dâu 35g,Thực phẩm và đồ uống,Thực phẩm và đồ uống,,25000,25000,0.0,0.0,55,55,1213,10000.0,10000.0,10000.0,62.28,Promotion Test Candidate,Medium,Price is at the 2% country-category percentile. | Displayed discount is at the 2% peer percentile. | Historical sold-value proxy is at the 88% peer percentile.,Price is at the 2% country-category percentile.,Displayed discount is at the 2% peer percentile.,Historical sold-value proxy is at the 88% peer percentile.,vn | Thực phẩm và đồ uống; price pctl 2%; likes pctl 50%; sold-value pctl 88%
vn,vn,173513432,Richy - Chi Nhánh Miền Bắc,10808120998,[GIAO NHANH] [Quà Tặng Đơn 129k] Bánh gạo Richy Jinju Gold hương vị Ganjang mật ong 100g,Thực phẩm và đồ uống,Thực phẩm và đồ uống,JinJu - Bánh Gạo Hàn Quốc Đủ Vị,26000,26000,38.0,38.0,345,345,1265,166.0,166.0,6000.0,62.19,Protect Hero SKU,Medium,Price is at the 3% country-category percentile. | Displayed discount is at the 93% peer percentile. | Likes are at the 83% peer percentile.,Price is at the 3% country-category percentile.,Displayed discount is at the 93% peer percentile.,Likes are at the 83% peer percentile.,vn | Thực phẩm và đồ uống; price pctl 3%; likes pctl 83%; sold-value pctl 76%
vn,vn,108166524,Nestlé Chính hãng,22764900114,Dầu Hào Cao Cấp MAGGI® Bào Ngư Mới 350g,Thực phẩm và đồ uống,Thực phẩm và đồ uống,Gia vị nấu ăn,40000,40000,0.0,0.0,164,164,572,1000.0,1000.0,5000.0,62.16,Promotion Test Candidate,Medium,Displayed discount is at the 2% peer percentile. | Price is at the 9% country-category percentile. | Shop credibility score is 90%.,Displayed discount is at the 2% peer percentile.,Price is at the 9% country-category percentile.,Shop credibility score is 90%.,vn | Thực phẩm và đồ uống; price pctl 9%; likes pctl 72%; sold-value pctl 74%
vn,vn,108166524,Nestlé Chính hãng,3075288173,NESCAFE 3IN1 Công thức cải tiến - VỊ RANG ĐẬM (Hộp 20 gói x 16g),Thực phẩm và đồ uống,Thực phẩm và đồ uống,Cà phê & Trà,78300,78300,13.0,13.0,189,189,373,9000.0,9000.0,10000.0,62.12,Maintain and Monitor,Medium,Shop credibility score is 90%. | Historical sold-value proxy is at the 88% peer percentile. | The listing belongs to an official shop.,Shop credibility score is 90%.,Historical sold-value proxy is at the 88% peer percentile.,The listing belongs to an official shop.,vn | Thực phẩm và đồ uống; price pctl 31%; likes pctl 74%; sold-value pctl 88%
vn,vn,289646907,Orion VN Official Store,26052011768,Combo 3 gói bánh ăn sáng C'est Bon Sandwich Sốt Bơ Phô Mai Chà Bông Orion (147G x 6),Thực phẩm và đồ uống,Thực phẩm và đồ uống,Sản Phẩm Bán Chạy,118800,118800,10.0,10.0,276,276,1340,775.0,775.0,7000.0,62.05,Protect Hero SKU,Medium,Displayed discount is at the 14% peer percentile. | Likes are at the 80% peer percentile. | Shop credibility score is 79%.,Displayed discount is at the 14% peer percentile.,Likes are at the 80% peer percentile.,Shop credibility score is 79%.,vn | Thực phẩm và đồ uống; price pctl 48%; likes pctl 80%; sold-value pctl 78%
vn,vn,289646907,Orion VN Official Store,25178062720,"Combo 3 Túi 5 gói bánh ăn sáng Orion C'est Bon sợi thịt gà sốt kem phô mai 101,5G/Túi",Thực phẩm và đồ uống,Thực phẩm và đồ uống,Cuồng nhiệt Bóng Đá 2026,81000,81000,10.0,10.0,245,245,837,3000.0,3000.0,8000.0,61.9,Protect Hero SKU,Medium,Displayed discount is at the 14% peer percentile. | Historical sold-value proxy is at the 81% peer percentile. | Shop credibility score is 79%.,Displayed discount is at the 14% peer percentile.,Historical sold-value proxy is at the 81% peer percentile.,Shop credibility score is 79%.,vn | Thực phẩm và đồ uống; price pctl 32%; likes pctl 78%; sold-value pctl 81%
vn,vn,173513432,Richy - Chi Nhánh Miền Bắc,29260645058,"[Quà Tặng Đơn 129k] [SẴN HÀNG-GIAO NHANH] Combo 3-4 bịch bánh Richy Karo Gấu - Chà Bông [MỚI], Gấu Phô Mai",Thực phẩm và đồ uống,Thực phẩm và đồ uống,Karo - Bánh Tươi Cho Mọi Nhà,117900,117900,35.0,35.0,768,768,2038,121.0,121.0,8000.0,61.82,Protect Hero SKU,Medium,Likes are at the 91% peer percentile. | Displayed discount is at the 90% peer percentile. | Historical sold-value proxy is at the 81% peer percentile.,Likes are at the 91% peer percentile.,Displayed discount is at the 90% peer percentile.,Historical sold-value proxy is at the 81% peer percentile.,vn | Thực phẩm và đồ uống; price pctl 48%; likes pctl 91%; sold-value pctl 81%
vn,vn,438905996,Richy - Chi nhánh Miền Nam,22243784219,"[TẶNG QUÀ ĐƠN TỪ 129K]Combo 5 Bánh mì hoa cúc ngàn lớp Festa Richy túi 3 bánh, HSD 35 ngày từ NSX,kH cân nhắc đặt sll",Thực phẩm và đồ uống,Thực phẩm và đồ uống,🔥  Bán chạy nhất,25000,25000,50.0,50.0,383,383,1093,3000.0,3000.0,7000.0,61.75,Protect Hero SKU,Medium,Displayed discount is at the 99% peer percentile. | Price is at the 2% country-category percentile. | Likes are at the 85% peer percentile.,Displayed discount is at the 99% peer percentile.,Price is at the 2% country-category percentile.,Likes are at the 85% peer percentile.,vn | Thực phẩm và đồ uống; price pctl 2%; likes pctl 85%; sold-value pctl 78%
vn,vn,108166524,Nestlé Chính hãng,11518480861,Bịch Cà phê Hòa tan NESCAFÉ CAFÉ SỮA ĐÁ 25 gói Nhân đôi sánh quyện,Thực phẩm và đồ uống,Thực phẩm và đồ uống,Cà phê & Trà,127800,127800,20.0,20.0,271,271,933,7000.0,7000.0,10000.0,61.59,Protect Hero SKU,Medium,Shop credibility score is 90%. | Historical sold-value proxy is at the 88% peer percentile. | Likes are at the 80% peer percentile.,Shop credibility score is 90%.,Historical sold-value proxy is at the 88% peer percentile.,Likes are at the 80% peer percentile.,vn | Thực phẩm và đồ uống; price pctl 53%; likes pctl 80%; sold-value pctl 88%
vn,vn,173513432,Richy - Chi Nhánh Miền Bắc,16604448221,[Tặng Quạt Đơn 180k] Bánh Quy Richy KenJu Giòn Kem Dẻo 279gr,Thực phẩm và đồ uống,Thực phẩm và đồ uống,Kenju - Bánh Quy Kem Dẻo,63000,63000,21.0,21.0,755,755,788,3000.0,3000.0,7000.0,61.58,Protect Hero SKU,Medium,Likes are at the 91% peer percentile. | Historical sold-value proxy is at the 78% peer percentile. | Price is at the 26% country-category percentile.,Likes are at the 91% peer percentile.,Historical sold-value proxy is at the 78% peer percentile.,Price is at the 26% country-category percentile.,vn | Thực phẩm và đồ uống; price pctl 26%; likes pctl 91%; sold-value pctl 78%
vn,vn,173513432,Richy - Chi Nhánh Miền Bắc,23962091148,[GIAO NHANH] [Quà Tặng Đơn 129k] Combo 4 Túi Bánh Tươi Karo Trứng Chà Bông- Phô Mai Hoàng Kim Richy - HSD 45 Ngày,Thực phẩm và đồ uống,Thực phẩm và đồ uống,Karo - Bánh Tươi Cho Mọi Nhà,129600,129600,14.0,14.0,387,387,1645,68.0,68.0,6000.0,61.46,Protect Hero SKU,Medium,Likes are at the 85% peer percentile. | Historical sold-value proxy is at the 76% peer percentile. | Displayed discount is at the 32% peer percentile.,Likes are at the 85% peer percentile.,Historical sold-value proxy is at the 76% peer percentile.,Displayed discount is at the 32% peer percentile.,vn | Thực phẩm và đồ uống; price pctl 55%; likes pctl 85%; sold-value pctl 76%
vn,vn,1145316676,Nestlé Health Science,43058340201,[Quà tặng không bán] Vali NUTREN JUNIOR,Thời trang trẻ em & trẻ sơ sinh,Thời trang trẻ em & trẻ sơ sinh,,377200,377200,25.0,25.0,3,3,13,138.0,138.0,185.0,61.18,Protect Hero SKU,Medium,Likes are at the 100% peer percentile. | Historical sold-value proxy is at the 100% peer percentile. | The listing belongs to an official shop.,Likes are at the 100% peer percentile.,Historical sold-value proxy is at the 100% peer percentile.,The listing belongs to an official shop.,vn | Thời trang trẻ em & trẻ sơ sinh; price pctl 67%; likes pctl 100%; sold-value pctl 100%
vn,vn,430972539,Perfetti Van Melle Vietnam,4094521804,"Kẹo cao su gum thổi có nhân Chupa Chups Big Babol Sploosh (Hũ 74 viên) hương dưa hấu, dâu, cola",Thực phẩm và đồ uống,Thực phẩm và đồ uống,,89100,89100,20.0,20.0,569,569,553,1000.0,1000.0,3000.0,61.13,Maintain and Monitor,Medium,Shop credibility score is 94%. | Likes are at the 89% peer percentile. | The listing belongs to an official shop.,Shop credibility score is 94%.,Likes are at the 89% peer percentile.,The listing belongs to an official shop.,vn | Thực phẩm và đồ uống; price pctl 37%; likes pctl 89%; sold-value pctl 66%
vn,vn,1145316676,Nestlé Health Science,24964694524,[Quà tặng không bán] Máy uốn tóc VP,Sắc Đẹp,Sắc Đẹp,,747000,747000,21.0,21.0,1,1,20,44.0,44.0,119.0,61.13,Protect Hero SKU,Medium,Price is at the 100% country-category percentile. | Likes are at the 100% peer percentile. | Historical sold-value proxy is at the 100% peer percentile.,Price is at the 100% country-category percentile.,Likes are at the 100% peer percentile.,Historical sold-value proxy is at the 100% peer percentile.,vn | Sắc Đẹp; price pctl 100%; likes pctl 100%; sold-value pctl 100%
vn,vn,1145316676,Nestlé Health Science,40117408792,[Quà tặng không bán] Dây Kháng Lực,Thể Thao & Dã Ngoại,Thể Thao & Dã Ngoại,,377200,377200,25.0,25.0,5,5,86,72.0,72.0,506.0,61.13,Protect Hero SKU,Medium,Price is at the 100% country-category percentile. | Likes are at the 100% peer percentile. | Historical sold-value proxy is at the 100% peer percentile.,Price is at the 100% country-category percentile.,Likes are at the 100% peer percentile.,Historical sold-value proxy is at the 100% peer percentile.,vn | Thể Thao & Dã Ngoại; price pctl 100%; likes pctl 100%; sold-value pctl 100%
vn,vn,1145316676,Nestlé Health Science,40067434635,[Quà tặng không bán] Túi đựng phụ kiện,Du lịch & Hành lý,Du lịch & Hành lý,,377200,377200,25.0,25.0,0,0,44,111.0,111.0,337.0,61.13,Protect Hero SKU,Medium,Price is at the 100% country-category percentile. | Likes are at the 100% peer percentile. | Historical sold-value proxy is at the 100% peer percentile.,Price is at the 100% country-category percentile.,Likes are at the 100% peer percentile.,Historical sold-value proxy is at the 100% peer percentile.,vn | Du lịch & Hành lý; price pctl 100%; likes pctl 100%; sold-value pctl 100%
vn,vn,173513432,Richy - Chi Nhánh Miền Bắc,20085751465,[Tặng Quạt Đơn 180k] [BAO BÌ MỚI!!!] Bánh Quy Kenju Richy Vị Rau Củ - Túi 192g,Thực phẩm và đồ uống,Thực phẩm và đồ uống,Kenju - Bánh Quy Kem Dẻo,45000,45000,18.0,18.0,324,324,696,437.0,437.0,5000.0,61.04,Maintain and Monitor,Medium,Price is at the 12% country-category percentile. | Likes are at the 82% peer percentile. | Historical sold-value proxy is at the 74% peer percentile.,Price is at the 12% country-category percentile.,Likes are at the 82% peer percentile.,Historical sold-value proxy is at the 74% peer percentile.,vn | Thực phẩm và đồ uống; price pctl 12%; likes pctl 82%; sold-value pctl 74%
vn,vn,173513432,Richy - Chi Nhánh Miền Bắc,5563532430,[Quà Tặng Đơn 129k] [BAO BÌ MỚI] Combo 2 Túi Bánh Karo Richy Bơ Trứng Giòn 150g,Thực phẩm và đồ uống,Thực phẩm và đồ uống,Karo - Bánh Tươi Cho Mọi Nhà,35000,35000,22.0,22.0,364,364,751,91.0,91.0,3000.0,60.86,Maintain and Monitor,Medium,Price is at the 6% country-category percentile. | Likes are at the 84% peer percentile. | Displayed discount is at the 66% peer percentile.,Price is at the 6% country-category percentile.,Likes are at the 84% peer percentile.,Displayed discount is at the 66% peer percentile.,vn | Thực phẩm và đồ uống; price pctl 6%; likes pctl 84%; sold-value pctl 66%
vn,vn,289646907,Orion VN Official Store,23459135184,Combo 5 Túi Bánh Nướng Giòn C'est Bon Orion Baguette Vị Bơ Tỏi Đút Lò (5 gói/Túi),Thực phẩm và đồ uống,Thực phẩm và đồ uống,Sản Phẩm Bán Chạy,193600,193600,12.0,12.0,557,557,701,2000.0,2000.0,10000.0,60.53,Protect Hero SKU,Medium,Likes are at the 89% peer percentile. | Historical sold-value proxy is at the 88% peer percentile. | Shop credibility score is 79%.,Likes are at the 89% peer percentile.,Historical sold-value proxy is at the 88% peer percentile.,Shop credibility score is 79%.,vn | Thực phẩm và đồ uống; price pctl 77%; likes pctl 89%; sold-value pctl 88%
vn,vn,1546895026,Mars Snacking VN,41961995623,[DIỆN MẠO MỚI 20 THANH] Combo 2 Hũ kẹo sô cô la nhân đậu phộng Snickers jar 240g (20 thanh x 12g x 2 Hũ) Deal độc quyền,Thực phẩm và đồ uống,Thực phẩm và đồ uống,Tất cả sản phẩm,164560,164560,18.0,18.0,339,339,471,20000.0,20000.0,20000.0,60.48,Protect Hero SKU,Medium,Historical sold-value proxy is at the 95% peer percentile. | Likes are at the 83% peer percentile. | Shop credibility score is 83%.,Historical sold-value proxy is at the 95% peer percentile.,Likes are at the 83% peer percentile.,Shop credibility score is 83%.,vn | Thực phẩm và đồ uống; price pctl 70%; likes pctl 83%; sold-value pctl 95%
vn,vn,140360136,Kinh Do Official Store,42450739240,[HỎA TỐC] Hộp Bánh Quy Bơ Thập Cẩm Công Thức Pháp LU 180G/320G/540G/720G - LIVE,Thực phẩm và đồ uống,Thực phẩm và đồ uống,Tất cả sản phẩm,285520,285520,17.0,17.0,706,706,1394,125.0,125.0,10000.0,60.32,Protect Hero SKU,Medium,Likes are at the 90% peer percentile. | Historical sold-value proxy is at the 88% peer percentile. | Price is at the 84% country-category percentile.,Likes are at the 90% peer percentile.,Historical sold-value proxy is at the 88% peer percentile.,Price is at the 84% country-category percentile.,vn | Thực phẩm và đồ uống; price pctl 84%; likes pctl 90%; sold-value pctl 88%
vn,vn,289646907,Orion VN Official Store,23727675986,"Combo 2 Hộp 12 gói Bánh Custas vị Cốm Sen Hà Nội (282,6g/hộp)",Thực phẩm và đồ uống,Thực phẩm và đồ uống,Sản Phẩm Bán Chạy,129600,129600,10.0,10.0,233,233,1284,612.0,612.0,7000.0,60.31,Protect Hero SKU,Medium,Displayed discount is at the 14% peer percentile. | Shop credibility score is 79%. | Historical sold-value proxy is at the 78% peer percentile.,Displayed discount is at the 14% peer percentile.,Shop credibility score is 79%.,Historical sold-value proxy is at the 78% peer percentile.,vn | Thực phẩm và đồ uống; price pctl 55%; likes pctl 76%; sold-value pctl 78%
vn,vn,108166524,Nestlé Chính hãng,41677746493,Combo 3 Bịch Cà phê Hòa tan NESCAFÉ VỊ RANG ĐẬM 46 gói Đậm Thơm Hoàn Hảo,Thực phẩm và đồ uống,Thực phẩm và đồ uống,Cà phê & Trà,424130,424130,37.0,37.0,297,297,1475,60000.0,60000.0,70000.0,60.31,Protect Hero SKU,Medium,Historical sold-value proxy is at the 99% peer percentile. | Displayed discount is at the 92% peer percentile. | Price is at the 92% country-category percentile.,Historical sold-value proxy is at the 99% peer percentile.,Displayed discount is at the 92% peer percentile.,Price is at the 92% country-category percentile.,vn | Thực phẩm và đồ uống; price pctl 92%; likes pctl 81%; sold-value pctl 99%
vn,vn,1546895026,Mars Snacking VN,27937455870,[DIỆN MẠO MỚI 20 THANH] Combo 2 Hũ kẹo sô cô la nhân đậu phộng Snickers jar 240g (20 thanh x 12g x 2 Hũ),Thực phẩm và đồ uống,Thực phẩm và đồ uống,Tất cả sản phẩm,157520,157520,21.0,21.0,363,363,500,20000.0,20000.0,20000.0,60.25,Protect Hero SKU,Medium,Historical sold-value proxy is at the 95% peer percentile. | Likes are at the 84% peer percentile. | Shop credibility score is 83%.,Historical sold-value proxy is at the 95% peer percentile.,Likes are at the 84% peer percentile.,Shop credibility score is 83%.,vn | Thực phẩm và đồ uống; price pctl 67%; likes pctl 84%; sold-value pctl 95%
vn,vn,1546895026,Mars Snacking VN,42453992470,Combo 6 hũ kẹo Sing-gum Cool Air Candy hương bạc hà - khuynh diệp hũ 38 viên,Thực phẩm và đồ uống,Thực phẩm và đồ uống,Tất cả sản phẩm,138160,138160,18.0,18.0,202,202,1102,8000.0,8000.0,10000.0,60.2,Protect Hero SKU,Medium,Historical sold-value proxy is at the 88% peer percentile. | Shop credibility score is 83%. | The listing belongs to an official shop.,Historical sold-value proxy is at the 88% peer percentile.,Shop credibility score is 83%.,The listing belongs to an official shop.,vn | Thực phẩm và đồ uống; price pctl 62%; likes pctl 75%; sold-value pctl 88%
vn,vn,108166524,Nestlé Chính hãng,29092760448,[Live][Phiên bản ống hút 4 chiều] Sữa Lúa Mạch Nestlé MILO 48x180ml Không Màng Co,Thực phẩm và đồ uống,Thực phẩm và đồ uống,,480000,480000,16.0,16.0,285,285,839,20000.0,20000.0,20000.0,60.1,Protect Hero SKU,Medium,Historical sold-value proxy is at the 95% peer percentile. | Price is at the 93% country-category percentile. | Shop credibility score is 90%.,Historical sold-value proxy is at the 95% peer percentile.,Price is at the 93% country-category percentile.,Shop credibility score is 90%.,vn | Thực phẩm và đồ uống; price pctl 93%; likes pctl 80%; sold-value pctl 95%
vn,vn,213989179,Bibica Official Store ,23573580490,Bánh Bông Lan Hura Layer Cake Bibica Hộp 90g/210g Mềm Mịn Kem Bơ Sữa Thơm Ngon,Thực phẩm và đồ uống,Thực phẩm và đồ uống,,34306,34306,5.0,5.0,253,253,331,36.0,36.0,4000.0,59.99,Maintain and Monitor,Medium,Price is at the 6% country-category percentile. | Displayed discount is at the 6% peer percentile. | Likes are at the 79% peer percentile.,Price is at the 6% country-category percentile.,Displayed discount is at the 6% peer percentile.,Likes are at the 79% peer percentile.,vn | Thực phẩm và đồ uống; price pctl 6%; likes pctl 79%; sold-value pctl 70%
vn,vn,289646907,Orion VN Official Store,26361847161,[ĐỘC QUYỀN] Kẹo dẻo Boom Jelly THẠCH Orion MIX VỊ hộp 60 gói (750g),Thực phẩm và đồ uống,Thực phẩm và đồ uống,Sản Phẩm Bán Chạy,190080,190080,12.0,12.0,509,509,1100,827.0,827.0,6000.0,59.96,Protect Hero SKU,Medium,Likes are at the 88% peer percentile. | Shop credibility score is 79%. | Historical sold-value proxy is at the 76% peer percentile.,Likes are at the 88% peer percentile.,Shop credibility score is 79%.,Historical sold-value proxy is at the 76% peer percentile.,vn | Thực phẩm và đồ uống; price pctl 76%; likes pctl 88%; sold-value pctl 76%
vn,vn,1145316676,Nestlé Health Science,27611883214,Bộ 2 Sữa Bột NESTLÉ NUTREN JUNIOR Thụy Sĩ Với Công Thức BIG Hỗ Trợ Tăng Trưởng Cho Bé 800G,Mẹ & Bé,Mẹ & Bé,ƯU ĐÃI THÁNG 6 - DEAL VÀNG RỘN RÀNG,1123400,1123400,37.0,37.0,266,266,384,470.0,470.0,2000.0,59.71,Protect Hero SKU,Medium,Likes are at the 96% peer percentile. | Price is at the 90% country-category percentile. | Historical sold-value proxy is at the 83% peer percentile.,Likes are at the 96% peer percentile.,Price is at the 90% country-category percentile.,Historical sold-value proxy is at the 83% peer percentile.,vn | Mẹ & Bé; price pctl 90%; likes pctl 96%; sold-value pctl 83%
vn,vn,213989179,Bibica Official Store ,43400175401,Combo 2 Hộp Bánh Ăn Kiêng Bibica Không Đường Quasure Sugar Free Bibica,Thực phẩm và đồ uống,Thực phẩm và đồ uống,Bánh Dinh Dưỡng,72414,72414,19.0,19.0,354,354,659,432.0,432.0,4000.0,59.7,Maintain and Monitor,Medium,Likes are at the 83% peer percentile. | The listing belongs to an official shop. | Shop credibility score is 75%.,Likes are at the 83% peer percentile.,The listing belongs to an official shop.,Shop credibility score is 75%.,vn | Thực phẩm và đồ uống; price pctl 30%; likes pctl 83%; sold-value pctl 70%
vn,vn,1145316676,Nestlé Health Science,43157122803,Bộ 2 Thùng 36 Hộp Sữa Pha Sẵn NESTLÉ NUTREN JUNIOR Thụy Sĩ Công Thức BIG Tăng Trưởng 110ML,Mẹ & Bé,Mẹ & Bé,ƯU ĐÃI THÁNG 6 - DEAL VÀNG RỘN RÀNG,1087320,1087320,41.0,41.0,195,195,436,2000.0,2000.0,5000.0,59.67,Protect Hero SKU,Medium,Historical sold-value proxy is at the 95% peer percentile. | Likes are at the 92% peer percentile. | Displayed discount is at the 90% peer percentile.,Historical sold-value proxy is at the 95% peer percentile.,Likes are at the 92% peer percentile.,Displayed discount is at the 90% peer percentile.,vn | Mẹ & Bé; price pctl 86%; likes pctl 92%; sold-value pctl 95%
vn,vn,108166524,Nestlé Chính hãng,20018190581,Combo 2 Dầu Hào MAGGI® Nấm Hương 820g/chai,Thực phẩm và đồ uống,Thực phẩm và đồ uống,Gia vị nấu ăn,108000,108000,10.0,10.0,238,238,687,333.0,333.0,3000.0,59.49,Maintain and Monitor,Medium,Shop credibility score is 90%. | Displayed discount is at the 14% peer percentile. | Likes are at the 77% peer percentile.,Shop credibility score is 90%.,Displayed discount is at the 14% peer percentile.,Likes are at the 77% peer percentile.,vn | Thực phẩm và đồ uống; price pctl 45%; likes pctl 77%; sold-value pctl 66%
vn,vn,108166524,Nestlé Chính hãng,52854131624,Combo 2 hộp Cà phê đen hòa tan NESCAFÉ Signature Hộp 10 gói ĐẬM ĐÀ TUYỆT HẢO,Thực phẩm và đồ uống,Thực phẩm và đồ uống,Cà phê & Trà,98100,98100,30.0,30.0,150,150,315,20000.0,20000.0,20000.0,59.45,Maintain and Monitor,Medium,Historical sold-value proxy is at the 95% peer percentile. | Shop credibility score is 90%. | Displayed discount is at the 81% peer percentile.,Historical sold-value proxy is at the 95% peer percentile.,Shop credibility score is 90%.,Displayed discount is at the 81% peer percentile.,vn | Thực phẩm và đồ uống; price pctl 41%; likes pctl 69%; sold-value pctl 95%
vn,vn,213989179,Bibica Official Store ,23102743144,Combo 5 Kẹo Cứng Welly Hỗn Hợp Bibica 70g,Thực phẩm và đồ uống,Thực phẩm và đồ uống,Kẹo Ăn Vặt,33300,33300,10.0,10.0,150,150,555,53.0,53.0,4000.0,59.33,Maintain and Monitor,Medium,Price is at the 5% country-category percentile. | Displayed discount is at the 14% peer percentile. | The listing belongs to an official shop.,Price is at the 5% country-category percentile.,Displayed discount is at the 14% peer percentile.,The listing belongs to an official shop.,vn | Thực phẩm và đồ uống; price pctl 5%; likes pctl 69%; sold-value pctl 70%
vn,vn,289646907,Orion VN Official Store,46207476417,Combo 3 Túi Bánh Custas Bakery Castella Trứng Lava (3 Gói/Túi),Thực phẩm và đồ uống,Thực phẩm và đồ uống,,118800,118800,10.0,10.0,850,850,312,4000.0,4000.0,5000.0,59.31,Maintain and Monitor,Medium,Likes are at the 92% peer percentile. | Displayed discount is at the 14% peer percentile. | Shop credibility score is 79%.,Likes are at the 92% peer percentile.,Displayed discount is at the 14% peer percentile.,Shop credibility score is 79%.,vn | Thực phẩm và đồ uống; price pctl 48%; likes pctl 92%; sold-value pctl 74%
vn,vn,213989179,Bibica Official Store ,5919525984,Combo 5 Bánh Quy Chip Socola Goody Bibica 80g Nhiều Vị Nho Dừa Điều Thơm Ngon,Thực phẩm và đồ uống,Thực phẩm và đồ uống,Bánh Ăn Vặt,52245,52245,19.0,19.0,298,298,484,65.0,65.0,5000.0,59.28,Maintain and Monitor,Medium,Likes are at the 81% peer percentile. | Price is at the 20% country-category percentile. | The listing belongs to an official shop.,Likes are at the 81% peer percentile.,Price is at the 20% country-category percentile.,The listing belongs to an official shop.,vn | Thực phẩm và đồ uống; price pctl 20%; likes pctl 81%; sold-value pctl 74%
vn,vn,1546895026,Mars Snacking VN,56651801332,Combo 3 hộp Kẹo Socola Snickers Funsize 240g (12 thanh x 3),Thực phẩm và đồ uống,Thực phẩm và đồ uống,Tất cả sản phẩm,97200,97200,19.0,19.0,271,271,229,10000.0,10000.0,10000.0,59.23,Maintain and Monitor,Medium,Historical sold-value proxy is at the 88% peer percentile. | Shop credibility score is 83%. | Likes are at the 80% peer percentile.,Historical sold-value proxy is at the 88% peer percentile.,Shop credibility score is 83%.,Likes are at the 80% peer percentile.,vn | Thực phẩm và đồ uống; price pctl 40%; likes pctl 80%; sold-value pctl 88%
vn,vn,213989179,Bibica Official Store ,3282055804,Bánh Goody Chip Dừa Bibica 300g,Thực phẩm và đồ uống,Thực phẩm và đồ uống,,46511,46511,5.0,5.0,415,415,303,64.0,64.0,1000.0,59.11,Conversion Opportunity,Medium,Displayed discount is at the 6% peer percentile. | Likes are at the 86% peer percentile. | Price is at the 14% country-category percentile.,Displayed discount is at the 6% peer percentile.,Likes are at the 86% peer percentile.,Price is at the 14% country-category percentile.,vn | Thực phẩm và đồ uống; price pctl 14%; likes pctl 86%; sold-value pctl 51%
vn,vn,213989179,Bibica Official Store ,5091831437,"Combo 2 Bánh Gooka Cracker Ngũ Cốc Khoai Tây, Bắp Bibica 160g",Thực phẩm và đồ uống,Thực phẩm và đồ uống,Bánh Ăn Vặt,49248,49248,19.0,19.0,210,210,677,199.0,199.0,4000.0,59.1,Maintain and Monitor,Medium,Price is at the 18% country-category percentile. | Likes are at the 75% peer percentile. | The listing belongs to an official shop.,Price is at the 18% country-category percentile.,Likes are at the 75% peer percentile.,The listing belongs to an official shop.,vn | Thực phẩm và đồ uống; price pctl 18%; likes pctl 75%; sold-value pctl 70%
vn,vn,173513432,Richy - Chi Nhánh Miền Bắc,9048796121,"[Quà Tặng Đơn 129k] [GIAO NHANH] Combo 5 Bịch Bánh Tươi Richy Karo:Chà Bông Sợi Gà,Phô mai Hoàng Kim,Gấu [MỚI], Bánh Mì",Thực phẩm và đồ uống,Thực phẩm và đồ uống,Karo - Bánh Tươi Cho Mọi Nhà,108900,108900,25.0,25.0,404,404,1173,648.0,648.0,4000.0,58.99,Maintain and Monitor,Medium,Likes are at the 86% peer percentile. | Displayed discount is at the 73% peer percentile. | Historical sold-value proxy is at the 70% peer percentile.,Likes are at the 86% peer percentile.,Displayed discount is at the 73% peer percentile.,Historical sold-value proxy is at the 70% peer percentile.,vn | Thực phẩm và đồ uống; price pctl 46%; likes pctl 86%; sold-value pctl 70%
vn,vn,213989179,Bibica Official Store ,18558695171,Combo 5 Kẹo Mềm Sumika Sữa Bibica 70g,Thực phẩm và đồ uống,Thực phẩm và đồ uống,Kẹo Ăn Vặt,48600,48600,10.0,10.0,164,164,577,1000.0,1000.0,4000.0,58.93,Maintain and Monitor,Medium,Displayed discount is at the 14% peer percentile. | Price is at the 17% country-category percentile. | The listing belongs to an official shop.,Displayed discount is at the 14% peer percentile.,Price is at the 17% country-category percentile.,The listing belongs to an official shop.,vn | Thực phẩm và đồ uống; price pctl 17%; likes pctl 72%; sold-value pctl 70%
vn,vn,108166524,Nestlé Chính hãng,49254147237,[CÔNG THỨC CẢI TIẾN] Combo 3 Bịch Cà phê Hòa tan NESCAFÉ VỊ NGUYÊN BẢN 46 gói - Đậm thơm hài hòa,Thực phẩm và đồ uống,Thực phẩm và đồ uống,Cà phê & Trà,431600,431600,35.0,35.0,248,248,908,50000.0,50000.0,60000.0,58.85,Protect Hero SKU,Medium,Historical sold-value proxy is at the 99% peer percentile. | Price is at the 92% country-category percentile. | Shop credibility score is 90%.,Historical sold-value proxy is at the 99% peer percentile.,Price is at the 92% country-category percentile.,Shop credibility score is 90%.,vn | Thực phẩm và đồ uống; price pctl 92%; likes pctl 78%; sold-value pctl 99%
vn,vn,213989179,Bibica Official Store ,3425405336,Combo 3 Kẹo Mềm Sumika Sữa Bibica 140g,Thực phẩm và đồ uống,Thực phẩm và đồ uống,Kẹo Ăn Vặt,50058,50058,19.0,19.0,236,236,500,709.0,709.0,6000.0,58.81,Maintain and Monitor,Medium,Price is at the 19% country-category percentile. | Likes are at the 76% peer percentile. | Historical sold-value proxy is at the 76% peer percentile.,Price is at the 19% country-category percentile.,Likes are at the 76% peer percentile.,Historical sold-value proxy is at the 76% peer percentile.,vn | Thực phẩm và đồ uống; price pctl 19%; likes pctl 76%; sold-value pctl 76%
vn,vn,289646907,Orion VN Official Store,28702746044,"Combo 3 Túi 8 gói bánh ăn sáng Orion C'est Bon sợi thịt gà sốt kem phô mai (162,4G)",Thực phẩm và đồ uống,Thực phẩm và đồ uống,,113520,113520,14.0,14.0,172,172,809,4000.0,4000.0,8000.0,58.78,Protect Hero SKU,Medium,Historical sold-value proxy is at the 81% peer percentile. | Shop credibility score is 79%. | The listing belongs to an official shop.,Historical sold-value proxy is at the 81% peer percentile.,Shop credibility score is 79%.,The listing belongs to an official shop.,vn | Thực phẩm và đồ uống; price pctl 47%; likes pctl 72%; sold-value pctl 81%
vn,vn,140360136,Kinh Do Official Store,25211554425,Combo 5 Bánh Quy Oreo Với Kem Vị Dâu/Vani/Sôcôla 110.4g,Thực phẩm và đồ uống,Thực phẩm và đồ uống,Tất cả sản phẩm,90000,90000,10.0,10.0,399,399,463,24.0,24.0,2000.0,58.64,Maintain and Monitor,Medium,Displayed discount is at the 14% peer percentile. | Likes are at the 86% peer percentile. | The listing belongs to an official shop.,Displayed discount is at the 14% peer percentile.,Likes are at the 86% peer percentile.,The listing belongs to an official shop.,vn | Thực phẩm và đồ uống; price pctl 38%; likes pctl 86%; sold-value pctl 60%
vn,vn,438905996,Richy - Chi nhánh Miền Nam,20652617695,[MUA 3 TẶNG 1] Bánh gạo Richy Jinju Gold hương vị Ganjang mật ong 100g,Thực phẩm và đồ uống,Thực phẩm và đồ uống,"Jinju – Bánh gạo giòn, ngon",30000,30000,0.0,0.0,182,182,469,981.0,981.0,3000.0,58.63,Promotion Test Candidate,Medium,Displayed discount is at the 2% peer percentile. | Price is at the 4% country-category percentile. | Likes are at the 73% peer percentile.,Displayed discount is at the 2% peer percentile.,Price is at the 4% country-category percentile.,Likes are at the 73% peer percentile.,vn | Thực phẩm và đồ uống; price pctl 4%; likes pctl 73%; sold-value pctl 66%
vn,vn,173513432,Richy - Chi Nhánh Miền Bắc,10308626576,[Tặng Quạt Cầm Tay] Thùng 72 Bánh (6 bánh/túi x 12 túi/thùng) Karo Richy Trứng Tươi Chà Bông & Hoàng Kim Phô Mai,Thực phẩm và đồ uống,Thực phẩm và đồ uống,Karo - Bánh Tươi Cho Mọi Nhà,352750,352750,33.0,33.0,911,911,1997,126.0,126.0,9000.0,58.36,Protect Hero SKU,Medium,Likes are at the 92% peer percentile. | Price is at the 87% country-category percentile. | Displayed discount is at the 86% peer percentile.,Likes are at the 92% peer percentile.,Price is at the 87% country-category percentile.,Displayed discount is at the 86% peer percentile.,vn | Thực phẩm và đồ uống; price pctl 87%; likes pctl 92%; sold-value pctl 83%
vn,vn,140360136,Kinh Do Official Store,21562941614,[HỎA TỐC] [CÓ TÚI GIẤY] Hộp Thiếc Bánh Quy OREO Tết 2026 Thập Cẩm 393.75g,Thực phẩm và đồ uống,Thực phẩm và đồ uống,Tất cả sản phẩm,168780,168780,13.0,13.0,956,956,551,644.0,644.0,4000.0,58.3,Maintain and Monitor,Medium,Likes are at the 94% peer percentile. | The listing belongs to an official shop. | Shop credibility score is 74%.,Likes are at the 94% peer percentile.,The listing belongs to an official shop.,Shop credibility score is 74%.,vn | Thực phẩm và đồ uống; price pctl 71%; likes pctl 94%; sold-value pctl 70%
vn,vn,173513432,Richy - Chi Nhánh Miền Bắc,23462048809,[Tặng Quạt Đơn 180k] Combo 3 túi bánh quy mỏng giòn Kenju Richy 192g/túi 2 vị rau củ [BAO BÌ MỚI],Thực phẩm và đồ uống,Thực phẩm và đồ uống,Kenju - Bánh Quy Kem Dẻo,117900,117900,35.0,35.0,469,469,1157,96.0,96.0,4000.0,58.25,Maintain and Monitor,Medium,Displayed discount is at the 90% peer percentile. | Likes are at the 87% peer percentile. | Historical sold-value proxy is at the 70% peer percentile.,Displayed discount is at the 90% peer percentile.,Likes are at the 87% peer percentile.,Historical sold-value proxy is at the 70% peer percentile.,vn | Thực phẩm và đồ uống; price pctl 48%; likes pctl 87%; sold-value pctl 70%
vn,vn,108166524,Nestlé Chính hãng,42962543920,Cà phê sữa NESCAFÉ Signature Hộp 10 gói THƠM NỒNG VỊ ĐẬM,Thực phẩm và đồ uống,Thực phẩm và đồ uống,Cà phê & Trà,67500,67500,25.0,25.0,121,121,238,10000.0,10000.0,10000.0,58.21,Maintain and Monitor,Medium,Shop credibility score is 90%. | Historical sold-value proxy is at the 88% peer percentile. | The listing belongs to an official shop.,Shop credibility score is 90%.,Historical sold-value proxy is at the 88% peer percentile.,The listing belongs to an official shop.,vn | Thực phẩm và đồ uống; price pctl 27%; likes pctl 65%; sold-value pctl 88%
vn,vn,108166524,Nestlé Chính hãng,47806387854,Combo 2 hộp Cà phê sữa NESCAFÉ Signature Hộp 10 gói THƠM NỒNG VỊ ĐẬM,Thực phẩm và đồ uống,Thực phẩm và đồ uống,Cà phê & Trà,132000,132000,27.0,27.0,183,183,534,10000.0,10000.0,10000.0,58.19,Maintain and Monitor,Medium,Shop credibility score is 90%. | Historical sold-value proxy is at the 88% peer percentile. | Displayed discount is at the 78% peer percentile.,Shop credibility score is 90%.,Historical sold-value proxy is at the 88% peer percentile.,Displayed discount is at the 78% peer percentile.,vn | Thực phẩm và đồ uống; price pctl 57%; likes pctl 73%; sold-value pctl 88%
vn,vn,1546895026,Mars Snacking VN,26237445832,Combo 40 gói kẹo Socola sữa M&M's 14.5g (2 hộp x 20 gói),Thực phẩm và đồ uống,Thực phẩm và đồ uống,Tất cả sản phẩm,164560,164560,18.0,18.0,346,346,958,455.0,455.0,5000.0,58.17,Maintain and Monitor,Medium,Likes are at the 83% peer percentile. | Shop credibility score is 83%. | The listing belongs to an official shop.,Likes are at the 83% peer percentile.,Shop credibility score is 83%.,The listing belongs to an official shop.,vn | Thực phẩm và đồ uống; price pctl 70%; likes pctl 83%; sold-value pctl 74%
vn,vn,289646907,Orion VN Official Store,41853192625,[ĐỘC QUYỀN] Hộp 15 Gói Bánh Nướng Giòn Vị Bơ Tỏi Orion C'est Bon Baguette (540g),Thực phẩm và đồ uống,Thực phẩm và đồ uống,Sản phẩm độc quyền ONLINE,124200,124200,10.0,10.0,578,578,179,2000.0,2000.0,8000.0,58.07,Maintain and Monitor,Medium,Likes are at the 89% peer percentile. | Displayed discount is at the 14% peer percentile. | Historical sold-value proxy is at the 81% peer percentile.,Likes are at the 89% peer percentile.,Displayed discount is at the 14% peer percentile.,Historical sold-value proxy is at the 81% peer percentile.,vn | Thực phẩm và đồ uống; price pctl 51%; likes pctl 89%; sold-value pctl 81%
vn,vn,173513432,Richy - Chi Nhánh Miền Bắc,22287585993,[GIAO NHANH] [Tặng Quạt Cầm Tay] Combo 3 túi bánh yến mạch Oatmeal Richy túi to 220g-250g,Thực phẩm và đồ uống,Thực phẩm và đồ uống,OatMilk- Bánh Yến Mạch,135520,135520,32.0,32.0,366,366,1517,620.0,620.0,6000.0,58.07,Protect Hero SKU,Medium,Likes are at the 84% peer percentile. | Displayed discount is at the 84% peer percentile. | Historical sold-value proxy is at the 76% peer percentile.,Likes are at the 84% peer percentile.,Displayed discount is at the 84% peer percentile.,Historical sold-value proxy is at the 76% peer percentile.,vn | Thực phẩm và đồ uống; price pctl 60%; likes pctl 84%; sold-value pctl 76%
vn,vn,438905996,Richy - Chi nhánh Miền Nam,11366802291,[Tặng quà đơn từ 129k]Bánh trứng tươi - chà bông KARO Richy Sợi thịt gà bịch 6 chiếc 156gr (26g/chiếc),Thực phẩm và đồ uống,Thực phẩm và đồ uống,Karo – Bánh tươi năng lượng,37640,37640,25.0,25.0,217,217,708,308.0,308.0,3000.0,58.05,Maintain and Monitor,Medium,Price is at the 7% country-category percentile. | Likes are at the 76% peer percentile. | Displayed discount is at the 73% peer percentile.,Price is at the 7% country-category percentile.,Likes are at the 76% peer percentile.,Displayed discount is at the 73% peer percentile.,vn | Thực phẩm và đồ uống; price pctl 7%; likes pctl 76%; sold-value pctl 66%
vn,vn,213989179,Bibica Official Store ,4828889673,Combo Kẹo Michoco Dừa Giòn Nước Cốt Dừa Bibica 100g,Thực phẩm và đồ uống,Thực phẩm và đồ uống,Kẹo Ăn Vặt,47385,47385,19.0,19.0,245,245,464,7.0,7.0,3000.0,58.05,Maintain and Monitor,Medium,Price is at the 16% country-category percentile. | Likes are at the 78% peer percentile. | The listing belongs to an official shop.,Price is at the 16% country-category percentile.,Likes are at the 78% peer percentile.,The listing belongs to an official shop.,vn | Thực phẩm và đồ uống; price pctl 16%; likes pctl 78%; sold-value pctl 66%
vn,vn,289646907,Orion VN Official Store,22327674524,Combo 2 Hộp Bánh Goute Hạt dinh dưỡng (8 Gói/hộp),Thực phẩm và đồ uống,Thực phẩm và đồ uống,Gouté,104400,104400,10.0,10.0,135,135,902,352.0,352.0,5000.0,57.46,Maintain and Monitor,Medium,Displayed discount is at the 14% peer percentile. | Shop credibility score is 79%. | The listing belongs to an official shop.,Displayed discount is at the 14% peer percentile.,Shop credibility score is 79%.,The listing belongs to an official shop.,vn | Thực phẩm và đồ uống; price pctl 43%; likes pctl 67%; sold-value pctl 74%
vn,vn,173513432,Richy - Chi Nhánh Miền Bắc,19452107845,[GIAO NHANH] [Mua 3 Tặng 1 Quạt] Bánh Yến Mạch Richy Oatmeal - Vị phô mai 220g,Thực phẩm và đồ uống,Thực phẩm và đồ uống,OatMilk- Bánh Yến Mạch,46800,46800,15.0,15.0,243,243,477,46.0,46.0,2000.0,57.46,Maintain and Monitor,Medium,Price is at the 15% country-category percentile. | Likes are at the 78% peer percentile. | Engagement exceeds sold-value strength by 15%.,Price is at the 15% country-category percentile.,Likes are at the 78% peer percentile.,Engagement exceeds sold-value strength by 15%.,vn | Thực phẩm và đồ uống; price pctl 15%; likes pctl 78%; sold-value pctl 60%
vn,vn,289646907,Orion VN Official Store,24391148394,[ĐỘC QUYỀN] Hộp Bánh Bống Bang Family Pack 20 Gói (580g),Thực phẩm và đồ uống,Thực phẩm và đồ uống,Sản phẩm độc quyền ONLINE,132000,132000,12.0,12.0,353,353,623,350.0,350.0,2000.0,57.42,Maintain and Monitor,Medium,Likes are at the 83% peer percentile. | Shop credibility score is 79%. | Displayed discount is at the 25% peer percentile.,Likes are at the 83% peer percentile.,Shop credibility score is 79%.,Displayed discount is at the 25% peer percentile.,vn | Thực phẩm và đồ uống; price pctl 57%; likes pctl 83%; sold-value pctl 60%
vn,vn,108166524,Nestlé Chính hãng,42560708018,[GRO - Quà tặng không bán] Gối cổ MILO,Thực phẩm và đồ uống,Thực phẩm và đồ uống,,415000,415000,17.0,17.0,80,80,2874,,,10000.0,57.25,Protect Hero SKU,Medium,Price is at the 91% country-category percentile. | Shop credibility score is 90%. | Historical sold-value proxy is at the 88% peer percentile.,Price is at the 91% country-category percentile.,Shop credibility score is 90%.,Historical sold-value proxy is at the 88% peer percentile.,vn | Thực phẩm và đồ uống; price pctl 91%; likes pctl 57%; sold-value pctl 88%
vn,vn,173513432,Richy - Chi Nhánh Miền Bắc,29160911160,[Tặng Quạt Đơn 180k] Combo 3 Bánh Richy Kenju Kem Dẻo 186gr,Thực phẩm và đồ uống,Thực phẩm và đồ uống,Kenju - Bánh Quy Kem Dẻo,126000,126000,30.0,30.0,386,386,1026,236.0,236.0,4000.0,57.13,Maintain and Monitor,Medium,Likes are at the 85% peer percentile. | Displayed discount is at the 81% peer percentile. | Historical sold-value proxy is at the 70% peer percentile.,Likes are at the 85% peer percentile.,Displayed discount is at the 81% peer percentile.,Historical sold-value proxy is at the 70% peer percentile.,vn | Thực phẩm và đồ uống; price pctl 52%; likes pctl 85%; sold-value pctl 70%
vn,vn,1546895026,Mars Snacking VN,41103967860,Combo 6 hộp viên ngậm không đường Doublemint hương bạc hà hộp 35 viên,Thực phẩm và đồ uống,Thực phẩm và đồ uống,Tất cả sản phẩm,133200,133200,26.0,26.0,157,157,1062,7000.0,7000.0,9000.0,56.94,Protect Hero SKU,Medium,Historical sold-value proxy is at the 83% peer percentile. | Shop credibility score is 83%. | Displayed discount is at the 76% peer percentile.,Historical sold-value proxy is at the 83% peer percentile.,Shop credibility score is 83%.,Displayed discount is at the 76% peer percentile.,vn | Thực phẩm và đồ uống; price pctl 58%; likes pctl 70%; sold-value pctl 83%
vn,vn,438905996,Richy - Chi nhánh Miền Nam,17396314544,[QUÀ TẶNG] Bánh quy que chấm Wismo ly,Thực phẩm và đồ uống,Thực phẩm và đồ uống,,90000,90000,10.0,10.0,24,24,2496,709.0,709.0,10000.0,56.87,Maintain and Monitor,Medium,Historical sold-value proxy is at the 88% peer percentile. | Displayed discount is at the 14% peer percentile. | Likes are at the 33% peer percentile.,Historical sold-value proxy is at the 88% peer percentile.,Displayed discount is at the 14% peer percentile.,Likes are at the 33% peer percentile.,vn | Thực phẩm và đồ uống; price pctl 38%; likes pctl 33%; sold-value pctl 88%
vn,vn,173513432,Richy - Chi Nhánh Miền Bắc,8323910362,[Tặng Quạt Đơn 250k] Bánh Gạo JINJU RICHY vị Cốm Sữa 145g,Thực phẩm và đồ uống,Thực phẩm và đồ uống,JinJu - Bánh Gạo Hàn Quốc Đủ Vị,31000,31000,3.0,3.0,164,164,437,28.0,28.0,1000.0,56.74,Maintain and Monitor,Medium,Price is at the 4% country-category percentile. | Displayed discount is at the 5% peer percentile. | Likes are at the 72% peer percentile.,Price is at the 4% country-category percentile.,Displayed discount is at the 5% peer percentile.,Likes are at the 72% peer percentile.,vn | Thực phẩm và đồ uống; price pctl 4%; likes pctl 72%; sold-value pctl 51%
vn,vn,1546895026,Mars Snacking VN,42504003370,[300 gói tặng 30 gói] Combo 3 Túi Kẹo Sing-Gum Cool Air Hương Bạc Hà - Khuynh Diệp Túi (Túi gồm 300+30 Gói x 2 Viên Kẹo),Thực phẩm và đồ uống,Thực phẩm và đồ uống,Tất cả sản phẩm,222307,222307,27.0,27.0,204,204,1016,10000.0,10000.0,10000.0,56.7,Protect Hero SKU,Medium,Historical sold-value proxy is at the 88% peer percentile. | Shop credibility score is 83%. | Price is at the 80% country-category percentile.,Historical sold-value proxy is at the 88% peer percentile.,Shop credibility score is 83%.,Price is at the 80% country-category percentile.,vn | Thực phẩm và đồ uống; price pctl 80%; likes pctl 75%; sold-value pctl 88%
vn,vn,108166524,Nestlé Chính hãng,45757629296,[GRO - Quà tặng không bán] Balo túi tote MILO,Thực phẩm và đồ uống,Thực phẩm và đồ uống,,415000,415000,17.0,17.0,72,72,2641,3000.0,3000.0,10000.0,56.7,Maintain and Monitor,Medium,Price is at the 91% country-category percentile. | Shop credibility score is 90%. | Historical sold-value proxy is at the 88% peer percentile.,Price is at the 91% country-category percentile.,Shop credibility score is 90%.,Historical sold-value proxy is at the 88% peer percentile.,vn | Thực phẩm và đồ uống; price pctl 91%; likes pctl 55%; sold-value pctl 88%
vn,vn,430972539,Perfetti Van Melle Vietnam,41873246247,[Quà tặng không bán] Gậy đấm lưng Chupa Chups hình dáng Halloween,Mẹ & Bé,Mẹ & Bé,,811800,811800,19.0,19.0,8,8,310,288.0,288.0,1000.0,56.63,Maintain and Monitor,Medium,Displayed discount is at the 2% peer percentile. | Shop credibility score is 94%. | Price is at the 82% country-category percentile.,Displayed discount is at the 2% peer percentile.,Shop credibility score is 94%.,Price is at the 82% country-category percentile.,vn | Mẹ & Bé; price pctl 82%; likes pctl 63%; sold-value pctl 78%
vn,vn,289646907,Orion VN Official Store,25728109731,Combo 3 Túi Bánh Gạo Nướng An Orion vị Tảo Biển 111.3g/Túi,Thực phẩm và đồ uống,Thực phẩm và đồ uống,Sản Phẩm Bán Chạy,78300,78300,10.0,10.0,116,116,670,548.0,548.0,4000.0,56.62,Maintain and Monitor,Medium,Displayed discount is at the 14% peer percentile. | Shop credibility score is 79%. | The listing belongs to an official shop.,Displayed discount is at the 14% peer percentile.,Shop credibility score is 79%.,The listing belongs to an official shop.,vn | Thực phẩm và đồ uống; price pctl 31%; likes pctl 64%; sold-value pctl 70%
vn,vn,140360136,Kinh Do Official Store,24906325448,[HỎA TỐC] [CÓ TÚI GIẤY] Hộp Thiếc Bánh Quy OREO Tết 2026 Thập Cẩm 393.75g - LIVE,Thực phẩm và đồ uống,Thực phẩm và đồ uống,Tất cả sản phẩm,168780,168780,13.0,13.0,260,260,890,643.0,643.0,5000.0,56.58,Maintain and Monitor,Medium,Likes are at the 79% peer percentile. | The listing belongs to an official shop. | Shop credibility score is 74%.,Likes are at the 79% peer percentile.,The listing belongs to an official shop.,Shop credibility score is 74%.,vn | Thực phẩm và đồ uống; price pctl 71%; likes pctl 79%; sold-value pctl 74%
vn,vn,1546895026,Mars Snacking VN,43660765544,Combo 3 túi Cool Air Bạc Hà Khuynh Diệp 100 gói 2 viên tặng 10 gói (330 gói),Thực phẩm và đồ uống,Thực phẩm và đồ uống,Tất cả sản phẩm,222307,222307,33.0,33.0,145,145,1518,6000.0,6000.0,10000.0,56.36,Protect Hero SKU,Medium,Historical sold-value proxy is at the 88% peer percentile. | Displayed discount is at the 86% peer percentile. | Shop credibility score is 83%.,Historical sold-value proxy is at the 88% peer percentile.,Displayed discount is at the 86% peer percentile.,Shop credibility score is 83%.,vn | Thực phẩm và đồ uống; price pctl 80%; likes pctl 68%; sold-value pctl 88%
vn,vn,1145316676,Nestlé Health Science,57301655172,Bộ 3 Sữa Bột NESTLÉ NUTREN JUNIOR Thụy Sĩ Với Công Thức BIG Hỗ Trợ Tăng Trưởng Cho Bé 800G,Mẹ & Bé,Mẹ & Bé,ƯU ĐÃI THÁNG 6 - DEAL VÀNG RỘN RÀNG,1651480,1651480,38.0,38.0,206,206,207,1000.0,1000.0,2000.0,56.29,Protect Hero SKU,Medium,Price is at the 96% country-category percentile. | Likes are at the 94% peer percentile. | Historical sold-value proxy is at the 83% peer percentile.,Price is at the 96% country-category percentile.,Likes are at the 94% peer percentile.,Historical sold-value proxy is at the 83% peer percentile.,vn | Mẹ & Bé; price pctl 96%; likes pctl 94%; sold-value pctl 83%
vn,vn,108166524,Nestlé Chính hãng,46804156138,[CÔNG THỨC CẢI TIẾN] Combo 2 Bịch Cà phê Hòa tan NESCAFÉ VỊ NGUYÊN BẢN 46 gói - Đậm thơm hài hòa,Thực phẩm và đồ uống,Thực phẩm và đồ uống,Cà phê & Trà,315400,315400,31.0,31.0,147,147,553,20000.0,20000.0,20000.0,56.18,Maintain and Monitor,Medium,Historical sold-value proxy is at the 95% peer percentile. | Shop credibility score is 90%. | Price is at the 85% country-category percentile.,Historical sold-value proxy is at the 95% peer percentile.,Shop credibility score is 90%.,Price is at the 85% country-category percentile.,vn | Thực phẩm và đồ uống; price pctl 85%; likes pctl 68%; sold-value pctl 95%
vn,vn,289646907,Orion VN Official Store,25784920058,Combo 3 Túi Bánh Con Cá Bống Bang nhân MOCHI SOCOLA Đậu Đỏ (145g),Thực phẩm và đồ uống,Thực phẩm và đồ uống,Sản Phẩm Bán Chạy,105300,105300,10.0,10.0,237,237,349,1000.0,1000.0,4000.0,56.11,Maintain and Monitor,Medium,Displayed discount is at the 14% peer percentile. | Shop credibility score is 79%. | Likes are at the 77% peer percentile.,Displayed discount is at the 14% peer percentile.,Shop credibility score is 79%.,Likes are at the 77% peer percentile.,vn | Thực phẩm và đồ uống; price pctl 43%; likes pctl 77%; sold-value pctl 70%
vn,vn,1546895026,Mars Snacking VN,47500854563,Combo 6 Hũ kẹo sing-gum không đường Doublemint Refreshers mix vị - 3 hũ hương trái cây và 3 hũ hương bạc hà,Thực phẩm và đồ uống,Thực phẩm và đồ uống,Tất cả sản phẩm,138160,138160,23.0,23.0,178,178,304,8000.0,8000.0,10000.0,56.02,Maintain and Monitor,Medium,Historical sold-value proxy is at the 88% peer percentile. | Shop credibility score is 83%. | The listing belongs to an official shop.,Historical sold-value proxy is at the 88% peer percentile.,Shop credibility score is 83%.,The listing belongs to an official shop.,vn | Thực phẩm và đồ uống; price pctl 62%; likes pctl 73%; sold-value pctl 88%
vn,vn,173513432,Richy - Chi Nhánh Miền Bắc,4003153275,"[Quà Tặng Đơn 129k] Kẹo Richy LOT100 Vị Xoài, Tổng Hợp gói 150g, 320g",Thực phẩm và đồ uống,Thực phẩm và đồ uống,"Kẹo Dẻo Vị Hoa Quả LOT100, 4D",45000,45000,31.0,31.0,399,399,328,11.0,11.0,1000.0,56.02,Conversion Opportunity,Medium,Price is at the 12% country-category percentile. | Likes are at the 86% peer percentile. | Displayed discount is at the 82% peer percentile.,Price is at the 12% country-category percentile.,Likes are at the 86% peer percentile.,Displayed discount is at the 82% peer percentile.,vn | Thực phẩm và đồ uống; price pctl 12%; likes pctl 86%; sold-value pctl 51%
vn,vn,438905996,Richy - Chi nhánh Miền Nam,40157591819,"[TẶNG QUÀ ĐƠN TỪ 109K]  Combo 5 bịch bánh Karo chà bông sợi gà, Bánh ăn sáng, Bánh kẹo Richy, HSD 45 ngày",Thực phẩm và đồ uống,Thực phẩm và đồ uống,Karo – Bánh tươi năng lượng,112500,112500,63.0,63.0,260,260,1193,831.0,831.0,4000.0,55.95,Maintain and Monitor,Medium,Displayed discount is at the 99% peer percentile. | Likes are at the 79% peer percentile. | Historical sold-value proxy is at the 70% peer percentile.,Displayed discount is at the 99% peer percentile.,Likes are at the 79% peer percentile.,Historical sold-value proxy is at the 70% peer percentile.,vn | Thực phẩm và đồ uống; price pctl 46%; likes pctl 79%; sold-value pctl 70%
vn,vn,140360136,Kinh Do Official Store,29793276094,[HỎA TỐC] [CÓ TÚI GIẤY] Hộp Bánh Quy Cosy Tết 2026 Thập Cẩm Vị Bơ Sữa 315g,Thực phẩm và đồ uống,Thực phẩm và đồ uống,Tất cả sản phẩm,88200,88200,10.0,10.0,277,277,282,1000.0,1000.0,3000.0,55.94,Maintain and Monitor,Medium,Displayed discount is at the 14% peer percentile. | Likes are at the 80% peer percentile. | The listing belongs to an official shop.,Displayed discount is at the 14% peer percentile.,Likes are at the 80% peer percentile.,The listing belongs to an official shop.,vn | Thực phẩm và đồ uống; price pctl 36%; likes pctl 80%; sold-value pctl 66%
vn,vn,213989179,Bibica Official Store ,21558655559,Combo 2 Kẹo Mềm Sumika Sữa Bibica 275g,Thực phẩm và đồ uống,Thực phẩm và đồ uống,Kẹo Ăn Vặt,63342,63342,19.0,19.0,152,152,399,444.0,444.0,5000.0,55.84,Maintain and Monitor,Medium,The listing belongs to an official shop. | Shop credibility score is 75%. | Price is at the 26% country-category percentile.,The listing belongs to an official shop.,Shop credibility score is 75%.,Price is at the 26% country-category percentile.,vn | Thực phẩm và đồ uống; price pctl 26%; likes pctl 69%; sold-value pctl 74%
vn,vn,289646907,Orion VN Official Store,26408223367,Combo 5 Túi Bánh Con Cá Bống Bang Nhân MOCHI SOCOLA Đậu Đỏ (145g),Thực phẩm và đồ uống,Thực phẩm và đồ uống,Sản Phẩm Bán Chạy,171600,171600,12.0,12.0,322,322,540,1000.0,1000.0,4000.0,55.71,Maintain and Monitor,Medium,Likes are at the 82% peer percentile. | Shop credibility score is 79%. | Displayed discount is at the 25% peer percentile.,Likes are at the 82% peer percentile.,Shop credibility score is 79%.,Displayed discount is at the 25% peer percentile.,vn | Thực phẩm và đồ uống; price pctl 73%; likes pctl 82%; sold-value pctl 70%
vn,vn,438905996,Richy - Chi nhánh Miền Nam,22636113353,"[TẶNG QUÀ ĐƠN TỪ 129K] Combo 6 bịch bánh Karo Richy trứng tươi chà bông và phô mai hoàng kim, HSD 45 ngày",Thực phẩm và đồ uống,Thực phẩm và đồ uống,Karo – Bánh tươi năng lượng,132000,132000,47.0,47.0,314,314,1215,36.0,36.0,4000.0,55.64,Maintain and Monitor,Medium,Displayed discount is at the 98% peer percentile. | Likes are at the 82% peer percentile. | Historical sold-value proxy is at the 70% peer percentile.,Displayed discount is at the 98% peer percentile.,Likes are at the 82% peer percentile.,Historical sold-value proxy is at the 70% peer percentile.,vn | Thực phẩm và đồ uống; price pctl 57%; likes pctl 82%; sold-value pctl 70%
vn,vn,438905996,Richy - Chi nhánh Miền Nam,22830862149,[TẶNG QUÀ ĐƠN TỪ 129K][BAO BÌ MỚI] Bánh Karo Richy bơ trứng giòn túi 150g,Thực phẩm và đồ uống,Thực phẩm và đồ uống,Karo – Bánh tươi năng lượng,30000,30000,25.0,25.0,199,199,435,104.0,104.0,2000.0,55.61,Maintain and Monitor,Medium,Price is at the 4% country-category percentile. | Likes are at the 74% peer percentile. | Displayed discount is at the 73% peer percentile.,Price is at the 4% country-category percentile.,Likes are at the 74% peer percentile.,Displayed discount is at the 73% peer percentile.,vn | Thực phẩm và đồ uống; price pctl 4%; likes pctl 74%; sold-value pctl 60%
vn,vn,289646907,Orion VN Official Store,27168939726,Combo 2 Hộp 10 Gói Bánh kiểu Âu OPERA (280g),Thực phẩm và đồ uống,Thực phẩm và đồ uống,,132000,132000,12.0,12.0,170,170,662,153.0,153.0,3000.0,55.27,Maintain and Monitor,Medium,Shop credibility score is 79%. | Displayed discount is at the 25% peer percentile. | The listing belongs to an official shop.,Shop credibility score is 79%.,Displayed discount is at the 25% peer percentile.,The listing belongs to an official shop.,vn | Thực phẩm và đồ uống; price pctl 57%; likes pctl 72%; sold-value pctl 66%
vn,vn,140360136,Kinh Do Official Store,22272121986,"[BAO BÌ GIAO NGẪU NHIÊN] Bánh Xốp Cosy Kinh Đô 2 Trong 1 – Kem Vị Dâu The Lạnh/Kem Vị Dừa Lá Dứa, Combo 3 Gói X 99.8G",Thực phẩm và đồ uống,Thực phẩm và đồ uống,Tất cả sản phẩm,54900,54900,10.0,10.0,272,272,227,102.0,102.0,1000.0,55.26,Maintain and Monitor,Medium,Displayed discount is at the 14% peer percentile. | Likes are at the 80% peer percentile. | Price is at the 21% country-category percentile.,Displayed discount is at the 14% peer percentile.,Likes are at the 80% peer percentile.,Price is at the 21% country-category percentile.,vn | Thực phẩm và đồ uống; price pctl 21%; likes pctl 80%; sold-value pctl 51%
vn,vn,173513432,Richy - Chi Nhánh Miền Bắc,29084761656,"[Quà Tặng Đơn 129k] Combo 4 Bịch Bánh Tươi Karo Richy: Karo Chà Bông Sợi Gà, Karo Phô Mai, Karo Gấu & Bánh Mì Hoa Cúc",Thực phẩm và đồ uống,Thực phẩm và đồ uống,,115200,115200,39.0,39.0,299,299,667,2000.0,2000.0,5000.0,55.1,Maintain and Monitor,Medium,Displayed discount is at the 94% peer percentile. | Likes are at the 81% peer percentile. | Historical sold-value proxy is at the 74% peer percentile.,Displayed discount is at the 94% peer percentile.,Likes are at the 81% peer percentile.,Historical sold-value proxy is at the 74% peer percentile.,vn | Thực phẩm và đồ uống; price pctl 47%; likes pctl 81%; sold-value pctl 74%
vn,vn,1546895026,Mars Snacking VN,42353963055,Combo 2 hũ Kẹo Skittles Hương Trái Cây hũ 100g Viên kẹo trái cây,Thực phẩm và đồ uống,Thực phẩm và đồ uống,Tất cả sản phẩm,84600,84600,12.0,12.0,185,185,316,722.0,722.0,2000.0,55.04,Maintain and Monitor,Medium,Shop credibility score is 83%. | Displayed discount is at the 25% peer percentile. | The listing belongs to an official shop.,Shop credibility score is 83%.,Displayed discount is at the 25% peer percentile.,The listing belongs to an official shop.,vn | Thực phẩm và đồ uống; price pctl 33%; likes pctl 74%; sold-value pctl 60%
vn,vn,173513432,Richy - Chi Nhánh Miền Bắc,29860616056,[Quà Tặng Đơn 129k] [GIAO NHANH] Bánh Karo Chà Bông Hình Gấu Richy-Bánh Trứng Tươi Chà Bông [MỚI]/ Nhân Phô Mai HSD 45N,Thực phẩm và đồ uống,Thực phẩm và đồ uống,,45000,45000,25.0,25.0,208,208,393,239.0,239.0,2000.0,55.04,Maintain and Monitor,Medium,Price is at the 12% country-category percentile. | Likes are at the 75% peer percentile. | Displayed discount is at the 73% peer percentile.,Price is at the 12% country-category percentile.,Likes are at the 75% peer percentile.,Displayed discount is at the 73% peer percentile.,vn | Thực phẩm và đồ uống; price pctl 12%; likes pctl 75%; sold-value pctl 60%
vn,vn,1546895026,Mars Snacking VN,43504006760,[200 gói tặng 20 gói] Combo 2 Túi Kẹo Sing-Gum Cool Air Hương Bạc Hà - Khuynh Diệp Túi (Túi gồm 200+20 Gói x 2 Viên Kẹo),Thực phẩm và đồ uống,Thực phẩm và đồ uống,Tất cả sản phẩm,159280,159280,21.0,21.0,138,138,344,10000.0,10000.0,10000.0,55.01,Maintain and Monitor,Medium,Historical sold-value proxy is at the 88% peer percentile. | Shop credibility score is 83%. | The listing belongs to an official shop.,Historical sold-value proxy is at the 88% peer percentile.,Shop credibility score is 83%.,The listing belongs to an official shop.,vn | Thực phẩm và đồ uống; price pctl 69%; likes pctl 67%; sold-value pctl 88%
vn,vn,213989179,Bibica Official Store ,21143770334,Combo Kẹo Mềm Trái cây Cheery Bibica 140g,Thực phẩm và đồ uống,Thực phẩm và đồ uống,Kẹo Ăn Vặt,50058,50058,19.0,19.0,183,183,305,340.0,340.0,3000.0,54.95,Maintain and Monitor,Medium,Price is at the 19% country-category percentile. | The listing belongs to an official shop. | Shop credibility score is 75%.,Price is at the 19% country-category percentile.,The listing belongs to an official shop.,Shop credibility score is 75%.,vn | Thực phẩm và đồ uống; price pctl 19%; likes pctl 73%; sold-value pctl 66%
vn,vn,438905996,Richy - Chi nhánh Miền Nam,11090028367,"[TẶNG QUẠT ĐƠN TỪ 250K] Thùng 72 cái bánh trứng tươi sợi gà Karo Richy (12 bịch/thùng), HSD 45 ngày",Thực phẩm và đồ uống,Thực phẩm và đồ uống,Karo – Bánh tươi năng lượng,222440,222440,33.0,33.0,479,479,1111,195.0,195.0,5000.0,54.92,Maintain and Monitor,Medium,Likes are at the 87% peer percentile. | Displayed discount is at the 86% peer percentile. | Price is at the 81% country-category percentile.,Likes are at the 87% peer percentile.,Displayed discount is at the 86% peer percentile.,Price is at the 81% country-category percentile.,vn | Thực phẩm và đồ uống; price pctl 81%; likes pctl 87%; sold-value pctl 74%
vn,vn,1145316676,Nestlé Health Science,44377021220,Thùng 24 Hộp Sữa Pha Sẵn NESTLÉ NUTREN JUNIOR Thụy Sĩ Công Thức BIG Tăng Trưởng 180ML,Mẹ & Bé,Mẹ & Bé,ƯU ĐÃI THÁNG 6 - DEAL VÀNG RỘN RÀNG,581000,581000,45.0,45.0,135,135,124,2000.0,2000.0,3000.0,54.9,Protect Hero SKU,Medium,Displayed discount is at the 98% peer percentile. | Historical sold-value proxy is at the 89% peer percentile. | Likes are at the 86% peer percentile.,Displayed discount is at the 98% peer percentile.,Historical sold-value proxy is at the 89% peer percentile.,Likes are at the 86% peer percentile.,vn | Mẹ & Bé; price pctl 70%; likes pctl 86%; sold-value pctl 89%
vn,vn,1145316676,Nestlé Health Science,58002620314,Lốc 4 Hộp Sữa Pha Sẵn NESTLÉ NUTREN JUNIOR Thụy Sĩ Công Thức BIG Tăng Trưởng 180ML,Mẹ & Bé,Mẹ & Bé,ƯU ĐÃI THÁNG 6 - DEAL VÀNG RỘN RÀNG,99360,99360,34.0,34.0,65,65,49,285.0,285.0,622.0,54.9,Maintain and Monitor,Medium,Price is at the 4% country-category percentile. | Likes are at the 80% peer percentile. | The listing belongs to an official shop.,Price is at the 4% country-category percentile.,Likes are at the 80% peer percentile.,The listing belongs to an official shop.,vn | Mẹ & Bé; price pctl 4%; likes pctl 80%; sold-value pctl 63%
vn,vn,173513432,Richy - Chi Nhánh Miền Bắc,5942380457,"[Quà Tặng Đơn 250k] Bánh Gạo JINJU RICHY Vị Bò Nướng Tiêu Gói 134,4g",Thực phẩm và đồ uống,Thực phẩm và đồ uống,SIÊU SALE MUA 1 TẶNG 1,30000,30000,23.0,23.0,171,171,412,42.0,42.0,1000.0,54.83,Maintain and Monitor,Medium,Price is at the 4% country-category percentile. | Likes are at the 72% peer percentile. | Engagement exceeds sold-value strength by 20%.,Price is at the 4% country-category percentile.,Likes are at the 72% peer percentile.,Engagement exceeds sold-value strength by 20%.,vn | Thực phẩm và đồ uống; price pctl 4%; likes pctl 72%; sold-value pctl 51%
vn,vn,1546895026,Mars Snacking VN,43723190354,[400 gói tặng 40 gói] Combo 4 Túi Kẹo Sing-Gum Cool Air Hương Bạc Hà - Khuynh Diệp,Thực phẩm và đồ uống,Thực phẩm và đồ uống,Tất cả sản phẩm,296409,296409,27.0,27.0,121,121,469,20000.0,20000.0,20000.0,54.79,Maintain and Monitor,Medium,Historical sold-value proxy is at the 95% peer percentile. | Price is at the 85% country-category percentile. | Shop credibility score is 83%.,Historical sold-value proxy is at the 95% peer percentile.,Price is at the 85% country-category percentile.,Shop credibility score is 83%.,vn | Thực phẩm và đồ uống; price pctl 85%; likes pctl 65%; sold-value pctl 95%
vn,vn,213989179,Bibica Official Store ,27402928597,Kẹo Dẻo Zoo Foam Jelly Dưa Hấu Bibica,Thực phẩm và đồ uống,Thực phẩm và đồ uống,Kẹo Cho Bé,25650,25650,5.0,5.0,91,91,338,594.0,594.0,2000.0,54.75,Maintain and Monitor,Medium,Price is at the 2% country-category percentile. | Displayed discount is at the 6% peer percentile. | The listing belongs to an official shop.,Price is at the 2% country-category percentile.,Displayed discount is at the 6% peer percentile.,The listing belongs to an official shop.,vn | Thực phẩm và đồ uống; price pctl 2%; likes pctl 60%; sold-value pctl 60%
vn,vn,140360136,Kinh Do Official Store,25656325171,[HỎA TỐC] [CÓ TÚI GIẤY] Hộp Thiếc Bánh Quy OREO Tết 2026 Thập Cẩm 393.75g - LIVE KOL,Thực phẩm và đồ uống,Thực phẩm và đồ uống,Tất cả sản phẩm,168780,168780,13.0,13.0,241,241,606,645.0,645.0,4000.0,54.56,Maintain and Monitor,Medium,Likes are at the 77% peer percentile. | The listing belongs to an official shop. | Shop credibility score is 74%.,Likes are at the 77% peer percentile.,The listing belongs to an official shop.,Shop credibility score is 74%.,vn | Thực phẩm và đồ uống; price pctl 71%; likes pctl 77%; sold-value pctl 70%
vn,vn,1546895026,Mars Snacking VN,43553958557,Combo 4 Túi Viên Ngậm Không Đường Doublemint Hương Bạc Hà Túi 30 Gói 2 Viên,Thực phẩm và đồ uống,Thực phẩm và đồ uống,Tất cả sản phẩm,101700,101700,15.0,15.0,157,157,469,323.0,323.0,2000.0,54.53,Maintain and Monitor,Medium,Shop credibility score is 83%. | The listing belongs to an official shop. | Likes are at the 70% peer percentile.,Shop credibility score is 83%.,The listing belongs to an official shop.,Likes are at the 70% peer percentile.,vn | Thực phẩm và đồ uống; price pctl 42%; likes pctl 70%; sold-value pctl 60%
vn,vn,1145316676,Nestlé Health Science,25411944727,"[Tặng Máy Uốn Tóc] Collagen Thủy Phân Dạng Bột NESTLÉ VITAL PROTEINS Mỹ Hỗ Trợ Làm Đẹp Da,Móng,Tóc 567G",Sức Khỏe,Sức Khỏe,VITAL PROTEINS - 100% Collagen Peptides,1107000,1107000,42.0,42.0,256,256,64,72.0,72.0,567.0,54.52,Conversion Opportunity,Medium,Engagement exceeds sold-value strength by 34%. | Likes are at the 82% peer percentile. | The listing belongs to an official shop.,Engagement exceeds sold-value strength by 34%.,Likes are at the 82% peer percentile.,The listing belongs to an official shop.,vn | Sức Khỏe; price pctl 45%; likes pctl 82%; sold-value pctl 43%
vn,vn,213989179,Bibica Official Store ,28186073758,Bánh Hura Deli Bibica  Các Vị 336g - Giảm 40% Đường,Thực phẩm và đồ uống,Thực phẩm và đồ uống,,67887,67887,14.0,14.0,226,226,274,64.0,64.0,2000.0,54.37,Maintain and Monitor,Medium,Likes are at the 76% peer percentile. | The listing belongs to an official shop. | Shop credibility score is 75%.,Likes are at the 76% peer percentile.,The listing belongs to an official shop.,Shop credibility score is 75%.,vn | Thực phẩm và đồ uống; price pctl 28%; likes pctl 76%; sold-value pctl 60%
vn,vn,1145316676,Nestlé Health Science,56502619005,Bộ 2 Thùng 24 Hộp Sữa Pha Sẵn NESTLÉ NUTREN JUNIOR Thụy Sĩ Công Thức BIG Tăng Trưởng 180ML,Mẹ & Bé,Mẹ & Bé,ƯU ĐÃI THÁNG 6 - DEAL VÀNG RỘN RÀNG,1107000,1107000,48.0,48.0,163,163,172,170.0,170.0,1000.0,54.21,Protect Hero SKU,Medium,Displayed discount is at the 100% peer percentile. | Likes are at the 90% peer percentile. | Price is at the 88% country-category percentile.,Displayed discount is at the 100% peer percentile.,Likes are at the 90% peer percentile.,Price is at the 88% country-category percentile.,vn | Mẹ & Bé; price pctl 88%; likes pctl 90%; sold-value pctl 78%
vn,vn,213989179,Bibica Official Store ,7059426608,Kẹo Dẻo Zoo Bibica Áo Đường Mềm Dẻo Hương Trái Cây Đa Dạng Gói Lớn,Thực phẩm và đồ uống,Thực phẩm và đồ uống,Kẹo Cho Bé,45522,45522,19.0,19.0,108,108,449,2000.0,2000.0,3000.0,54.2,Maintain and Monitor,Medium,Price is at the 13% country-category percentile. | The listing belongs to an official shop. | Shop credibility score is 75%.,Price is at the 13% country-category percentile.,The listing belongs to an official shop.,Shop credibility score is 75%.,vn | Thực phẩm và đồ uống; price pctl 13%; likes pctl 62%; sold-value pctl 66%
vn,vn,213989179,Bibica Official Store ,24203390363,"Combo 3 Hộp Bánh Bông Lan Quasure Light Bibica 126g - Thực phẩm cho người ăn kiêng, tiểu đường",Thực phẩm và đồ uống,Thực phẩm và đồ uống,Bánh Dinh Dưỡng,106677,106677,19.0,19.0,108,108,399,5000.0,5000.0,7000.0,54.12,Maintain and Monitor,Medium,Historical sold-value proxy is at the 78% peer percentile. | The listing belongs to an official shop. | Shop credibility score is 75%.,Historical sold-value proxy is at the 78% peer percentile.,The listing belongs to an official shop.,Shop credibility score is 75%.,vn | Thực phẩm và đồ uống; price pctl 44%; likes pctl 62%; sold-value pctl 78%
vn,vn,108166524,Nestlé Chính hãng,42079458258,[GRO - Quà tặng không bán] Balo MILO A2,Thực phẩm và đồ uống,Thực phẩm và đồ uống,,415000,415000,17.0,17.0,56,56,1626,3000.0,3000.0,9000.0,53.96,Maintain and Monitor,Medium,Price is at the 91% country-category percentile. | Shop credibility score is 90%. | Historical sold-value proxy is at the 83% peer percentile.,Price is at the 91% country-category percentile.,Shop credibility score is 90%.,Historical sold-value proxy is at the 83% peer percentile.,vn | Thực phẩm và đồ uống; price pctl 91%; likes pctl 50%; sold-value pctl 83%
vn,vn,1546895026,Mars Snacking VN,40924148624,Combo 6 Kẹo sing-gum không đường Doublemint Refreshers hương trái cây hũ 40g (6 hũ x 40g),Thực phẩm và đồ uống,Thực phẩm và đồ uống,Tất cả sản phẩm,145200,145200,19.0,19.0,162,162,217,8000.0,8000.0,9000.0,53.9,Maintain and Monitor,Medium,Historical sold-value proxy is at the 83% peer percentile. | Shop credibility score is 83%. | The listing belongs to an official shop.,Historical sold-value proxy is at the 83% peer percentile.,Shop credibility score is 83%.,The listing belongs to an official shop.,vn | Thực phẩm và đồ uống; price pctl 65%; likes pctl 71%; sold-value pctl 83%
vn,vn,289646907,Orion VN Official Store,25228640065,Combo 5 Gói Kẹo ngậm HỌNG vị gừng mật ong gói 84G,Thực phẩm và đồ uống,Thực phẩm và đồ uống,Sản Phẩm Bán Chạy,90000,90000,10.0,10.0,59,59,676,1000.0,1000.0,4000.0,53.85,Maintain and Monitor,Medium,Displayed discount is at the 14% peer percentile. | Shop credibility score is 79%. | The listing belongs to an official shop.,Displayed discount is at the 14% peer percentile.,Shop credibility score is 79%.,The listing belongs to an official shop.,vn | Thực phẩm và đồ uống; price pctl 38%; likes pctl 51%; sold-value pctl 70%
vn,vn,108166524,Nestlé Chính hãng,25642549505,"Dầu Hào Cao Cấp Nestlé MAGGI® Bào Ngư chai 820g - 1 bước xào, óng ánh chuẩn nhà hàng. Chai lớn, giá tiết kiệm 10%",Thực phẩm và đồ uống,Thực phẩm và đồ uống,Gia vị nấu ăn,57600,57600,23.0,23.0,200,200,121,1000.0,1000.0,4000.0,53.73,Maintain and Monitor,Medium,Shop credibility score is 90%. | Price is at the 23% country-category percentile. | The listing belongs to an official shop.,Shop credibility score is 90%.,Price is at the 23% country-category percentile.,The listing belongs to an official shop.,vn | Thực phẩm và đồ uống; price pctl 23%; likes pctl 74%; sold-value pctl 70%
vn,vn,173513432,Richy - Chi Nhánh Miền Bắc,6147372534,"[Tặng Quạt Cầm Tay] [GIAO NHANH] Thùng 48 Bánh Trứng Tươi Chà Bông, Hoàng Kim Phô Mai Karo Richy 26g/gói (8 bịch)",Thực phẩm và đồ uống,Thực phẩm và đồ uống,Karo - Bánh Tươi Cho Mọi Nhà,229910,229910,39.0,39.0,528,528,922,351.0,351.0,2000.0,53.7,Conversion Opportunity,Medium,Displayed discount is at the 94% peer percentile. | Likes are at the 88% peer percentile. | Price is at the 82% country-category percentile.,Displayed discount is at the 94% peer percentile.,Likes are at the 88% peer percentile.,Price is at the 82% country-category percentile.,vn | Thực phẩm và đồ uống; price pctl 82%; likes pctl 88%; sold-value pctl 60%
vn,vn,289646907,Orion VN Official Store,24027869690,Combo 3 Túi 5 gói bánh ăn sáng Orion C'est Bon sợi thịt gà truyền thống 85G/Túi,Thực phẩm và đồ uống,Thực phẩm và đồ uống,Cuồng nhiệt Bóng Đá 2026,81000,81000,10.0,10.0,72,72,353,2000.0,2000.0,4000.0,53.48,Maintain and Monitor,Medium,Displayed discount is at the 14% peer percentile. | Shop credibility score is 79%. | The listing belongs to an official shop.,Displayed discount is at the 14% peer percentile.,Shop credibility score is 79%.,The listing belongs to an official shop.,vn | Thực phẩm và đồ uống; price pctl 32%; likes pctl 55%; sold-value pctl 70%
vn,vn,1546895026,Mars Snacking VN,40954012983,Combo 30 gói kẹo Skittles vị truyền thống 15g x 30 (1 hộp x 30 gói),Thực phẩm và đồ uống,Thực phẩm và đồ uống,Tất cả sản phẩm,126000,126000,16.0,16.0,137,137,456,1000.0,1000.0,4000.0,53.47,Maintain and Monitor,Medium,Shop credibility score is 83%. | The listing belongs to an official shop. | Historical sold-value proxy is at the 70% peer percentile.,Shop credibility score is 83%.,The listing belongs to an official shop.,Historical sold-value proxy is at the 70% peer percentile.,vn | Thực phẩm và đồ uống; price pctl 52%; likes pctl 67%; sold-value pctl 70%
vn,vn,1546895026,Mars Snacking VN,54552410475,[Quà tặng không bán] Gấu bông M&M's màu đỏ,Mẹ & Bé,Mẹ & Bé,,795400,795400,20.0,20.0,4,4,80,2000.0,2000.0,3000.0,53.34,Maintain and Monitor,Medium,Displayed discount is at the 5% peer percentile. | Historical sold-value proxy is at the 89% peer percentile. | Shop credibility score is 83%.,Displayed discount is at the 5% peer percentile.,Historical sold-value proxy is at the 89% peer percentile.,Shop credibility score is 83%.,vn | Mẹ & Bé; price pctl 79%; likes pctl 48%; sold-value pctl 89%
vn,vn,173513432,Richy - Chi Nhánh Miền Bắc,5103153786,"[Quà Tặng Đơn 129k] Kẹo dẻo Richy LOT 100 gói 150g,320g, hộp 225g 2 Vị Xoài & Vị Tổng Hợp",Thực phẩm và đồ uống,Thực phẩm và đồ uống,"Kẹo Dẻo Vị Hoa Quả LOT100, 4D",45000,45000,31.0,31.0,397,397,173,277.0,277.0,1000.0,53.34,Maintain and Monitor,Medium,Price is at the 12% country-category percentile. | Likes are at the 85% peer percentile. | Displayed discount is at the 82% peer percentile.,Price is at the 12% country-category percentile.,Likes are at the 85% peer percentile.,Displayed discount is at the 82% peer percentile.,vn | Thực phẩm và đồ uống; price pctl 12%; likes pctl 85%; sold-value pctl 51%
vn,vn,1145316676,Nestlé Health Science,26577785819,[Quà tặng không bán] Set giặt bảo vệ quần áo,Mẹ & Bé,Mẹ & Bé,,381800,381800,24.0,24.0,2,2,319,,,1000.0,53.33,Maintain and Monitor,Medium,Historical sold-value proxy is at the 78% peer percentile. | The listing belongs to an official shop. | Displayed discount is at the 34% peer percentile.,Historical sold-value proxy is at the 78% peer percentile.,The listing belongs to an official shop.,Displayed discount is at the 34% peer percentile.,vn | Mẹ & Bé; price pctl 40%; likes pctl 40%; sold-value pctl 78%
vn,vn,213989179,Bibica Official Store ,24783598421,Combo Bánh Castella Hura Bibica Ăn Sáng Kẹp Xốt Phô Mai Trứng Muối/Dừa (150g),Thực phẩm và đồ uống,Thực phẩm và đồ uống,Bánh Ăn Sáng,42750,42750,5.0,5.0,131,131,212,223.0,223.0,1000.0,53.04,Maintain and Monitor,Medium,Displayed discount is at the 6% peer percentile. | Price is at the 10% country-category percentile. | The listing belongs to an official shop.,Displayed discount is at the 6% peer percentile.,Price is at the 10% country-category percentile.,The listing belongs to an official shop.,vn | Thực phẩm và đồ uống; price pctl 10%; likes pctl 67%; sold-value pctl 51%
vn,vn,213989179,Bibica Official Store ,21703213740,Combo 3 Kẹo Cứng Migita Bibica 140g Vị Chanh Muối Chua Ngọt Thơm Thanh,Thực phẩm và đồ uống,Thực phẩm và đồ uống,Kẹo Ăn Vặt,42660,42660,10.0,10.0,68,68,261,1000.0,1000.0,3000.0,52.97,Maintain and Monitor,Medium,Price is at the 10% country-category percentile. | Displayed discount is at the 14% peer percentile. | The listing belongs to an official shop.,Price is at the 10% country-category percentile.,Displayed discount is at the 14% peer percentile.,The listing belongs to an official shop.,vn | Thực phẩm và đồ uống; price pctl 10%; likes pctl 54%; sold-value pctl 66%
vn,vn,438905996,Richy - Chi nhánh Miền Nam,18970964057,[MUA 3 TẶNG 1 QUAT]   Bánh Yến mạch Richy mini bite - Vị phô mai túi lớn 220g,Thực phẩm và đồ uống,Thực phẩm và đồ uống,🔥  Bán chạy nhất,46800,46800,15.0,15.0,104,104,462,37.0,37.0,2000.0,52.76,Maintain and Monitor,Medium,Price is at the 15% country-category percentile. | Displayed discount is at the 35% peer percentile. | Shop credibility score is 62%.,Price is at the 15% country-category percentile.,Displayed discount is at the 35% peer percentile.,Shop credibility score is 62%.,vn | Thực phẩm và đồ uống; price pctl 15%; likes pctl 61%; sold-value pctl 60%
vn,vn,213989179,Bibica Official Store ,15953645620,"Bánh Hura Swissroll Bibica Bông Lan Trứng Cuộn Kem Nhiều Vị (Dâu, Cốm, Cam+C, Bơ Sữa) 360g",Thực phẩm và đồ uống,Thực phẩm và đồ uống,,57114,57114,14.0,14.0,160,160,259,253.0,253.0,1000.0,52.72,Maintain and Monitor,Medium,Price is at the 23% country-category percentile. | The listing belongs to an official shop. | Shop credibility score is 75%.,Price is at the 23% country-category percentile.,The listing belongs to an official shop.,Shop credibility score is 75%.,vn | Thực phẩm và đồ uống; price pctl 23%; likes pctl 71%; sold-value pctl 51%
vn,vn,289646907,Orion VN Official Store,23565208439,Combo 3 Túi Bánh Gạo An vị Ngô nướng Bơ (120g/Túi),Thực phẩm và đồ uống,Thực phẩm và đồ uống,BÁNH GẠO AN - BÁNH GẠO CHO CẢ GIA ĐÌNH,105300,105300,10.0,10.0,116,116,375,1000.0,1000.0,3000.0,52.69,Maintain and Monitor,Medium,Displayed discount is at the 14% peer percentile. | Shop credibility score is 79%. | The listing belongs to an official shop.,Displayed discount is at the 14% peer percentile.,Shop credibility score is 79%.,The listing belongs to an official shop.,vn | Thực phẩm và đồ uống; price pctl 43%; likes pctl 64%; sold-value pctl 66%
vn,vn,1145316676,Nestlé Health Science,28741775607,[Quà tặng không bán] Bộ quà thôi nôi,Mẹ & Bé,Mẹ & Bé,,381800,381800,24.0,24.0,7,7,165,,,837.0,52.65,Maintain and Monitor,Medium,The listing belongs to an official shop. | Historical sold-value proxy is at the 69% peer percentile. | Displayed discount is at the 34% peer percentile.,The listing belongs to an official shop.,Historical sold-value proxy is at the 69% peer percentile.,Displayed discount is at the 34% peer percentile.,vn | Mẹ & Bé; price pctl 40%; likes pctl 58%; sold-value pctl 69%
vn,vn,173513432,Richy - Chi Nhánh Miền Bắc,24084421467,[GIAO NHANH] [Tặng Quạt Cầm Tay] Combo 3 Túi Bánh Yến Mạch Richy Oatmilk Túi 220-250gr,Thực phẩm và đồ uống,Thực phẩm và đồ uống,OatMilk- Bánh Yến Mạch,135520,135520,32.0,32.0,241,241,653,620.0,620.0,3000.0,52.6,Maintain and Monitor,Medium,Displayed discount is at the 84% peer percentile. | Likes are at the 77% peer percentile. | Historical sold-value proxy is at the 66% peer percentile.,Displayed discount is at the 84% peer percentile.,Likes are at the 77% peer percentile.,Historical sold-value proxy is at the 66% peer percentile.,vn | Thực phẩm và đồ uống; price pctl 60%; likes pctl 77%; sold-value pctl 66%
vn,vn,289646907,Orion VN Official Store,28353888202,Combo 3 túi bánh gạo nướng An vị Cốm Sen 168G,Thực phẩm và đồ uống,Thực phẩm và đồ uống,Sản Phẩm Bán Chạy,105300,105300,10.0,10.0,115,115,430,522.0,522.0,2000.0,52.59,Maintain and Monitor,Medium,Displayed discount is at the 14% peer percentile. | Shop credibility score is 79%. | The listing belongs to an official shop.,Displayed discount is at the 14% peer percentile.,Shop credibility score is 79%.,The listing belongs to an official shop.,vn | Thực phẩm và đồ uống; price pctl 43%; likes pctl 63%; sold-value pctl 60%
vn,vn,173513432,Richy - Chi Nhánh Miền Bắc,14158683593,[Tặng Quạt Đơn 180k] Combo 2-3 Hộp Bánh Richy KENJU Kem Dẻo 279g,Thực phẩm và đồ uống,Thực phẩm và đồ uống,Kenju - Bánh Quy Kem Dẻo,120600,120600,29.0,29.0,306,306,424,86.0,86.0,1000.0,52.34,Conversion Opportunity,Medium,Likes are at the 82% peer percentile. | Displayed discount is at the 79% peer percentile. | Engagement exceeds sold-value strength by 25%.,Likes are at the 82% peer percentile.,Displayed discount is at the 79% peer percentile.,Engagement exceeds sold-value strength by 25%.,vn | Thực phẩm và đồ uống; price pctl 49%; likes pctl 82%; sold-value pctl 51%
vn,vn,213989179,Bibica Official Store ,20481788409,Combo 2 Bánh Quy Mặn Gooka Bibica Vị Phô Mai Lớp Phủ Cheese Topping Thơm Ngon 180g,Thực phẩm và đồ uống,Thực phẩm và đồ uống,Bánh Ăn Vặt,62694,62694,19.0,19.0,162,162,278,91.0,91.0,1000.0,52.3,Maintain and Monitor,Medium,Price is at the 25% country-category percentile. | The listing belongs to an official shop. | Shop credibility score is 75%.,Price is at the 25% country-category percentile.,The listing belongs to an official shop.,Shop credibility score is 75%.,vn | Thực phẩm và đồ uống; price pctl 25%; likes pctl 71%; sold-value pctl 51%
vn,vn,430972539,Perfetti Van Melle Vietnam,44324603727,COMBO 2 Kẹo Cứng - Mềm Nhiều vị từ Alpenliebe,Thực phẩm và đồ uống,Thực phẩm và đồ uống,Kẹo cứng,85500,85500,14.0,14.0,129,129,240,104.0,104.0,1000.0,52.17,Maintain and Monitor,Medium,Shop credibility score is 94%. | The listing belongs to an official shop. | Displayed discount is at the 32% peer percentile.,Shop credibility score is 94%.,The listing belongs to an official shop.,Displayed discount is at the 32% peer percentile.,vn | Thực phẩm và đồ uống; price pctl 34%; likes pctl 66%; sold-value pctl 51%
vn,vn,1546895026,Mars Snacking VN,43873199894,Túi Kẹo Sing-Gum Cool Air Hương Bạc Hà - Khuynh Diệp Túi (1 Túi gồm 100+10 Gói x 2 Viên Kẹo),Thực phẩm và đồ uống,Thực phẩm và đồ uống,Tất cả sản phẩm,86400,86400,14.0,14.0,74,74,136,6000.0,6000.0,6000.0,52.14,Maintain and Monitor,Medium,Shop credibility score is 83%. | Historical sold-value proxy is at the 76% peer percentile. | The listing belongs to an official shop.,Shop credibility score is 83%.,Historical sold-value proxy is at the 76% peer percentile.,The listing belongs to an official shop.,vn | Thực phẩm và đồ uống; price pctl 35%; likes pctl 56%; sold-value pctl 76%
vn,vn,1546895026,Mars Snacking VN,44453968539,Combo 4 hũ kẹo Sing-gum Cool Air hương bạc hà - mật ong - chanh hũ 40 viên,Thực phẩm và đồ uống,Thực phẩm và đồ uống,Tất cả sản phẩm,99000,99000,12.0,12.0,158,158,33,7000.0,7000.0,8000.0,52.1,Maintain and Monitor,Medium,Shop credibility score is 83%. | Historical sold-value proxy is at the 81% peer percentile. | Displayed discount is at the 25% peer percentile.,Shop credibility score is 83%.,Historical sold-value proxy is at the 81% peer percentile.,Displayed discount is at the 25% peer percentile.,vn | Thực phẩm và đồ uống; price pctl 41%; likes pctl 70%; sold-value pctl 81%
vn,vn,108166524,Nestlé Chính hãng,46807629209,[CÔNG THỨC CẢI TIẾN] Combo 2 Bịch Cà phê Hòa tan NESCAFÉ VỊ NGUYÊN BẢN 80 gói - Đậm thơm hài hòa,Thực phẩm và đồ uống,Thực phẩm và đồ uống,Cà phê & Trà,480480,480480,20.0,20.0,112,112,263,10000.0,10000.0,10000.0,52.1,Maintain and Monitor,Medium,Price is at the 94% country-category percentile. | Shop credibility score is 90%. | Historical sold-value proxy is at the 88% peer percentile.,Price is at the 94% country-category percentile.,Shop credibility score is 90%.,Historical sold-value proxy is at the 88% peer percentile.,vn | Thực phẩm và đồ uống; price pctl 94%; likes pctl 63%; sold-value pctl 88%
vn,vn,108166524,Nestlé Chính hãng,44101214714,[Live] Sữa lúa mạch Nestlé® MILO® ít đường thùng 12 x 180ml (12x4x180ml),Thực phẩm và đồ uống,Thực phẩm và đồ uống,MILO & Sữa,374164,374164,34.0,34.0,812,812,16,10000.0,10000.0,30000.0,52.05,Maintain and Monitor,Medium,Historical sold-value proxy is at the 97% peer percentile. | Likes are at the 92% peer percentile. | Shop credibility score is 90%.,Historical sold-value proxy is at the 97% peer percentile.,Likes are at the 92% peer percentile.,Shop credibility score is 90%.,vn | Thực phẩm và đồ uống; price pctl 88%; likes pctl 92%; sold-value pctl 97%
vn,vn,108166524,Nestlé Chính hãng,46204147616,Combo 4 Hộp Cà phê Hòa tan NESCAFÉ CAFÉ SỮA ĐÁ 10 gói Nhân đôi sánh quyện,Thực phẩm và đồ uống,Thực phẩm và đồ uống,Cà phê & Trà,206800,206800,12.0,12.0,150,150,390,2000.0,2000.0,4000.0,52.01,Maintain and Monitor,Medium,Shop credibility score is 90%. | Price is at the 78% country-category percentile. | Displayed discount is at the 25% peer percentile.,Shop credibility score is 90%.,Price is at the 78% country-category percentile.,Displayed discount is at the 25% peer percentile.,vn | Thực phẩm và đồ uống; price pctl 78%; likes pctl 69%; sold-value pctl 70%
vn,vn,173513432,Richy - Chi Nhánh Miền Bắc,11562223451,"[Tặng Quạt Đơn 250k] Combo 3 Gói Bánh Gạo Richy Jinju Các Vị: Mật Ong, Muối Hồng, Cốm Sữa, Bò Tiêu",Thực phẩm và đồ uống,Thực phẩm và đồ uống,JinJu - Bánh Gạo Hàn Quốc Đủ Vị,63000,63000,30.0,30.0,178,178,363,33.0,33.0,1000.0,51.97,Maintain and Monitor,Medium,Displayed discount is at the 81% peer percentile. | Price is at the 26% country-category percentile. | Likes are at the 73% peer percentile.,Displayed discount is at the 81% peer percentile.,Price is at the 26% country-category percentile.,Likes are at the 73% peer percentile.,vn | Thực phẩm và đồ uống; price pctl 26%; likes pctl 73%; sold-value pctl 51%
vn,vn,108166524,Nestlé Chính hãng,57051754232,[GRO - Quà tặng không bán] Bộ 3 hũ đựng gia vị NESCAFÉ,Thực phẩm và đồ uống,Thực phẩm và đồ uống,,415000,415000,17.0,17.0,26,26,2101,3000.0,3000.0,9000.0,51.87,Maintain and Monitor,Medium,Price is at the 91% country-category percentile. | Shop credibility score is 90%. | Historical sold-value proxy is at the 83% peer percentile.,Price is at the 91% country-category percentile.,Shop credibility score is 90%.,Historical sold-value proxy is at the 83% peer percentile.,vn | Thực phẩm và đồ uống; price pctl 91%; likes pctl 34%; sold-value pctl 83%
vn,vn,213989179,Bibica Official Store ,22426402261,"Combo 3 hộp Bánh Quy Quasure Light Sữa Bibica 140g - Thực phẩm cho người ăn kiêng, tiểu đường",Thực phẩm và đồ uống,Thực phẩm và đồ uống,Bánh Dinh Dưỡng,98415,98415,19.0,19.0,73,73,345,4000.0,4000.0,5000.0,51.8,Maintain and Monitor,Medium,The listing belongs to an official shop. | Shop credibility score is 75%. | Historical sold-value proxy is at the 74% peer percentile.,The listing belongs to an official shop.,Shop credibility score is 75%.,Historical sold-value proxy is at the 74% peer percentile.,vn | Thực phẩm và đồ uống; price pctl 41%; likes pctl 55%; sold-value pctl 74%
vn,vn,1145316676,Nestlé Health Science,25264697963,[Quà tặng không bán] Balo con cọp,Thời trang trẻ em & trẻ sơ sinh,Thời trang trẻ em & trẻ sơ sinh,,377200,377200,25.0,25.0,0,0,16,10.0,10.0,137.0,51.56,Maintain and Monitor,Medium,The listing belongs to an official shop. | Price is at the 67% country-category percentile. | Historical sold-value proxy is at the 67% peer percentile.,The listing belongs to an official shop.,Price is at the 67% country-category percentile.,Historical sold-value proxy is at the 67% peer percentile.,vn | Thời trang trẻ em & trẻ sơ sinh; price pctl 67%; likes pctl 50%; sold-value pctl 67%
vn,vn,140360136,Kinh Do Official Store,26963395898,Combo 2 Hộp Bánh Quy Dinh Dưỡng AFC Vị Lúa Mì 172g - LIVE,Thực phẩm và đồ uống,Thực phẩm và đồ uống,Tất cả sản phẩm,55800,55800,10.0,10.0,130,130,210,29.0,29.0,1000.0,51.48,Maintain and Monitor,Medium,Displayed discount is at the 14% peer percentile. | Price is at the 22% country-category percentile. | The listing belongs to an official shop.,Displayed discount is at the 14% peer percentile.,Price is at the 22% country-category percentile.,The listing belongs to an official shop.,vn | Thực phẩm và đồ uống; price pctl 22%; likes pctl 66%; sold-value pctl 51%
vn,vn,289646907,Orion VN Official Store,44112379715,Combo 8 Hộp bánh Cá Marine Boy Orion vị Rong Biển Tuyết Xanh 35g/hộp,Thực phẩm và đồ uống,Thực phẩm và đồ uống,Cuồng nhiệt Bóng Đá 2026,108000,108000,10.0,10.0,113,113,335,463.0,463.0,2000.0,51.47,Maintain and Monitor,Medium,Displayed discount is at the 14% peer percentile. | Shop credibility score is 79%. | The listing belongs to an official shop.,Displayed discount is at the 14% peer percentile.,Shop credibility score is 79%.,The listing belongs to an official shop.,vn | Thực phẩm và đồ uống; price pctl 45%; likes pctl 63%; sold-value pctl 60%
vn,vn,108166524,Nestlé Chính hãng,52204122884,Combo 3 Bịch Cà phê Hòa tan NESCAFÉ CAFÉ SỮA ĐÁ 25 gói Gấp đôi sánh quyện,Thực phẩm và đồ uống,Thực phẩm và đồ uống,Cà phê & Trà,332680,332680,38.0,38.0,126,126,487,5000.0,5000.0,8000.0,51.44,Maintain and Monitor,Medium,Displayed discount is at the 93% peer percentile. | Shop credibility score is 90%. | Price is at the 87% country-category percentile.,Displayed discount is at the 93% peer percentile.,Shop credibility score is 90%.,Price is at the 87% country-category percentile.,vn | Thực phẩm và đồ uống; price pctl 87%; likes pctl 66%; sold-value pctl 81%
vn,vn,1546895026,Mars Snacking VN,43724143627,Combo 6 Kẹo sing-gum không đường Doublemint Refreshers hương bạc hà hũ 40g (6 hũ x 40g),Thực phẩm và đồ uống,Thực phẩm và đồ uống,Tất cả sản phẩm,145200,145200,19.0,19.0,115,115,167,8000.0,8000.0,8000.0,51.44,Maintain and Monitor,Medium,Shop credibility score is 83%. | Historical sold-value proxy is at the 81% peer percentile. | The listing belongs to an official shop.,Shop credibility score is 83%.,Historical sold-value proxy is at the 81% peer percentile.,The listing belongs to an official shop.,vn | Thực phẩm và đồ uống; price pctl 65%; likes pctl 63%; sold-value pctl 81%
vn,vn,173513432,Richy - Chi Nhánh Miền Bắc,4581436119,"[Quà Tặng Đơn 129k] Combo 4 Bịch Bánh Tươi Richy Karo Mix Vị:Sợi Gà,Phô Mai & 2 Karo Gấu",Thực phẩm và đồ uống,Thực phẩm và đồ uống,Karo - Bánh Tươi Cho Mọi Nhà,140800,140800,26.0,26.0,328,328,442,8.0,8.0,1000.0,51.41,Conversion Opportunity,Medium,Likes are at the 82% peer percentile. | Engagement exceeds sold-value strength by 26%. | Displayed discount is at the 76% peer percentile.,Likes are at the 82% peer percentile.,Engagement exceeds sold-value strength by 26%.,Displayed discount is at the 76% peer percentile.,vn | Thực phẩm và đồ uống; price pctl 63%; likes pctl 82%; sold-value pctl 51%
vn,vn,213989179,Bibica Official Store ,17568698755,Combo Kẹo Cứng Tứ Quý Bibica 70g,Thực phẩm và đồ uống,Thực phẩm và đồ uống,Kẹo Ăn Vặt,38700,38700,10.0,10.0,43,43,140,3000.0,3000.0,4000.0,51.32,Maintain and Monitor,Medium,Price is at the 8% country-category percentile. | Displayed discount is at the 14% peer percentile. | The listing belongs to an official shop.,Price is at the 8% country-category percentile.,Displayed discount is at the 14% peer percentile.,The listing belongs to an official shop.,vn | Thực phẩm và đồ uống; price pctl 8%; likes pctl 45%; sold-value pctl 70%
vn,vn,438905996,Richy - Chi nhánh Miền Nam,23651446221,[QUÀ TẶNG KHÔNG BÁN] Bánh yến mạch Oatmeal Richy,Thực phẩm và đồ uống,Thực phẩm và đồ uống,Yến mạch – Healthy mỗi ngày,400890,400890,20.0,20.0,34,34,3113,750.0,750.0,10000.0,51.27,Maintain and Monitor,Medium,Price is at the 89% country-category percentile. | Historical sold-value proxy is at the 88% peer percentile. | Shop credibility score is 62%.,Price is at the 89% country-category percentile.,Historical sold-value proxy is at the 88% peer percentile.,Shop credibility score is 62%.,vn | Thực phẩm và đồ uống; price pctl 89%; likes pctl 40%; sold-value pctl 88%
vn,vn,108166524,Nestlé Chính hãng,57054122936,Combo 2 Bịch Cà phê Hòa tan NESCAFÉ CAFÉ SỮA ĐÁ 25 gói Gấp đôi sánh quyện,Thực phẩm và đồ uống,Thực phẩm và đồ uống,Cà phê & Trà,226590,226590,38.0,38.0,124,124,842,3000.0,3000.0,5000.0,51.27,Maintain and Monitor,Medium,Displayed discount is at the 93% peer percentile. | Shop credibility score is 90%. | Price is at the 81% country-category percentile.,Displayed discount is at the 93% peer percentile.,Shop credibility score is 90%.,Price is at the 81% country-category percentile.,vn | Thực phẩm và đồ uống; price pctl 81%; likes pctl 65%; sold-value pctl 74%
vn,vn,438905996,Richy - Chi nhánh Miền Nam,26010792468,[Tặng quà đơn 129k] Bánh Karo Gấu Richy - Bánh Chà Bông Nhân Phô Mai Trứng - Date 45 Ngày,Thực phẩm và đồ uống,Thực phẩm và đồ uống,Karo – Bánh tươi năng lượng,46000,46000,23.0,23.0,147,147,295,58.0,58.0,1000.0,51.26,Maintain and Monitor,Medium,Price is at the 14% country-category percentile. | Likes are at the 68% peer percentile. | Displayed discount is at the 68% peer percentile.,Price is at the 14% country-category percentile.,Likes are at the 68% peer percentile.,Displayed discount is at the 68% peer percentile.,vn | Thực phẩm và đồ uống; price pctl 14%; likes pctl 68%; sold-value pctl 51%
vn,vn,108166524,Nestlé Chính hãng,47303008009,[TẶNG BÌNH GIỮ NHIỆT] Combo 3 Bịch Cà phê Hòa tan NESCAFÉ CAFÉ SỮA ĐÁ 25 gói Nhân đôi sánh quyện,Thực phẩm và đồ uống,Thực phẩm và đồ uống,Cà phê & Trà,330240,330240,37.0,37.0,81,81,318,10000.0,10000.0,10000.0,51.26,Maintain and Monitor,Medium,Displayed discount is at the 92% peer percentile. | Shop credibility score is 90%. | Historical sold-value proxy is at the 88% peer percentile.,Displayed discount is at the 92% peer percentile.,Shop credibility score is 90%.,Historical sold-value proxy is at the 88% peer percentile.,vn | Thực phẩm và đồ uống; price pctl 86%; likes pctl 58%; sold-value pctl 88%
vn,vn,1546895026,Mars Snacking VN,26839290942,Combo 2 hũ kẹo Sing-gum Cool Air hương bạc hà - khuynh diệp hũ 90 viên,Thực phẩm và đồ uống,Thực phẩm và đồ uống,Tất cả sản phẩm,96300,96300,17.0,17.0,89,89,386,268.0,268.0,2000.0,51.12,Maintain and Monitor,Medium,Shop credibility score is 83%. | The listing belongs to an official shop. | Historical sold-value proxy is at the 60% peer percentile.,Shop credibility score is 83%.,The listing belongs to an official shop.,Historical sold-value proxy is at the 60% peer percentile.,vn | Thực phẩm và đồ uống; price pctl 40%; likes pctl 60%; sold-value pctl 60%
vn,vn,438905996,Richy - Chi nhánh Miền Nam,24095062354,[QUÀ TẶNG KHÔNG BÁN] Bánh chấm Wismo Richy nhiều vị 22g,Thực phẩm và đồ uống,Thực phẩm và đồ uống,,400890,400890,20.0,20.0,30,30,4383,37.0,37.0,10000.0,51.08,Maintain and Monitor,Medium,Price is at the 89% country-category percentile. | Historical sold-value proxy is at the 88% peer percentile. | Likes are at the 37% peer percentile.,Price is at the 89% country-category percentile.,Historical sold-value proxy is at the 88% peer percentile.,Likes are at the 37% peer percentile.,vn | Thực phẩm và đồ uống; price pctl 89%; likes pctl 37%; sold-value pctl 88%
vn,vn,438905996,Richy - Chi nhánh Miền Nam,21795581180,[MUA 1 TẶNG 1] Kẹo dẻo trái cây LOT 100 Richy vị xoài/ tổng hợp Date t2/2027,Thực phẩm và đồ uống,Thực phẩm và đồ uống,🔥MUA 1 TẶNG 1,45000,45000,25.0,25.0,172,172,205,120.0,120.0,1000.0,50.91,Maintain and Monitor,Medium,Price is at the 12% country-category percentile. | Displayed discount is at the 73% peer percentile. | Likes are at the 72% peer percentile.,Price is at the 12% country-category percentile.,Displayed discount is at the 73% peer percentile.,Likes are at the 72% peer percentile.,vn | Thực phẩm và đồ uống; price pctl 12%; likes pctl 72%; sold-value pctl 51%
vn,vn,213989179,Bibica Official Store ,19079649512,"(Bao Bì Mới) Bánh Quy Quasure Light Bibica 210g, Thực Phẩm Cho Người Ăn Kiêng, Tiểu Đường",Thực phẩm và đồ uống,Thực phẩm và đồ uống,Bánh Dinh Dưỡng,53865,53865,14.0,14.0,59,59,243,1000.0,1000.0,3000.0,50.78,Maintain and Monitor,Medium,Price is at the 20% country-category percentile. | The listing belongs to an official shop. | Shop credibility score is 75%.,Price is at the 20% country-category percentile.,The listing belongs to an official shop.,Shop credibility score is 75%.,vn | Thực phẩm và đồ uống; price pctl 20%; likes pctl 51%; sold-value pctl 66%
vn,vn,438905996,Richy - Chi nhánh Miền Nam,28526139038,"[QUÀ TẶNG KHÔNG BÁN] Bánh yến mạch phô mai, túi 35g",Thực phẩm và đồ uống,Thực phẩm và đồ uống,Yến mạch – Healthy mỗi ngày,400890,400890,20.0,20.0,29,29,2930,363.0,363.0,10000.0,50.61,Maintain and Monitor,Medium,Price is at the 89% country-category percentile. | Historical sold-value proxy is at the 88% peer percentile. | Likes are at the 36% peer percentile.,Price is at the 89% country-category percentile.,Historical sold-value proxy is at the 88% peer percentile.,Likes are at the 36% peer percentile.,vn | Thực phẩm và đồ uống; price pctl 89%; likes pctl 36%; sold-value pctl 88%
vn,vn,213989179,Bibica Official Store ,43415619753,"Bánh Cookies Bibica Goody Premium 228g Nhiều Vị Thơm Ngon Cao Cấp, Hộp Quà Tặng",Thực phẩm và đồ uống,Thực phẩm và đồ uống,Sản Phẩm Mới,73872,73872,14.0,14.0,205,205,147,81.0,81.0,1000.0,50.52,Maintain and Monitor,Medium,The listing belongs to an official shop. | Likes are at the 75% peer percentile. | Shop credibility score is 75%.,The listing belongs to an official shop.,Likes are at the 75% peer percentile.,Shop credibility score is 75%.,vn | Thực phẩm và đồ uống; price pctl 30%; likes pctl 75%; sold-value pctl 51%
vn,vn,213989179,Bibica Official Store ,5828892952,"Kẹo Mút Welly Cam, Dâu, Ổi, Cola Bibica 396g",Thực phẩm và đồ uống,Thực phẩm và đồ uống,Kẹo Ăn Vặt,48735,48735,5.0,5.0,100,100,194,41.0,41.0,1000.0,50.46,Maintain and Monitor,Medium,Displayed discount is at the 6% peer percentile. | Price is at the 17% country-category percentile. | The listing belongs to an official shop.,Displayed discount is at the 6% peer percentile.,Price is at the 17% country-category percentile.,The listing belongs to an official shop.,vn | Thực phẩm và đồ uống; price pctl 17%; likes pctl 61%; sold-value pctl 51%
vn,vn,108166524,Nestlé Chính hãng,41073495592,[Live][Phiên bản ống hút 4 chiều] Sữa lúa mạch Nestlé MILO thùng 12 x 180ml (12x4x180ml),Thực phẩm và đồ uống,Thực phẩm và đồ uống,MILO & Sữa,390100,390100,32.0,32.0,159,159,185,7000.0,7000.0,9000.0,50.45,Maintain and Monitor,Medium,Shop credibility score is 90%. | Price is at the 89% country-category percentile. | Displayed discount is at the 84% peer percentile.,Shop credibility score is 90%.,Price is at the 89% country-category percentile.,Displayed discount is at the 84% peer percentile.,vn | Thực phẩm và đồ uống; price pctl 89%; likes pctl 70%; sold-value pctl 83%
vn,vn,108166524,Nestlé Chính hãng,42955556831,Cà phê đen hòa tan NESCAFÉ Signature Hộp 10 gói ĐẬM ĐÀ TUYỆT HẢO,Thực phẩm và đồ uống,Thực phẩm và đồ uống,Cà phê & Trà,54900,54900,31.0,31.0,63,63,86,4000.0,4000.0,5000.0,50.3,Maintain and Monitor,Medium,Shop credibility score is 90%. | Displayed discount is at the 82% peer percentile. | Price is at the 21% country-category percentile.,Shop credibility score is 90%.,Displayed discount is at the 82% peer percentile.,Price is at the 21% country-category percentile.,vn | Thực phẩm và đồ uống; price pctl 21%; likes pctl 52%; sold-value pctl 74%
vn,vn,430972539,Perfetti Van Melle Vietnam,43677995538,[QUÀ TẶNG KHÔNG BÁN] Túi đỏ lời chúc Chupa Chups,Văn Phòng Phẩm,Văn Phòng Phẩm,,811800,811800,19.0,19.0,0,0,192,4.0,4.0,1000.0,50.28,Maintain and Monitor,Medium,Shop credibility score is 94%. | Historical sold-value proxy is at the 83% peer percentile. | The listing belongs to an official shop.,Shop credibility score is 94%.,Historical sold-value proxy is at the 83% peer percentile.,The listing belongs to an official shop.,vn | Văn Phòng Phẩm; price pctl 62%; likes pctl 25%; sold-value pctl 83%
vn,vn,173513432,Richy - Chi Nhánh Miền Bắc,27985775105,[QUÀ TẶNG KHÔNG BÁN] Wismo bánh que giòn 3 vị hộp 22g - Tặng vị ngẫu nhiên,Thực phẩm và đồ uống,Thực phẩm và đồ uống,,45000,45000,10.0,10.0,19,19,662,5.0,5.0,3000.0,50.21,Maintain and Monitor,Medium,Price is at the 12% country-category percentile. | Displayed discount is at the 14% peer percentile. | Likes are at the 29% peer percentile.,Price is at the 12% country-category percentile.,Displayed discount is at the 14% peer percentile.,Likes are at the 29% peer percentile.,vn | Thực phẩm và đồ uống; price pctl 12%; likes pctl 29%; sold-value pctl 66%
vn,vn,108166524,Nestlé Chính hãng,47254151647,[CÔNG THỨC CẢI TIẾN] Combo 3 hộp Cà phê Hòa tan NESCAFÉ VỊ NGUYÊN BẢN 20 gói - Đậm thơm hài hòa,Thực phẩm và đồ uống,Thực phẩm và đồ uống,Cà phê & Trà,218240,218240,27.0,27.0,118,118,592,3000.0,3000.0,4000.0,50.13,Maintain and Monitor,Medium,Shop credibility score is 90%. | Price is at the 80% country-category percentile. | Displayed discount is at the 78% peer percentile.,Shop credibility score is 90%.,Price is at the 80% country-category percentile.,Displayed discount is at the 78% peer percentile.,vn | Thực phẩm và đồ uống; price pctl 80%; likes pctl 64%; sold-value pctl 70%
vn,vn,213989179,Bibica Official Store ,20385889419,Combo 2 Bánh Gooka Cracker Nougat Filling Vị Tảo Biển/ Dừa Sầu Riêng Bibica,Thực phẩm và đồ uống,Thực phẩm và đồ uống,Bánh Ăn Vặt,62694,62694,19.0,19.0,132,132,204,554.0,554.0,1000.0,50.03,Maintain and Monitor,Medium,Price is at the 25% country-category percentile. | The listing belongs to an official shop. | Shop credibility score is 75%.,Price is at the 25% country-category percentile.,The listing belongs to an official shop.,Shop credibility score is 75%.,vn | Thực phẩm và đồ uống; price pctl 25%; likes pctl 67%; sold-value pctl 51%
vn,vn,289646907,Orion VN Official Store,26233488173,[ĐỘC QUYỀN] Kẹo ngậm dịu HỌNG nhiều vị (500g),Thực phẩm và đồ uống,Thực phẩm và đồ uống,Sản phẩm độc quyền ONLINE,117000,117000,10.0,10.0,106,106,315,86.0,86.0,1000.0,49.85,Maintain and Monitor,Medium,Displayed discount is at the 14% peer percentile. | Shop credibility score is 79%. | The listing belongs to an official shop.,Displayed discount is at the 14% peer percentile.,Shop credibility score is 79%.,The listing belongs to an official shop.,vn | Thực phẩm và đồ uống; price pctl 47%; likes pctl 62%; sold-value pctl 51%
vn,vn,289646907,Orion VN Official Store,28952745890,Combo 3 Túi 8 gói bánh ăn sáng Orion C'est Bon sợi thịt gà truyền thống (136G),Thực phẩm và đồ uống,Thực phẩm và đồ uống,BÁNH ĂN SÁNG C'EST BON,118800,118800,10.0,10.0,111,111,159,886.0,886.0,3000.0,49.7,Maintain and Monitor,Medium,Displayed discount is at the 14% peer percentile. | Shop credibility score is 79%. | The listing belongs to an official shop.,Displayed discount is at the 14% peer percentile.,Shop credibility score is 79%.,The listing belongs to an official shop.,vn | Thực phẩm và đồ uống; price pctl 48%; likes pctl 63%; sold-value pctl 66%
vn,vn,173513432,Richy - Chi Nhánh Miền Bắc,2906940093,[Tặng Quạt Đơn 250k] Bánh gạo Richy Hàn Quốc gói - 303g,Thực phẩm và đồ uống,Thực phẩm và đồ uống,JinJu - Bánh Gạo Hàn Quốc Đủ Vị,42500,42500,18.0,18.0,87,87,250,192.0,192.0,1000.0,49.68,Maintain and Monitor,Medium,Price is at the 9% country-category percentile. | Shop credibility score is 64%. | Engagement exceeds sold-value strength by 10%.,Price is at the 9% country-category percentile.,Shop credibility score is 64%.,Engagement exceeds sold-value strength by 10%.,vn | Thực phẩm và đồ uống; price pctl 9%; likes pctl 59%; sold-value pctl 51%
vn,vn,289646907,Orion VN Official Store,40205837706,[LIVESTREAM] [ĐỘC QUYỀN] Hộp 15 Gói Bánh Nướng Giòn Vị Bơ Tỏi Orion C'est Bon Baguette (540g),Thực phẩm và đồ uống,Thực phẩm và đồ uống,,124200,124200,10.0,10.0,122,122,276,434.0,434.0,1000.0,49.65,Maintain and Monitor,Medium,Displayed discount is at the 14% peer percentile. | Shop credibility score is 79%. | The listing belongs to an official shop.,Displayed discount is at the 14% peer percentile.,Shop credibility score is 79%.,The listing belongs to an official shop.,vn | Thực phẩm và đồ uống; price pctl 51%; likes pctl 65%; sold-value pctl 51%
vn,vn,108166524,Nestlé Chính hãng,51652982842,[Tặng Bộ 3 hũ đựng gia vị NESCAFÉ] Bịch Cà phê Hòa tan NESCAFÉ VỊ NGUYÊN BẢN 46 gói Đậm Thơm Hoàn Hảo,Thực phẩm và đồ uống,Thực phẩm và đồ uống,Cà phê & Trà,170720,170720,26.0,26.0,49,49,639,5000.0,5000.0,5000.0,49.6,Maintain and Monitor,Medium,Shop credibility score is 90%. | Displayed discount is at the 76% peer percentile. | The listing belongs to an official shop.,Shop credibility score is 90%.,Displayed discount is at the 76% peer percentile.,The listing belongs to an official shop.,vn | Thực phẩm và đồ uống; price pctl 72%; likes pctl 47%; sold-value pctl 74%
vn,vn,173513432,Richy - Chi Nhánh Miền Bắc,25907552758,[Tặng Quạt Đơn 180k] Combo 2-3 Hộp Bánh Richy Kenju Kem Dẻo Nougat 279g/hộp,Thực phẩm và đồ uống,Thực phẩm và đồ uống,Kenju - Bánh Quy Kem Dẻo,120600,120600,25.0,25.0,156,156,350,1000.0,1000.0,2000.0,49.57,Maintain and Monitor,Medium,Displayed discount is at the 73% peer percentile. | Likes are at the 70% peer percentile. | Shop credibility score is 64%.,Displayed discount is at the 73% peer percentile.,Likes are at the 70% peer percentile.,Shop credibility score is 64%.,vn | Thực phẩm và đồ uống; price pctl 49%; likes pctl 70%; sold-value pctl 60%
vn,vn,108166524,Nestlé Chính hãng,55211157221,[Phiên bản ống hút 4 chiều] Sữa Lúa Mạch Nestlé MILO 48x180ml Không Màng Co,Thực phẩm và đồ uống,Thực phẩm và đồ uống,MILO & Sữa,478800,478800,16.0,16.0,124,124,543,2000.0,2000.0,2000.0,49.41,Maintain and Monitor,Medium,Price is at the 93% country-category percentile. | Shop credibility score is 90%. | The listing belongs to an official shop.,Price is at the 93% country-category percentile.,Shop credibility score is 90%.,The listing belongs to an official shop.,vn | Thực phẩm và đồ uống; price pctl 93%; likes pctl 65%; sold-value pctl 60%
vn,vn,213989179,Bibica Official Store ,14068398201,Combo 10 Kẹo Dẻo Zoo Cola Bibica 24g,Thực phẩm và đồ uống,Thực phẩm và đồ uống,Kẹo Cho Bé,44000,44000,10.0,10.0,57,57,157,906.0,906.0,2000.0,49.35,Maintain and Monitor,Medium,Price is at the 10% country-category percentile. | Displayed discount is at the 14% peer percentile. | The listing belongs to an official shop.,Price is at the 10% country-category percentile.,Displayed discount is at the 14% peer percentile.,The listing belongs to an official shop.,vn | Thực phẩm và đồ uống; price pctl 10%; likes pctl 50%; sold-value pctl 60%
vn,vn,289646907,Orion VN Official Store,29492921661,Combo 2 Hộp 12 Gói Bánh ChocoPie Giảm Đường (360g),Thực phẩm và đồ uống,Thực phẩm và đồ uống,Dòng sản phẩm Giảm 50% Đường,132000,132000,12.0,12.0,94,94,346,898.0,898.0,2000.0,49.32,Maintain and Monitor,Medium,Shop credibility score is 79%. | Displayed discount is at the 25% peer percentile. | The listing belongs to an official shop.,Shop credibility score is 79%.,Displayed discount is at the 25% peer percentile.,The listing belongs to an official shop.,vn | Thực phẩm và đồ uống; price pctl 57%; likes pctl 60%; sold-value pctl 60%
vn,vn,289646907,Orion VN Official Store,55601794933,"Combo 2 Hộp 18 Gói Bánh Orion Chocopie Tình Vị Truyền Thống (653,4g/Hộp)",Thực phẩm và đồ uống,Thực phẩm và đồ uống,,174240,174240,12.0,12.0,73,73,402,1000.0,1000.0,4000.0,49.31,Maintain and Monitor,Medium,Shop credibility score is 79%. | Displayed discount is at the 25% peer percentile. | The listing belongs to an official shop.,Shop credibility score is 79%.,Displayed discount is at the 25% peer percentile.,The listing belongs to an official shop.,vn | Thực phẩm và đồ uống; price pctl 74%; likes pctl 55%; sold-value pctl 70%
vn,vn,108166524,Nestlé Chính hãng,17377770549,Combo 2 Dầu Hào MAGGI Nấm Hương 350g/chai,Thực phẩm và đồ uống,Thực phẩm và đồ uống,Gia vị nấu ăn,52200,52200,13.0,13.0,107,107,128,273.0,273.0,1000.0,49.27,Maintain and Monitor,Medium,Shop credibility score is 90%. | Price is at the 20% country-category percentile. | The listing belongs to an official shop.,Shop credibility score is 90%.,Price is at the 20% country-category percentile.,The listing belongs to an official shop.,vn | Thực phẩm và đồ uống; price pctl 20%; likes pctl 62%; sold-value pctl 51%
vn,vn,438905996,Richy - Chi nhánh Miền Nam,18684826924,[MUA 3 TẶNG 1 QUAT]   Combo 3 Túi Bánh Yến Mạch Richy Oatmilk Túi 220-250gr,Thực phẩm và đồ uống,Thực phẩm và đồ uống,Yến mạch – Healthy mỗi ngày,136400,136400,32.0,32.0,15,15,1129,10000.0,10000.0,10000.0,49.16,Maintain and Monitor,Medium,Historical sold-value proxy is at the 88% peer percentile. | Displayed discount is at the 84% peer percentile. | Likes are at the 25% peer percentile.,Historical sold-value proxy is at the 88% peer percentile.,Displayed discount is at the 84% peer percentile.,Likes are at the 25% peer percentile.,vn | Thực phẩm và đồ uống; price pctl 60%; likes pctl 25%; sold-value pctl 88%
vn,vn,1145316676,Nestlé Health Science,24116535739,[Quà Tặng Không Bán] Set khăn Boost Optimum BOOST OPTIMUM,Mẹ & Bé,Mẹ & Bé,,381800,381800,24.0,24.0,1,1,164,38.0,38.0,880.0,49.12,Maintain and Monitor,Medium,The listing belongs to an official shop. | Historical sold-value proxy is at the 73% peer percentile. | Likes are at the 30% peer percentile.,The listing belongs to an official shop.,Historical sold-value proxy is at the 73% peer percentile.,Likes are at the 30% peer percentile.,vn | Mẹ & Bé; price pctl 40%; likes pctl 30%; sold-value pctl 73%
vn,vn,173513432,Richy - Chi Nhánh Miền Bắc,20886958783,"[Tặng Quạt Cầm Tay] Combo 4 Túi Bánh Quy Richy Kenju Mix Các Vị: Kenju 2 Lớp [MỚI], Kem Dẻo, Rau Củ",Thực phẩm và đồ uống,Thực phẩm và đồ uống,Kenju - Bánh Quy Kem Dẻo,169840,169840,15.0,15.0,191,191,351,16.0,16.0,1000.0,49.01,Maintain and Monitor,Medium,Likes are at the 74% peer percentile. | Price is at the 71% country-category percentile. | Engagement exceeds sold-value strength by 20%.,Likes are at the 74% peer percentile.,Price is at the 71% country-category percentile.,Engagement exceeds sold-value strength by 20%.,vn | Thực phẩm và đồ uống; price pctl 71%; likes pctl 74%; sold-value pctl 51%
vn,vn,108166524,Nestlé Chính hãng,57802014514,[Tặng Bộ 3 hũ đựng gia vị NESCAFÉ] Bịch Cà phê Hòa tan NESCAFÉ CAFÉ SỮA ĐÁ 25 gói Nhân đôi sánh quyện,Thực phẩm và đồ uống,Thực phẩm và đồ uống,Cà phê & Trà,130500,130500,21.0,21.0,39,39,165,7000.0,7000.0,7000.0,48.92,Maintain and Monitor,Medium,Shop credibility score is 90%. | Historical sold-value proxy is at the 78% peer percentile. | The listing belongs to an official shop.,Shop credibility score is 90%.,Historical sold-value proxy is at the 78% peer percentile.,The listing belongs to an official shop.,vn | Thực phẩm và đồ uống; price pctl 56%; likes pctl 43%; sold-value pctl 78%
vn,vn,1145316676,Nestlé Health Science,29370485469,[Quà tặng không bán] Gấu trúc ống tre NUTREN JUNIOR,Mẹ & Bé,Mẹ & Bé,,381800,381800,24.0,24.0,3,3,145,24.0,24.0,805.0,48.91,Maintain and Monitor,Medium,The listing belongs to an official shop. | Displayed discount is at the 34% peer percentile. | Historical sold-value proxy is at the 65% peer percentile.,The listing belongs to an official shop.,Displayed discount is at the 34% peer percentile.,Historical sold-value proxy is at the 65% peer percentile.,vn | Mẹ & Bé; price pctl 40%; likes pctl 45%; sold-value pctl 65%
vn,vn,1546895026,Mars Snacking VN,41314469516,Combo 4 Hũ kẹo Socola M&M's vị sữa 90g,Thực phẩm và đồ uống,Thực phẩm và đồ uống,Tất cả sản phẩm,176563,176563,20.0,20.0,198,198,231,2000.0,2000.0,3000.0,48.9,Maintain and Monitor,Medium,Shop credibility score is 83%. | The listing belongs to an official shop. | Price is at the 75% country-category percentile.,Shop credibility score is 83%.,The listing belongs to an official shop.,Price is at the 75% country-category percentile.,vn | Thực phẩm và đồ uống; price pctl 75%; likes pctl 74%; sold-value pctl 66%
vn,vn,173513432,Richy - Chi Nhánh Miền Bắc,24602539331,[QUÀ TẶNG KHÔNG BÁN] Bánh quy chấm Wismo socola dâu ly 35g,Thực phẩm và đồ uống,Thực phẩm và đồ uống,,25000,25000,0.0,0.0,14,14,572,1.0,1.0,2000.0,48.74,Maintain and Monitor,Medium,Price is at the 2% country-category percentile. | Displayed discount is at the 2% peer percentile. | Likes are at the 23% peer percentile.,Price is at the 2% country-category percentile.,Displayed discount is at the 2% peer percentile.,Likes are at the 23% peer percentile.,vn | Thực phẩm và đồ uống; price pctl 2%; likes pctl 23%; sold-value pctl 60%
vn,vn,213989179,Bibica Official Store ,23341998012,"Combo Mix 2 Hộp Bánh Quasure Light Bibica Bông Lan Cốm 126g/Bánh Quy 140g- Dành cho người ăn kiêng, tiểu đường",Thực phẩm và đồ uống,Thực phẩm và đồ uống,Bánh Dinh Dưỡng,68364,68364,19.0,19.0,63,63,387,78.0,78.0,1000.0,48.64,Maintain and Monitor,Medium,The listing belongs to an official shop. | Shop credibility score is 75%. | Price is at the 28% country-category percentile.,The listing belongs to an official shop.,Shop credibility score is 75%.,Price is at the 28% country-category percentile.,vn | Thực phẩm và đồ uống; price pctl 28%; likes pctl 52%; sold-value pctl 51%
vn,vn,1546895026,Mars Snacking VN,52952410397,[Quà tặng không bán] Gấu bông M&M's màu xanh,Mẹ & Bé,Mẹ & Bé,,795400,795400,20.0,20.0,0,0,134,3000.0,3000.0,3000.0,48.59,Maintain and Monitor,Medium,Displayed discount is at the 5% peer percentile. | Historical sold-value proxy is at the 89% peer percentile. | Likes are at the 12% peer percentile.,Displayed discount is at the 5% peer percentile.,Historical sold-value proxy is at the 89% peer percentile.,Likes are at the 12% peer percentile.,vn | Mẹ & Bé; price pctl 79%; likes pctl 12%; sold-value pctl 89%
vn,vn,1546895026,Mars Snacking VN,48553233793,Combo 4 Hộp Kẹo Socola Snickers Funsize 240g (12 thanh x 4 hộp),Thực phẩm và đồ uống,Thực phẩm và đồ uống,Tất cả sản phẩm,344217,344217,28.0,28.0,122,122,177,8000.0,8000.0,8000.0,48.56,Maintain and Monitor,Medium,Price is at the 87% country-category percentile. | Shop credibility score is 83%. | Historical sold-value proxy is at the 81% peer percentile.,Price is at the 87% country-category percentile.,Shop credibility score is 83%.,Historical sold-value proxy is at the 81% peer percentile.,vn | Thực phẩm và đồ uống; price pctl 87%; likes pctl 65%; sold-value pctl 81%
vn,vn,1546895026,Mars Snacking VN,24945981060,Combo 6 hũ kẹo Candy Sing-gum Doublemint hương bạc hà hũ 40 viên,Thực phẩm và đồ uống,Thực phẩm và đồ uống,Tất cả sản phẩm,132300,132300,21.0,21.0,86,86,299,1000.0,1000.0,3000.0,48.5,Maintain and Monitor,Medium,Shop credibility score is 83%. | The listing belongs to an official shop. | Historical sold-value proxy is at the 66% peer percentile.,Shop credibility score is 83%.,The listing belongs to an official shop.,Historical sold-value proxy is at the 66% peer percentile.,vn | Thực phẩm và đồ uống; price pctl 58%; likes pctl 59%; sold-value pctl 66%
vn,vn,140360136,Kinh Do Official Store,49001551344,"Bánh Cracker Dinh Dưỡng AFC Vị Rau/Lúa Mì/Gà Sả Tắc/Bò Bít Tết/Tảo Biển, Combo 2 Hộp/3 Hộp/3 Túi - LIVE",Thực phẩm và đồ uống,Thực phẩm và đồ uống,Tất cả sản phẩm,55800,55800,10.0,10.0,117,117,128,164.0,164.0,1000.0,48.46,Maintain and Monitor,Medium,Displayed discount is at the 14% peer percentile. | Price is at the 22% country-category percentile. | The listing belongs to an official shop.,Displayed discount is at the 14% peer percentile.,Price is at the 22% country-category percentile.,The listing belongs to an official shop.,vn | Thực phẩm và đồ uống; price pctl 22%; likes pctl 64%; sold-value pctl 51%
vn,vn,1546895026,Mars Snacking VN,27387412771,Combo 6 gói Kẹo Socola Sữa M&M'S 37g - Thức Ăn Vặt Socola - Snack,Thực phẩm và đồ uống,Thực phẩm và đồ uống,Tất cả sản phẩm,126000,126000,13.0,13.0,124,124,164,1000.0,1000.0,2000.0,48.09,Maintain and Monitor,Medium,Shop credibility score is 83%. | The listing belongs to an official shop. | Displayed discount is at the 29% peer percentile.,Shop credibility score is 83%.,The listing belongs to an official shop.,Displayed discount is at the 29% peer percentile.,vn | Thực phẩm và đồ uống; price pctl 52%; likes pctl 65%; sold-value pctl 60%
vn,vn,213989179,Bibica Official Store ,28753604189,Combo 10 Kẹo Dẻo Zoo Bibica 24g,Thực phẩm và đồ uống,Thực phẩm và đồ uống,Kẹo Cho Bé,49500,49500,10.0,10.0,35,35,189,1000.0,1000.0,2000.0,47.68,Maintain and Monitor,Medium,Displayed discount is at the 14% peer percentile. | Price is at the 18% country-category percentile. | The listing belongs to an official shop.,Displayed discount is at the 14% peer percentile.,Price is at the 18% country-category percentile.,The listing belongs to an official shop.,vn | Thực phẩm và đồ uống; price pctl 18%; likes pctl 40%; sold-value pctl 60%
vn,vn,1145316676,Nestlé Health Science,25760757038,Sữa Bột NESTLÉ BOOST OPTIMUM Singapore Bổ Sung Dinh Dưỡng Cho Người Lớn Tuổi,Thực phẩm và đồ uống,Thực phẩm và đồ uống,BOOST OPTIMUM - QUÀ TẶNG NGƯỜI CAO TUỔI,313076,313076,35.0,35.0,201,201,452,2000.0,2000.0,3000.0,47.65,Maintain and Monitor,Medium,Displayed discount is at the 90% peer percentile. | Price is at the 85% country-category percentile. | The listing belongs to an official shop.,Displayed discount is at the 90% peer percentile.,Price is at the 85% country-category percentile.,The listing belongs to an official shop.,vn | Thực phẩm và đồ uống; price pctl 85%; likes pctl 74%; sold-value pctl 66%
vn,vn,108166524,Nestlé Chính hãng,55604121866,Combo 2 Bịch Cà phê Hòa tan NESCAFÉ VỊ RANG ĐẬM 46 gói Đậm Thơm Hoàn Hảo,Thực phẩm và đồ uống,Thực phẩm và đồ uống,Cà phê & Trà,328613,328613,34.0,34.0,103,103,51,10000.0,10000.0,10000.0,47.55,Maintain and Monitor,Medium,Shop credibility score is 90%. | Historical sold-value proxy is at the 88% peer percentile. | Displayed discount is at the 88% peer percentile.,Shop credibility score is 90%.,Historical sold-value proxy is at the 88% peer percentile.,Displayed discount is at the 88% peer percentile.,vn | Thực phẩm và đồ uống; price pctl 86%; likes pctl 61%; sold-value pctl 88%
vn,vn,213989179,Bibica Official Store ,24286389752,Combo Kẹo Cứng Sữa Cà Phê Bibica 140g,Thực phẩm và đồ uống,Thực phẩm và đồ uống,Kẹo Ăn Vặt,42660,42660,10.0,10.0,42,42,104,873.0,873.0,2000.0,47.39,Maintain and Monitor,Medium,Price is at the 10% country-category percentile. | Displayed discount is at the 14% peer percentile. | The listing belongs to an official shop.,Price is at the 10% country-category percentile.,Displayed discount is at the 14% peer percentile.,The listing belongs to an official shop.,vn | Thực phẩm và đồ uống; price pctl 10%; likes pctl 44%; sold-value pctl 60%
vn,vn,173513432,Richy - Chi Nhánh Miền Bắc,19443108444,[Tặng Quạt Đơn 250k] Combo 2 Túi Bánh gạo Jinju vị Muối Hồng Himalaya 135g,Thực phẩm và đồ uống,Thực phẩm và đồ uống,JinJu - Bánh Gạo Hàn Quốc Đủ Vị,32000,32000,36.0,36.0,85,85,199,29.0,29.0,888.0,47.39,Maintain and Monitor,Medium,Price is at the 5% country-category percentile. | Displayed discount is at the 91% peer percentile. | Engagement exceeds sold-value strength by 15%.,Price is at the 5% country-category percentile.,Displayed discount is at the 91% peer percentile.,Engagement exceeds sold-value strength by 15%.,vn | Thực phẩm và đồ uống; price pctl 5%; likes pctl 59%; sold-value pctl 43%
vn,vn,213989179,Bibica Official Store ,42401826840,Combo Bánh Bông Lan Quasure Light Bibica 180g,Thực phẩm và đồ uống,Thực phẩm và đồ uống,Bánh Dinh Dưỡng,103032,103032,19.0,19.0,82,82,135,2000.0,2000.0,3000.0,47.36,Maintain and Monitor,Medium,The listing belongs to an official shop. | Shop credibility score is 75%. | Historical sold-value proxy is at the 66% peer percentile.,The listing belongs to an official shop.,Shop credibility score is 75%.,Historical sold-value proxy is at the 66% peer percentile.,vn | Thực phẩm và đồ uống; price pctl 42%; likes pctl 58%; sold-value pctl 66%
vn,vn,1145316676,Nestlé Health Science,25014692248,[Quà tặng không bán] Khăn choàng tắm bé con voi,Mẹ & Bé,Mẹ & Bé,,381800,381800,24.0,24.0,1,1,138,14.0,14.0,836.0,46.83,Maintain and Monitor,Medium,The listing belongs to an official shop. | Likes are at the 30% peer percentile. | Historical sold-value proxy is at the 67% peer percentile.,The listing belongs to an official shop.,Likes are at the 30% peer percentile.,Historical sold-value proxy is at the 67% peer percentile.,vn | Mẹ & Bé; price pctl 40%; likes pctl 30%; sold-value pctl 67%
vn,vn,1145316676,Nestlé Health Science,55004514688,Bộ 2 Lốc 4 Hộp Sữa Pha Sẵn NESTLÉ NUTREN JUNIOR Thụy Sĩ Công Thức BIG Tăng Trưởng 180ML,Mẹ & Bé,Mẹ & Bé,ƯU ĐÃI THÁNG 6 - DEAL VÀNG RỘN RÀNG,194304,194304,35.0,35.0,42,42,8,336.0,336.0,401.0,46.78,Maintain and Monitor,Medium,Price is at the 8% country-category percentile. | Likes are at the 76% peer percentile. | The listing belongs to an official shop.,Price is at the 8% country-category percentile.,Likes are at the 76% peer percentile.,The listing belongs to an official shop.,vn | Mẹ & Bé; price pctl 8%; likes pctl 76%; sold-value pctl 57%
vn,vn,438905996,Richy - Chi nhánh Miền Nam,23738702520,"[VỊ MỚI | MUA 3 TẶNG 1]  Tổng 4 gói Bánh phủ socola Peppie Richy vị Dưa lưới/Vani cốm/Caramen, loại khay 360g",Thực phẩm và đồ uống,Thực phẩm và đồ uống,Pepie – Bánh mềm phủ socola,137280,137280,31.0,31.0,167,167,285,151.0,151.0,1000.0,46.76,Maintain and Monitor,Medium,Displayed discount is at the 82% peer percentile. | Likes are at the 72% peer percentile. | Engagement exceeds sold-value strength by 17%.,Displayed discount is at the 82% peer percentile.,Likes are at the 72% peer percentile.,Engagement exceeds sold-value strength by 17%.,vn | Thực phẩm và đồ uống; price pctl 61%; likes pctl 72%; sold-value pctl 51%
vn,vn,438905996,Richy - Chi nhánh Miền Nam,23044095031,[TẶNG QUẠT ĐƠN 180K]  Combo 2-3 bánh quy hành Kenju Richy túi 186g - 279g,Thực phẩm và đồ uống,Thực phẩm và đồ uống,Kenju- Ngon có gu,86400,86400,42.0,42.0,148,148,192,41.0,41.0,1000.0,46.68,Maintain and Monitor,Medium,Displayed discount is at the 96% peer percentile. | Likes are at the 69% peer percentile. | Price is at the 35% country-category percentile.,Displayed discount is at the 96% peer percentile.,Likes are at the 69% peer percentile.,Price is at the 35% country-category percentile.,vn | Thực phẩm và đồ uống; price pctl 35%; likes pctl 69%; sold-value pctl 51%
vn,vn,289646907,Orion VN Official Store,47704391486,"[ĐỘC QUYỀN] Hộp bánh Pie Orion mix 4 vị (697,5g)",Thực phẩm và đồ uống,Thực phẩm và đồ uống,Sản phẩm độc quyền ONLINE,180400,180400,12.0,12.0,138,138,212,448.0,448.0,1000.0,46.6,Maintain and Monitor,Medium,Shop credibility score is 79%. | Price is at the 76% country-category percentile. | Displayed discount is at the 25% peer percentile.,Shop credibility score is 79%.,Price is at the 76% country-category percentile.,Displayed discount is at the 25% peer percentile.,vn | Thực phẩm và đồ uống; price pctl 76%; likes pctl 67%; sold-value pctl 51%
vn,vn,1145316676,Nestlé Health Science,28944224686,Bộ 4 Lốc 4 Hộp Sữa Pha Sẵn NESTLÉ NUTREN JUNIOR Thụy Sĩ Công Thức BIG Tăng Trưởng 110ML,Mẹ & Bé,Mẹ & Bé,ƯU ĐÃI THÁNG 6 - DEAL VÀNG RỘN RÀNG,241297,241297,42.0,42.0,7,7,8,794.0,794.0,879.0,46.58,Maintain and Monitor,Medium,Displayed discount is at the 95% peer percentile. | Price is at the 10% country-category percentile. | The listing belongs to an official shop.,Displayed discount is at the 95% peer percentile.,Price is at the 10% country-category percentile.,The listing belongs to an official shop.,vn | Mẹ & Bé; price pctl 10%; likes pctl 58%; sold-value pctl 71%
vn,vn,213989179,Bibica Official Store ,29667613836,Combo 2 Bánh Gooka Cracker Nougat Filling Vị Dừa Sầu Riêng,Thực phẩm và đồ uống,Thực phẩm và đồ uống,Bánh Ăn Vặt,39960,39960,10.0,10.0,38,38,204,11.0,11.0,1000.0,46.57,Maintain and Monitor,Medium,Price is at the 8% country-category percentile. | Displayed discount is at the 14% peer percentile. | The listing belongs to an official shop.,Price is at the 8% country-category percentile.,Displayed discount is at the 14% peer percentile.,The listing belongs to an official shop.,vn | Thực phẩm và đồ uống; price pctl 8%; likes pctl 42%; sold-value pctl 51%
vn,vn,289646907,Orion VN Official Store,41824111415,Combo 2 Hộp 12 Gói Bánh Custas Kem Trứng Giảm Đường (282g),Thực phẩm và đồ uống,Thực phẩm và đồ uống,Dòng sản phẩm Giảm 50% Đường,132000,132000,12.0,12.0,83,83,238,848.0,848.0,1000.0,46.56,Maintain and Monitor,Medium,Shop credibility score is 79%. | Displayed discount is at the 25% peer percentile. | The listing belongs to an official shop.,Shop credibility score is 79%.,Displayed discount is at the 25% peer percentile.,The listing belongs to an official shop.,vn | Thực phẩm và đồ uống; price pctl 57%; likes pctl 58%; sold-value pctl 51%
vn,vn,173513432,Richy - Chi Nhánh Miền Bắc,24743454213,[GIAO NHANH] [Tặng Quạt Cầm Tay] Combo 3 túi bánh yến mạch Oatmeal Richy 220g-250g,Thực phẩm và đồ uống,Thực phẩm và đồ uống,OatMilk- Bánh Yến Mạch,135520,135520,25.0,25.0,120,120,349,56.0,56.0,1000.0,46.54,Maintain and Monitor,Medium,Displayed discount is at the 73% peer percentile. | Engagement exceeds sold-value strength by 15%. | Shop credibility score is 64%.,Displayed discount is at the 73% peer percentile.,Engagement exceeds sold-value strength by 15%.,Shop credibility score is 64%.,vn | Thực phẩm và đồ uống; price pctl 60%; likes pctl 64%; sold-value pctl 51%
vn,vn,289646907,Orion VN Official Store,26900493910,"Combo 3 Túi Bánh Gạo Nướng Orion An Vị Tự Nhiên 151,2g/Túi",Thực phẩm và đồ uống,Thực phẩm và đồ uống,Cuồng nhiệt Bóng Đá 2026,78300,78300,10.0,10.0,25,25,258,713.0,713.0,2000.0,46.52,Maintain and Monitor,Medium,Displayed discount is at the 14% peer percentile. | Shop credibility score is 79%. | The listing belongs to an official shop.,Displayed discount is at the 14% peer percentile.,Shop credibility score is 79%.,The listing belongs to an official shop.,vn | Thực phẩm và đồ uống; price pctl 31%; likes pctl 34%; sold-value pctl 60%
vn,vn,108166524,Nestlé Chính hãng,48406531717,Combo 2 hộp Trà Nestea Việt Quất & hoa Atiso đỏ hộp 10 gói x 12 g ,Thực phẩm và đồ uống,Thực phẩm và đồ uống,Cà phê & Trà,88000,88000,12.0,12.0,21,21,267,2000.0,2000.0,2000.0,46.51,Maintain and Monitor,Medium,Shop credibility score is 90%. | Displayed discount is at the 25% peer percentile. | The listing belongs to an official shop.,Shop credibility score is 90%.,Displayed discount is at the 25% peer percentile.,The listing belongs to an official shop.,vn | Thực phẩm và đồ uống; price pctl 36%; likes pctl 31%; sold-value pctl 60%
vn,vn,213989179,Bibica Official Store ,19695891839,"Combo Hộp Bánh Bông Lan Quasure Light Bibica 180g - Giải pháp cho người ăn kiêng, tiểu đường",Thực phẩm và đồ uống,Thực phẩm và đồ uống,Bánh Dinh Dưỡng,151113,151113,21.0,21.0,69,69,152,4000.0,4000.0,5000.0,46.47,Maintain and Monitor,Medium,The listing belongs to an official shop. | Shop credibility score is 75%. | Historical sold-value proxy is at the 74% peer percentile.,The listing belongs to an official shop.,Shop credibility score is 75%.,Historical sold-value proxy is at the 74% peer percentile.,vn | Thực phẩm và đồ uống; price pctl 66%; likes pctl 54%; sold-value pctl 74%
vn,vn,438905996,Richy - Chi nhánh Miền Nam,19479438852,"[TẶNG QUẠT ĐƠN 180K]  Combo 4 túi bánh quy kem dẻo Kenju 186g, Bánh Quy Nougat, Bánh Kẹo Richy",Thực phẩm và đồ uống,Thực phẩm và đồ uống,Kenju- Ngon có gu,160160,160160,20.0,20.0,159,159,286,25.0,25.0,1000.0,46.36,Maintain and Monitor,Medium,Likes are at the 70% peer percentile. | Price is at the 69% country-category percentile. | Engagement exceeds sold-value strength by 16%.,Likes are at the 70% peer percentile.,Price is at the 69% country-category percentile.,Engagement exceeds sold-value strength by 16%.,vn | Thực phẩm và đồ uống; price pctl 69%; likes pctl 70%; sold-value pctl 51%
vn,vn,213989179,Bibica Official Store ,13195531450,"Kẹo Dẻo Zoo Monster Bibica 24g, 96g",Thực phẩm và đồ uống,Thực phẩm và đồ uống,Kẹo Cho Bé,49500,49500,10.0,10.0,57,57,157,340.0,340.0,1000.0,46.17,Maintain and Monitor,Medium,Displayed discount is at the 14% peer percentile. | Price is at the 18% country-category percentile. | The listing belongs to an official shop.,Displayed discount is at the 14% peer percentile.,Price is at the 18% country-category percentile.,The listing belongs to an official shop.,vn | Thực phẩm và đồ uống; price pctl 18%; likes pctl 50%; sold-value pctl 51%
vn,vn,1145316676,Nestlé Health Science,26844738635,[Quà tặng không bán] Lốc 4 Hộp Sữa Pha Sẵn NESTLÉ NUTREN JUNIOR Thụy Sĩ Công Thức BIG Tăng Trưởng 110ML,Mẹ & Bé,Mẹ & Bé,,381800,381800,24.0,24.0,6,6,72,238.0,238.0,250.0,46.14,Maintain and Monitor,Medium,The listing belongs to an official shop. | Displayed discount is at the 34% peer percentile. | Shop credibility score is 64%.,The listing belongs to an official shop.,Displayed discount is at the 34% peer percentile.,Shop credibility score is 64%.,vn | Mẹ & Bé; price pctl 40%; likes pctl 54%; sold-value pctl 51%
vn,vn,289646907,Orion VN Official Store,28292038558,Combo 5 Bánh snack Toonies Dipping Sốt Chấm Phô Mai Cay 57G/Gói,Thực phẩm và đồ uống,Thực phẩm và đồ uống,,81000,81000,10.0,10.0,96,96,120,269.0,269.0,820.0,46.05,Maintain and Monitor,Medium,Displayed discount is at the 14% peer percentile. | Shop credibility score is 79%. | The listing belongs to an official shop.,Displayed discount is at the 14% peer percentile.,Shop credibility score is 79%.,The listing belongs to an official shop.,vn | Thực phẩm và đồ uống; price pctl 32%; likes pctl 60%; sold-value pctl 43%
vn,vn,140360136,Kinh Do Official Store,24297916305,[HỎA TỐC] [CÓ TÚI GIẤY] Hộp Bánh Quy Cosy Tết 2026 Thập Cẩm Vị Socola 315g,Thực phẩm và đồ uống,Thực phẩm và đồ uống,Tất cả sản phẩm,88200,88200,10.0,10.0,60,60,107,874.0,874.0,2000.0,46.03,Maintain and Monitor,Medium,Displayed discount is at the 14% peer percentile. | The listing belongs to an official shop. | Shop credibility score is 74%.,Displayed discount is at the 14% peer percentile.,The listing belongs to an official shop.,Shop credibility score is 74%.,vn | Thực phẩm và đồ uống; price pctl 36%; likes pctl 52%; sold-value pctl 60%
vn,vn,140360136,Kinh Do Official Store,16189882427,"[CÓ TÚI GIẤY] Bánh Quy Bơ Pháp LU Veritable Petit Beurre, Hộp 600G",Thực phẩm và đồ uống,Thực phẩm và đồ uống,Tất cả sản phẩm,285520,285520,17.0,17.0,252,252,155,117.0,117.0,1000.0,46.02,Maintain and Monitor,Medium,Price is at the 84% country-category percentile. | Likes are at the 79% peer percentile. | The listing belongs to an official shop.,Price is at the 84% country-category percentile.,Likes are at the 79% peer percentile.,The listing belongs to an official shop.,vn | Thực phẩm và đồ uống; price pctl 84%; likes pctl 79%; sold-value pctl 51%
vn,vn,213989179,Bibica Official Store ,22458407247,"Combo 5 Hộp Bánh Quy Quasure Light Sữa Bibica 140g - Thực phẩm dành cho người ăn kiêng, tiểu đường",Thực phẩm và đồ uống,Thực phẩm và đồ uống,Bánh Dinh Dưỡng,160380,160380,21.0,21.0,73,73,293,1000.0,1000.0,3000.0,45.96,Maintain and Monitor,Medium,The listing belongs to an official shop. | Shop credibility score is 75%. | Price is at the 69% country-category percentile.,The listing belongs to an official shop.,Shop credibility score is 75%.,Price is at the 69% country-category percentile.,vn | Thực phẩm và đồ uống; price pctl 69%; likes pctl 55%; sold-value pctl 66%
vn,vn,1546895026,Mars Snacking VN,43908659602,Combo 6 Túi Viên Ngậm Không Đường Doublemint Hương Bạc Hà Túi 30 Gói 2 Viên,Thực phẩm và đồ uống,Thực phẩm và đồ uống,Tất cả sản phẩm,145200,145200,19.0,19.0,82,82,281,173.0,173.0,1000.0,45.85,Maintain and Monitor,Medium,Shop credibility score is 83%. | The listing belongs to an official shop. | Price is at the 65% country-category percentile.,Shop credibility score is 83%.,The listing belongs to an official shop.,Price is at the 65% country-category percentile.,vn | Thực phẩm và đồ uống; price pctl 65%; likes pctl 58%; sold-value pctl 51%
vn,vn,140360136,Kinh Do Official Store,29266899298,[HỎA TỐC] Combo 2 Hộp Bánh Bông Lan Solite Tết 2026 Cuộn Kem Vị Lá Dứa & Vị Dâu 324g,Thực phẩm và đồ uống,Thực phẩm và đồ uống,Tất cả sản phẩm,174000,174000,13.0,13.0,125,125,213,370.0,370.0,1000.0,45.78,Maintain and Monitor,Medium,The listing belongs to an official shop. | Shop credibility score is 74%. | Price is at the 74% country-category percentile.,The listing belongs to an official shop.,Shop credibility score is 74%.,Price is at the 74% country-category percentile.,vn | Thực phẩm và đồ uống; price pctl 74%; likes pctl 66%; sold-value pctl 51%
vn,vn,140360136,Kinh Do Official Store,48800384019,[HỎA TỐC] Combo 2 Hộp Thiếc Bánh Quy Cosy Tết 2026 Thập Cẩm Sôcôla 135g,Thực phẩm và đồ uống,Thực phẩm và đồ uống,Kinh Đô Tết 2026,124200,124200,10.0,10.0,110,110,147,2.0,2.0,1000.0,45.69,Maintain and Monitor,Medium,Displayed discount is at the 14% peer percentile. | The listing belongs to an official shop. | Shop credibility score is 74%.,Displayed discount is at the 14% peer percentile.,The listing belongs to an official shop.,Shop credibility score is 74%.,vn | Thực phẩm và đồ uống; price pctl 51%; likes pctl 63%; sold-value pctl 51%
vn,vn,1145316676,Nestlé Health Science,29026023897,(Quà Tặng Không Bán) Chảo Chống Dính,Nhà cửa & Đời sống,Nhà cửa & Đời sống,,381800,381800,24.0,24.0,0,0,199,16.0,16.0,1000.0,45.54,Maintain and Monitor,Medium,Displayed discount is at the 100% peer percentile. | Historical sold-value proxy is at the 83% peer percentile. | The listing belongs to an official shop.,Displayed discount is at the 100% peer percentile.,Historical sold-value proxy is at the 83% peer percentile.,The listing belongs to an official shop.,vn | Nhà cửa & Đời sống; price pctl 67%; likes pctl 33%; sold-value pctl 83%
vn,vn,213989179,Bibica Official Store ,24636392053,Kẹo Cứng Migita Bibica 400g Vị Gừng Ấm Hoặc Vị Me Chua Ngọt Thơm Ngon,Thực phẩm và đồ uống,Thực phẩm và đồ uống,Kẹo Ăn Vặt,42560,42560,5.0,5.0,32,32,160,293.0,293.0,1000.0,45.27,Maintain and Monitor,Medium,Displayed discount is at the 6% peer percentile. | Price is at the 10% country-category percentile. | The listing belongs to an official shop.,Displayed discount is at the 6% peer percentile.,Price is at the 10% country-category percentile.,The listing belongs to an official shop.,vn | Thực phẩm và đồ uống; price pctl 10%; likes pctl 38%; sold-value pctl 51%
vn,vn,173513432,Richy - Chi Nhánh Miền Bắc,29286722160,[Tặng Quạt Đơn 180k] Bánh Quy Kenju Richy Vị Tôm Giòn Rụm Túi 192g,Thực phẩm và đồ uống,Thực phẩm và đồ uống,,48000,48000,20.0,20.0,72,72,153,285.0,285.0,1000.0,45.08,Maintain and Monitor,Medium,Price is at the 17% country-category percentile. | Shop credibility score is 64%. | Displayed discount is at the 59% peer percentile.,Price is at the 17% country-category percentile.,Shop credibility score is 64%.,Displayed discount is at the 59% peer percentile.,vn | Thực phẩm và đồ uống; price pctl 17%; likes pctl 55%; sold-value pctl 51%
vn,vn,108166524,Nestlé Chính hãng,41228927414,Combo 2 hộp Thực phẩm bổ sung trà Nestea vị chanh hộp 16 gói x 12 g,Thực phẩm và đồ uống,Thực phẩm và đồ uống,Cà phê & Trà,75600,75600,20.0,20.0,58,58,136,356.0,356.0,1000.0,44.81,Maintain and Monitor,Medium,Shop credibility score is 90%. | The listing belongs to an official shop. | Price is at the 30% country-category percentile.,Shop credibility score is 90%.,The listing belongs to an official shop.,Price is at the 30% country-category percentile.,vn | Thực phẩm và đồ uống; price pctl 30%; likes pctl 50%; sold-value pctl 51%
vn,vn,213989179,Bibica Official Store ,22083886408,Combo 5 Hộp Bánh Bông Lan Quasure Light Dâu Bibica 126g,Thực phẩm và đồ uống,Thực phẩm và đồ uống,Bánh Dinh Dưỡng,173844,173844,21.0,21.0,40,40,152,5000.0,5000.0,6000.0,44.78,Maintain and Monitor,Medium,Historical sold-value proxy is at the 76% peer percentile. | The listing belongs to an official shop. | Shop credibility score is 75%.,Historical sold-value proxy is at the 76% peer percentile.,The listing belongs to an official shop.,Shop credibility score is 75%.,vn | Thực phẩm và đồ uống; price pctl 74%; likes pctl 44%; sold-value pctl 76%
vn,vn,213989179,Bibica Official Store ,40751619456,Combo Hộp Quà Kẹo Thạch Zoo Bibica Dễ Thương Cho Trẻ Em Tiệc Sinh Nhật Liên Hoan Lớp,Thực phẩm và đồ uống,Thực phẩm và đồ uống,Kẹo Cho Bé,45000,45000,26.0,26.0,80,80,116,26.0,26.0,516.0,44.73,Maintain and Monitor,Medium,Price is at the 12% country-category percentile. | Displayed discount is at the 76% peer percentile. | The listing belongs to an official shop.,Price is at the 12% country-category percentile.,Displayed discount is at the 76% peer percentile.,The listing belongs to an official shop.,vn | Thực phẩm và đồ uống; price pctl 12%; likes pctl 57%; sold-value pctl 36%
vn,vn,289646907,Orion VN Official Store,22327681194,Combo 2 Hộp 12 gói Bánh Chocopie vị Dưa Hấu (336g),Thực phẩm và đồ uống,Thực phẩm và đồ uống,CHOCOPIE,124200,124200,10.0,10.0,58,58,197,613.0,613.0,1000.0,44.65,Maintain and Monitor,Medium,Displayed discount is at the 14% peer percentile. | Shop credibility score is 79%. | The listing belongs to an official shop.,Displayed discount is at the 14% peer percentile.,Shop credibility score is 79%.,The listing belongs to an official shop.,vn | Thực phẩm và đồ uống; price pctl 51%; likes pctl 50%; sold-value pctl 51%
vn,vn,213989179,Bibica Official Store ,26162211788,Kẹo Trái Cây Nhân Tứ Quý Bibica 400g,Thực phẩm và đồ uống,Thực phẩm và đồ uống,,41705,41705,5.0,5.0,28,28,140,385.0,385.0,1000.0,44.55,Maintain and Monitor,Medium,Displayed discount is at the 6% peer percentile. | Price is at the 9% country-category percentile. | The listing belongs to an official shop.,Displayed discount is at the 6% peer percentile.,Price is at the 9% country-category percentile.,The listing belongs to an official shop.,vn | Thực phẩm và đồ uống; price pctl 9%; likes pctl 36%; sold-value pctl 51%
vn,vn,108166524,Nestlé Chính hãng,55454127534,Combo 3 Hộp Cà phê Hòa tan NESCAFÉ CAFÉ SỮA ĐÁ 10 gói Nhân đôi sánh quyện,Thực phẩm và đồ uống,Thực phẩm và đồ uống,Cà phê & Trà,158400,158400,12.0,12.0,89,89,163,89.0,89.0,698.0,44.46,Maintain and Monitor,Medium,Shop credibility score is 90%. | Displayed discount is at the 25% peer percentile. | The listing belongs to an official shop.,Shop credibility score is 90%.,Displayed discount is at the 25% peer percentile.,The listing belongs to an official shop.,vn | Thực phẩm và đồ uống; price pctl 68%; likes pctl 60%; sold-value pctl 40%
vn,vn,213989179,Bibica Official Store ,29802924380,Thạch Dừa Zoo - Soda Trái Cây Bibica các loại 300g/990g,Thực phẩm và đồ uống,Thực phẩm và đồ uống,Kẹo Cho Bé,46550,46550,5.0,5.0,46,46,86,430.0,430.0,1000.0,44.44,Maintain and Monitor,Medium,Displayed discount is at the 6% peer percentile. | Price is at the 14% country-category percentile. | The listing belongs to an official shop.,Displayed discount is at the 6% peer percentile.,Price is at the 14% country-category percentile.,The listing belongs to an official shop.,vn | Thực phẩm và đồ uống; price pctl 14%; likes pctl 46%; sold-value pctl 51%
vn,vn,1546895026,Mars Snacking VN,26437445927,Combo 30 gói kẹo Skittles vị chua 15g x 30 (1 hộp x 30 gói),Thực phẩm và đồ uống,Thực phẩm và đồ uống,Tất cả sản phẩm,126900,126900,15.0,15.0,60,60,104,1000.0,1000.0,2000.0,44.39,Maintain and Monitor,Medium,Shop credibility score is 83%. | The listing belongs to an official shop. | Displayed discount is at the 35% peer percentile.,Shop credibility score is 83%.,The listing belongs to an official shop.,Displayed discount is at the 35% peer percentile.,vn | Thực phẩm và đồ uống; price pctl 53%; likes pctl 52%; sold-value pctl 60%
vn,vn,289646907,Orion VN Official Store,41712379566,Combo 8 Hộp bánh Cá Marine Boy Orion vị Tôm Nướng Môi Đỏ 35g/hộp,Thực phẩm và đồ uống,Thực phẩm và đồ uống,Cuồng nhiệt Bóng Đá 2026,108000,108000,10.0,10.0,63,63,151,319.0,319.0,1000.0,44.32,Maintain and Monitor,Medium,Displayed discount is at the 14% peer percentile. | Shop credibility score is 79%. | The listing belongs to an official shop.,Displayed discount is at the 14% peer percentile.,Shop credibility score is 79%.,The listing belongs to an official shop.,vn | Thực phẩm và đồ uống; price pctl 45%; likes pctl 52%; sold-value pctl 51%
vn,vn,1546895026,Mars Snacking VN,45653530450,Túi kẹo Sôcôla nhân đậu phộng Snickers MINIs 80g (8 thanh x 10g),Thực phẩm và đồ uống,Thực phẩm và đồ uống,Tất cả sản phẩm,51300,51300,12.0,12.0,84,84,70,113.0,113.0,452.0,44.3,Maintain and Monitor,Medium,Shop credibility score is 83%. | Price is at the 19% country-category percentile. | Displayed discount is at the 25% peer percentile.,Shop credibility score is 83%.,Price is at the 19% country-category percentile.,Displayed discount is at the 25% peer percentile.,vn | Thực phẩm và đồ uống; price pctl 19%; likes pctl 58%; sold-value pctl 33%
vn,vn,1145316676,Nestlé Health Science,53306094941,Bộ 2 Lốc 4 Hộp Sữa Pha Sẵn NESTLÉ NUTREN JUNIOR Thụy Sĩ Công Thức BIG Tăng Trưởng 110ML,Mẹ & Bé,Mẹ & Bé,ƯU ĐÃI THÁNG 6 - DEAL VÀNG RỘN RÀNG,130824,130824,37.0,37.0,8,8,14,45.0,45.0,139.0,44.29,Maintain and Monitor,Medium,Price is at the 6% country-category percentile. | The listing belongs to an official shop. | Displayed discount is at the 68% peer percentile.,Price is at the 6% country-category percentile.,The listing belongs to an official shop.,Displayed discount is at the 68% peer percentile.,vn | Mẹ & Bé; price pctl 6%; likes pctl 63%; sold-value pctl 39%
vn,vn,108166524,Nestlé Chính hãng,47055534935,[CÔNG THỨC CẢI TIẾN] Túi Cà phê Hòa tan NESCAFÉ VỊ NGUYÊN BẢN 80 gói - Đậm thơm hài hòa,Thực phẩm và đồ uống,Thực phẩm và đồ uống,Cà phê & Trà,275560,275560,18.0,18.0,75,75,161,2000.0,2000.0,2000.0,43.75,Maintain and Monitor,Medium,Shop credibility score is 90%. | Price is at the 84% country-category percentile. | The listing belongs to an official shop.,Shop credibility score is 90%.,Price is at the 84% country-category percentile.,The listing belongs to an official shop.,vn | Thực phẩm và đồ uống; price pctl 84%; likes pctl 56%; sold-value pctl 60%
vn,vn,1546895026,Mars Snacking VN,51209278351,"[MỚI RA MẮT] Combo 6 Hũ Kẹo Sing-gum Cool Air Hương Bạc hà siêu the mát (6 hũ x 55,4g)",Thực phẩm và đồ uống,Thực phẩm và đồ uống,Tất cả sản phẩm,137526,137526,18.0,18.0,31,31,537,1000.0,1000.0,1000.0,43.74,Maintain and Monitor,Medium,Shop credibility score is 83%. | The listing belongs to an official shop. | Likes are at the 37% peer percentile.,Shop credibility score is 83%.,The listing belongs to an official shop.,Likes are at the 37% peer percentile.,vn | Thực phẩm và đồ uống; price pctl 61%; likes pctl 37%; sold-value pctl 51%
vn,vn,1546895026,Mars Snacking VN,40953958491,Combo 4 Kẹo Sing-Gum Cool Air Fresh Cube - Hương Bạc Hà 40g,Thực phẩm và đồ uống,Thực phẩm và đồ uống,Tất cả sản phẩm,126000,126000,17.0,17.0,72,72,148,99.0,99.0,1000.0,43.69,Maintain and Monitor,Medium,Shop credibility score is 83%. | The listing belongs to an official shop. | Displayed discount is at the 40% peer percentile.,Shop credibility score is 83%.,The listing belongs to an official shop.,Displayed discount is at the 40% peer percentile.,vn | Thực phẩm và đồ uống; price pctl 52%; likes pctl 55%; sold-value pctl 51%
vn,vn,430972539,Perfetti Van Melle Vietnam,28985249725,Kẹo dẻo Dài - Xoắn Chupa Chups Hươu Cao Cổ có nhân hương Trái cây/ Dâu - Vani (Hộp 12 thanh),Thực phẩm và đồ uống,Thực phẩm và đồ uống,Kẹo dẻo,159280,159280,26.0,26.0,126,126,119,476.0,476.0,909.0,43.67,Maintain and Monitor,Medium,Shop credibility score is 94%. | Displayed discount is at the 76% peer percentile. | The listing belongs to an official shop.,Shop credibility score is 94%.,Displayed discount is at the 76% peer percentile.,The listing belongs to an official shop.,vn | Thực phẩm và đồ uống; price pctl 69%; likes pctl 66%; sold-value pctl 44%
vn,vn,173513432,Richy - Chi Nhánh Miền Bắc,3100009305,"[Mua 3 Tặng 1, Mua 6 Tặng 2,...] Combo 2-3 Khay Bánh Richy Peppie 360g Vị Vani Cốm, Vị Lá Dứa & Vị Dừa",Thực phẩm và đồ uống,Thực phẩm và đồ uống,SIÊU SALE MUA 1 TẶNG 1,133760,133760,26.0,26.0,104,104,234,77.0,77.0,756.0,43.61,Maintain and Monitor,Medium,Displayed discount is at the 76% peer percentile. | Engagement exceeds sold-value strength by 19%. | Shop credibility score is 64%.,Displayed discount is at the 76% peer percentile.,Engagement exceeds sold-value strength by 19%.,Shop credibility score is 64%.,vn | Thực phẩm và đồ uống; price pctl 59%; likes pctl 61%; sold-value pctl 42%
vn,vn,289646907,Orion VN Official Store,43472615588,[LIVESTREAM] Combo 2 Hộp 12 Gói Bánh ChocoPie Giảm Đường (360g),Thực phẩm và đồ uống,Thực phẩm và đồ uống,,132000,132000,12.0,12.0,47,47,121,1000.0,1000.0,2000.0,43.58,Maintain and Monitor,Medium,Shop credibility score is 79%. | Displayed discount is at the 25% peer percentile. | The listing belongs to an official shop.,Shop credibility score is 79%.,Displayed discount is at the 25% peer percentile.,The listing belongs to an official shop.,vn | Thực phẩm và đồ uống; price pctl 57%; likes pctl 46%; sold-value pctl 60%
vn,vn,438905996,Richy - Chi nhánh Miền Nam,20477673172,[HCM | MUA 3 TĂNG 1]  Tổng 4 gói bánh gạo Hàn Quốc Jinju Richy vị cốm sữa ganjang mật ong và bò nướng tiêu,Thực phẩm và đồ uống,Thực phẩm và đồ uống,"Jinju – Bánh gạo giòn, ngon",81000,81000,33.0,33.0,79,79,181,15.0,15.0,749.0,43.55,Maintain and Monitor,Medium,Displayed discount is at the 86% peer percentile. | Price is at the 32% country-category percentile. | Engagement exceeds sold-value strength by 15%.,Displayed discount is at the 86% peer percentile.,Price is at the 32% country-category percentile.,Engagement exceeds sold-value strength by 15%.,vn | Thực phẩm và đồ uống; price pctl 32%; likes pctl 57%; sold-value pctl 42%
vn,vn,140360136,Kinh Do Official Store,28243290319,[HỎA TỐC] [CÓ TÚI GIẤY] Hộp Thiếc Bánh Quy Cosy Tết 2026 Bơ Vị Vani & Marie 408g,Thực phẩm và đồ uống,Thực phẩm và đồ uống,Tất cả sản phẩm,157470,157470,13.0,13.0,152,152,104,44.0,44.0,883.0,43.45,Maintain and Monitor,Medium,The listing belongs to an official shop. | Shop credibility score is 74%. | Displayed discount is at the 29% peer percentile.,The listing belongs to an official shop.,Shop credibility score is 74%.,Displayed discount is at the 29% peer percentile.,vn | Thực phẩm và đồ uống; price pctl 67%; likes pctl 69%; sold-value pctl 43%
vn,vn,213989179,Bibica Official Store ,43001613157,Combo Kẹo Dẻo Zoo Bibica Sâu Kỳ Thú Mềm Dẻo Hương Trái Cây Mix Vị,Thực phẩm và đồ uống,Thực phẩm và đồ uống,Kẹo Cho Bé,51840,51840,19.0,19.0,51,51,132,384.0,384.0,998.0,43.45,Maintain and Monitor,Medium,Price is at the 20% country-category percentile. | The listing belongs to an official shop. | Shop credibility score is 75%.,Price is at the 20% country-category percentile.,The listing belongs to an official shop.,Shop credibility score is 75%.,vn | Thực phẩm và đồ uống; price pctl 20%; likes pctl 48%; sold-value pctl 45%
vn,vn,1145316676,Nestlé Health Science,25584202984,[Quà tặng không bán] Set đồ gấp gọn kèm khăn,Văn Phòng Phẩm,Văn Phòng Phẩm,,381800,381800,24.0,24.0,1,1,81,236.0,236.0,405.0,43.44,Maintain and Monitor,Medium,Displayed discount is at the 100% peer percentile. | The listing belongs to an official shop. | Price is at the 25% country-category percentile.,Displayed discount is at the 100% peer percentile.,The listing belongs to an official shop.,Price is at the 25% country-category percentile.,vn | Văn Phòng Phẩm; price pctl 25%; likes pctl 62%; sold-value pctl 33%
vn,vn,173513432,Richy - Chi Nhánh Miền Bắc,40662233042,[Quà Tặng Đơn 129k] Combo 6 Bánh Tươi Karo Richy 2 Vị - HSD 45 Ngày,Thực phẩm và đồ uống,Thực phẩm và đồ uống,,178640,178640,40.0,40.0,60,60,134,5000.0,5000.0,6000.0,43.38,Maintain and Monitor,Medium,Displayed discount is at the 95% peer percentile. | Historical sold-value proxy is at the 76% peer percentile. | Price is at the 75% country-category percentile.,Displayed discount is at the 95% peer percentile.,Historical sold-value proxy is at the 76% peer percentile.,Price is at the 75% country-category percentile.,vn | Thực phẩm và đồ uống; price pctl 75%; likes pctl 52%; sold-value pctl 76%
vn,vn,289646907,Orion VN Official Store,41670882461,Combo 5 Túi Bánh Con Cá Bống Bang Nhân MOCHI CỐM Đậu Đỏ (145G/Gói),Thực phẩm và đồ uống,Thực phẩm và đồ uống,BÁNH ĂN SÁNG C'EST BON,171600,171600,12.0,12.0,77,77,102,2000.0,2000.0,2000.0,43.14,Maintain and Monitor,Medium,Shop credibility score is 79%. | Displayed discount is at the 25% peer percentile. | The listing belongs to an official shop.,Shop credibility score is 79%.,Displayed discount is at the 25% peer percentile.,The listing belongs to an official shop.,vn | Thực phẩm và đồ uống; price pctl 73%; likes pctl 57%; sold-value pctl 60%
vn,vn,1546895026,Mars Snacking VN,41903964068,Combo 4 Kẹo Sing-Gum Cool Air Fresh Cube Lemon - Hương Chanh 40g,Thực phẩm và đồ uống,Thực phẩm và đồ uống,Tất cả sản phẩm,131400,131400,14.0,14.0,76,76,115,1000.0,1000.0,1000.0,42.92,Maintain and Monitor,Medium,Shop credibility score is 83%. | The listing belongs to an official shop. | Displayed discount is at the 32% peer percentile.,Shop credibility score is 83%.,The listing belongs to an official shop.,Displayed discount is at the 32% peer percentile.,vn | Thực phẩm và đồ uống; price pctl 56%; likes pctl 57%; sold-value pctl 51%
vn,vn,438905996,Richy - Chi nhánh Miền Nam,43357596628,"[Tặng quà đơn 129k]Combo 2-3 bịch Bánh Karo Gấu nhân phô mai béo ngậy, HSD 45 ngày - cân nhắc khi đặt SLL",Thực phẩm và đồ uống,Thực phẩm và đồ uống,Karo – Bánh tươi năng lượng,46000,46000,23.0,23.0,50,50,180,83.0,83.0,403.0,42.88,Maintain and Monitor,Medium,Price is at the 14% country-category percentile. | Engagement exceeds sold-value strength by 20%. | Displayed discount is at the 68% peer percentile.,Price is at the 14% country-category percentile.,Engagement exceeds sold-value strength by 20%.,Displayed discount is at the 68% peer percentile.,vn | Thực phẩm và đồ uống; price pctl 14%; likes pctl 48%; sold-value pctl 32%
vn,vn,140360136,Kinh Do Official Store,29537868294,Combo 2 Lon Bánh Lát Snack Khoai Tây Slide Vị Sò Điệp 145g,Thực phẩm và đồ uống,Thực phẩm và đồ uống,Tất cả sản phẩm,95400,95400,10.0,10.0,88,88,86,114.0,114.0,492.0,42.68,Maintain and Monitor,Medium,Displayed discount is at the 14% peer percentile. | The listing belongs to an official shop. | Shop credibility score is 74%.,Displayed discount is at the 14% peer percentile.,The listing belongs to an official shop.,Shop credibility score is 74%.,vn | Thực phẩm và đồ uống; price pctl 40%; likes pctl 60%; sold-value pctl 34%
vn,vn,289646907,Orion VN Official Store,24828115965,Combo 3 túi Bánh Gạo Nướng Orion An Vừng 115.2g,Thực phẩm và đồ uống,Thực phẩm và đồ uống,BÁNH GẠO AN - BÁNH GẠO CHO CẢ GIA ĐÌNH,78300,78300,10.0,10.0,20,20,186,195.0,195.0,1000.0,42.67,Maintain and Monitor,Medium,Displayed discount is at the 14% peer percentile. | Shop credibility score is 79%. | The listing belongs to an official shop.,Displayed discount is at the 14% peer percentile.,Shop credibility score is 79%.,The listing belongs to an official shop.,vn | Thực phẩm và đồ uống; price pctl 31%; likes pctl 30%; sold-value pctl 51%
vn,vn,108166524,Nestlé Chính hãng,55952428549,Hộp Cà phê Hòa tan NESCAFÉ CAFÉ VIỆT 15 gói Vị Mạnh đặc trưng,Thực phẩm và đồ uống,Thực phẩm và đồ uống,Cà phê & Trà,74800,74800,23.0,23.0,75,75,33,1000.0,1000.0,1000.0,42.52,Maintain and Monitor,Medium,Shop credibility score is 90%. | The listing belongs to an official shop. | Price is at the 30% country-category percentile.,Shop credibility score is 90%.,The listing belongs to an official shop.,Price is at the 30% country-category percentile.,vn | Thực phẩm và đồ uống; price pctl 30%; likes pctl 56%; sold-value pctl 51%
vn,vn,140360136,Kinh Do Official Store,57801391961,Bánh Quy Bơ Thập Cẩm Công Thức Pháp LU Hộp 180g/320g/540g/600g/720g - LIVE HANNAH,Thực phẩm và đồ uống,Thực phẩm và đồ uống,Tất cả sản phẩm,285520,285520,17.0,17.0,73,73,184,125.0,125.0,2000.0,42.5,Maintain and Monitor,Medium,Price is at the 84% country-category percentile. | The listing belongs to an official shop. | Shop credibility score is 74%.,Price is at the 84% country-category percentile.,The listing belongs to an official shop.,Shop credibility score is 74%.,vn | Thực phẩm và đồ uống; price pctl 84%; likes pctl 55%; sold-value pctl 60%
vn,vn,213989179,Bibica Official Store ,20385889396,Combo 3 Bánh Gooka Cracker Nougat Filling Vị Tảo Biển Bibica,Thực phẩm và đồ uống,Thực phẩm và đồ uống,Bánh Ăn Vặt,53946,53946,19.0,19.0,54,54,116,13.0,13.0,548.0,42.34,Maintain and Monitor,Medium,Price is at the 21% country-category percentile. | The listing belongs to an official shop. | Shop credibility score is 75%.,Price is at the 21% country-category percentile.,The listing belongs to an official shop.,Shop credibility score is 75%.,vn | Thực phẩm và đồ uống; price pctl 21%; likes pctl 49%; sold-value pctl 36%
vn,vn,1145316676,Nestlé Health Science,28818600640,[Quà tặng không bán] Hộp tô màu,Sức Khỏe,Sức Khỏe,,622500,622500,22.0,22.0,2,2,61,90.0,90.0,579.0,42.02,Maintain and Monitor,Medium,Likes are at the 9% peer percentile. | Displayed discount is at the 9% peer percentile. | Price is at the 18% country-category percentile.,Likes are at the 9% peer percentile.,Displayed discount is at the 9% peer percentile.,Price is at the 18% country-category percentile.,vn | Sức Khỏe; price pctl 18%; likes pctl 9%; sold-value pctl 57%
vn,vn,173513432,Richy - Chi Nhánh Miền Bắc,28993550912,"[Mua 1 Tặng 1, Mua 2 Tặng 2,...] Combo 2 Hộp/Túi Kẹo Dẻo Vị Trái Cây Richy 4D Fruit Gummy 2 Vị Xoài & Đào",Thực phẩm và đồ uống,Thực phẩm và đồ uống,,132000,132000,34.0,34.0,110,110,143,346.0,346.0,1000.0,41.97,Maintain and Monitor,Medium,Displayed discount is at the 88% peer percentile. | Shop credibility score is 64%. | Likes are at the 63% peer percentile.,Displayed discount is at the 88% peer percentile.,Shop credibility score is 64%.,Likes are at the 63% peer percentile.,vn | Thực phẩm và đồ uống; price pctl 57%; likes pctl 63%; sold-value pctl 51%
vn,vn,1145316676,Nestlé Health Science,25811942299,Bộ 2 Sữa Bột NESTLÉ BOOST OPTIMUM Singapore Bổ Sung Dinh Dưỡng Cho Người Lớn Tuổi 800G,Thực phẩm và đồ uống,Thực phẩm và đồ uống,BOOST OPTIMUM - QUÀ TẶNG NGƯỜI CAO TUỔI,1235904,1235904,35.0,35.0,161,161,231,220.0,220.0,1000.0,41.95,Maintain and Monitor,Medium,Price is at the 99% country-category percentile. | Displayed discount is at the 90% peer percentile. | The listing belongs to an official shop.,Price is at the 99% country-category percentile.,Displayed discount is at the 90% peer percentile.,The listing belongs to an official shop.,vn | Thực phẩm và đồ uống; price pctl 99%; likes pctl 71%; sold-value pctl 51%
vn,vn,438905996,Richy - Chi nhánh Miền Nam,43357600879,"[TẶNG  QUÀ ĐƠN TỪ 129K]Combo 4 bịch bánh Karo Gấu chà bông nhân phô mai béo ngậy, HSD 45 ngày - cân nhắc khi đặt SLL",Thực phẩm và đồ uống,Thực phẩm và đồ uống,Karo – Bánh tươi năng lượng,46000,46000,23.0,23.0,58,58,68,1000.0,1000.0,1000.0,41.94,Maintain and Monitor,Medium,Price is at the 14% country-category percentile. | Displayed discount is at the 68% peer percentile. | Shop credibility score is 62%.,Price is at the 14% country-category percentile.,Displayed discount is at the 68% peer percentile.,Shop credibility score is 62%.,vn | Thực phẩm và đồ uống; price pctl 14%; likes pctl 50%; sold-value pctl 51%
vn,vn,108166524,Nestlé Chính hãng,43677750849,[CÔNG THỨC CẢI TIẾN] Combo 4 hộp Cà phê Hòa tan NESCAFÉ VỊ NGUYÊN BẢN 20 gói - Đậm thơm hài hòa,Thực phẩm và đồ uống,Thực phẩm và đồ uống,Cà phê & Trà,316230,316230,21.0,21.0,66,66,64,3000.0,3000.0,3000.0,41.89,Maintain and Monitor,Medium,Shop credibility score is 90%. | Price is at the 86% country-category percentile. | The listing belongs to an official shop.,Shop credibility score is 90%.,Price is at the 86% country-category percentile.,The listing belongs to an official shop.,vn | Thực phẩm và đồ uống; price pctl 86%; likes pctl 53%; sold-value pctl 66%
vn,vn,438905996,Richy - Chi nhánh Miền Nam,24700119875,[MUA 3 TẶNG 1 QUAT] Combo 3 túi bánh yến mạch Oatmeal Richy 220g- 250g,Thực phẩm và đồ uống,Thực phẩm và đồ uống,Yến mạch – Healthy mỗi ngày,136400,136400,32.0,32.0,33,33,1003,97.0,97.0,249.0,41.81,Maintain and Monitor,Medium,Displayed discount is at the 84% peer percentile. | Engagement exceeds sold-value strength by 34%. | Historical sold-value proxy is at the 27% peer percentile.,Displayed discount is at the 84% peer percentile.,Engagement exceeds sold-value strength by 34%.,Historical sold-value proxy is at the 27% peer percentile.,vn | Thực phẩm và đồ uống; price pctl 60%; likes pctl 39%; sold-value pctl 27%
vn,vn,464391416,Bánh Kẹo Hải Hà - Chính hãng,4292568126,Kẹo Socola Viên Sofee Hải Hà (Túi: 250g),Thực phẩm và đồ uống,Thực phẩm và đồ uống,BST KẸO HẢI HÀ,35000,35000,0.0,0.0,97,97,36,,,266.0,41.65,Maintain and Monitor,Medium,Displayed discount is at the 2% peer percentile. | Price is at the 6% country-category percentile. | Historical sold-value proxy is at the 28% peer percentile.,Displayed discount is at the 2% peer percentile.,Price is at the 6% country-category percentile.,Historical sold-value proxy is at the 28% peer percentile.,vn | Thực phẩm và đồ uống; price pctl 6%; likes pctl 61%; sold-value pctl 28%
vn,vn,108166524,Nestlé Chính hãng,54952020709,[Tặng Ca đá Nescafé] Combo 4 Hộp Cà phê Hòa tan NESCAFÉ CAFÉ SỮA ĐÁ 10 gói Nhân đôi sánh quyện,Thực phẩm và đồ uống,Thực phẩm và đồ uống,Cà phê & Trà,206800,206800,12.0,12.0,15,15,303,2000.0,2000.0,2000.0,41.61,Maintain and Monitor,Medium,Shop credibility score is 90%. | Price is at the 78% country-category percentile. | Likes are at the 25% peer percentile.,Shop credibility score is 90%.,Price is at the 78% country-category percentile.,Likes are at the 25% peer percentile.,vn | Thực phẩm và đồ uống; price pctl 78%; likes pctl 25%; sold-value pctl 60%
vn,vn,1145316676,Nestlé Health Science,56654032383,[Quà tặng không bán] Lều du lịch cho bé,Mẹ & Bé,Mẹ & Bé,,381800,381800,24.0,24.0,5,5,28,32.0,32.0,217.0,41.52,Maintain and Monitor,Medium,The listing belongs to an official shop. | Displayed discount is at the 34% peer percentile. | Shop credibility score is 64%.,The listing belongs to an official shop.,Displayed discount is at the 34% peer percentile.,Shop credibility score is 64%.,vn | Mẹ & Bé; price pctl 40%; likes pctl 51%; sold-value pctl 47%
vn,vn,1145316676,Nestlé Health Science,56510469171,[Quà tặng không bán] Bàn đa năng kèm đồ chơi lắp ráp NESTLÉ,Mẹ & Bé,Mẹ & Bé,,381800,381800,24.0,24.0,2,2,58,201.0,201.0,205.0,41.47,Maintain and Monitor,Medium,The listing belongs to an official shop. | Displayed discount is at the 34% peer percentile. | Shop credibility score is 64%.,The listing belongs to an official shop.,Displayed discount is at the 34% peer percentile.,Shop credibility score is 64%.,vn | Mẹ & Bé; price pctl 40%; likes pctl 40%; sold-value pctl 43%
vn,vn,1546895026,Mars Snacking VN,43354002232,Combo 4 Túi Kẹo Candy Sing-Gum Cool Air Hương Bạc Hà - Khuynh Diệp 50 Gói 2 Viên,Thực phẩm và đồ uống,Thực phẩm và đồ uống,Tất cả sản phẩm,164560,164560,18.0,18.0,37,37,64,2000.0,2000.0,3000.0,41.43,Maintain and Monitor,Medium,Shop credibility score is 83%. | The listing belongs to an official shop. | Price is at the 70% country-category percentile.,Shop credibility score is 83%.,The listing belongs to an official shop.,Price is at the 70% country-category percentile.,vn | Thực phẩm và đồ uống; price pctl 70%; likes pctl 42%; sold-value pctl 66%
vn,vn,1546895026,Mars Snacking VN,40256222778,[Quà tặng không bán] Kẹo sô cô la M&M'S gói 14.5g,Thực phẩm và đồ uống,Thực phẩm và đồ uống,,805100,805100,19.0,19.0,5,5,290,5000.0,5000.0,7000.0,41.42,Maintain and Monitor,Medium,Price is at the 97% country-category percentile. | Likes are at the 14% peer percentile. | Shop credibility score is 83%.,Price is at the 97% country-category percentile.,Likes are at the 14% peer percentile.,Shop credibility score is 83%.,vn | Thực phẩm và đồ uống; price pctl 97%; likes pctl 14%; sold-value pctl 78%
vn,vn,213989179,Bibica Official Store ,28433505734,Combo 2 Kẹo Mút Sữa Sumika Bibica 135g,Thực phẩm và đồ uống,Thực phẩm và đồ uống,Kẹo Ăn Vặt,46656,46656,19.0,19.0,24,24,93,869.0,869.0,1000.0,41.41,Maintain and Monitor,Medium,Price is at the 14% country-category percentile. | The listing belongs to an official shop. | Shop credibility score is 75%.,Price is at the 14% country-category percentile.,The listing belongs to an official shop.,Shop credibility score is 75%.,vn | Thực phẩm và đồ uống; price pctl 14%; likes pctl 33%; sold-value pctl 51%
vn,vn,173513432,Richy - Chi Nhánh Miền Bắc,28483011477,[Quà Tặng Đơn 129K] Combo 3 Túi Bánh Mì Sandwich Khoai Tây Fresta - HSD 20 Ngày Kể Từ NSX,Thực phẩm và đồ uống,Thực phẩm và đồ uống,,26000,26000,13.0,13.0,61,61,55,28.0,28.0,358.0,41.33,Maintain and Monitor,Medium,Price is at the 3% country-category percentile. | Displayed discount is at the 29% peer percentile. | Historical sold-value proxy is at the 31% peer percentile.,Price is at the 3% country-category percentile.,Displayed discount is at the 29% peer percentile.,Historical sold-value proxy is at the 31% peer percentile.,vn | Thực phẩm và đồ uống; price pctl 3%; likes pctl 52%; sold-value pctl 31%
vn,vn,213989179,Bibica Official Store ,44101565136,Bánh Hura Sandwich Chà Bông Xốt Vị BBQ / Tảo Biển Bibica 156g - Bánh ăn sáng dinh dưỡng siêu ngon & tiện lợi,Thực phẩm và đồ uống,Thực phẩm và đồ uống,Bánh Ăn Sáng,39188,39188,5.0,5.0,34,34,77,284.0,284.0,700.0,41.17,Maintain and Monitor,Medium,Displayed discount is at the 6% peer percentile. | Price is at the 8% country-category percentile. | The listing belongs to an official shop.,Displayed discount is at the 6% peer percentile.,Price is at the 8% country-category percentile.,The listing belongs to an official shop.,vn | Thực phẩm và đồ uống; price pctl 8%; likes pctl 40%; sold-value pctl 40%
vn,vn,438905996,Richy - Chi nhánh Miền Nam,22462828294,"[TẶNG QUẠT ĐƠN 180K]  Combo bánh quy Kenju nhiều vị, Kenju rau củ/ vị tôm,kem dẻo hành, chà bông",Thực phẩm và đồ uống,Thực phẩm và đồ uống,Kenju- Ngon có gu,126000,126000,21.0,21.0,98,98,127,33.0,33.0,655.0,41.16,Maintain and Monitor,Medium,Engagement exceeds sold-value strength by 16%. | Displayed discount is at the 64% peer percentile. | Shop credibility score is 62%.,Engagement exceeds sold-value strength by 16%.,Displayed discount is at the 64% peer percentile.,Shop credibility score is 62%.,vn | Thực phẩm và đồ uống; price pctl 52%; likes pctl 61%; sold-value pctl 39%
vn,vn,108166524,Nestlé Chính hãng,42577755622,Combo 4 Hộp Cà phê Hòa tan NESCAFÉ VỊ RANG ĐẬM 20 gói Đậm Thơm Hoàn Hảo,Thực phẩm và đồ uống,Thực phẩm và đồ uống,Cà phê & Trà,273070,273070,20.0,20.0,41,41,72,3000.0,3000.0,3000.0,41.08,Maintain and Monitor,Medium,Shop credibility score is 90%. | Price is at the 83% country-category percentile. | The listing belongs to an official shop.,Shop credibility score is 90%.,Price is at the 83% country-category percentile.,The listing belongs to an official shop.,vn | Thực phẩm và đồ uống; price pctl 83%; likes pctl 44%; sold-value pctl 66%
vn,vn,1145316676,Nestlé Health Science,27486407238,[Quà tặng không bán] Nón bảo hiểm (mẫu ngẫu nhiên),Mẹ & Bé,Mẹ & Bé,,381800,381800,24.0,24.0,0,0,91,,,456.0,40.89,Maintain and Monitor,Medium,Likes are at the 12% peer percentile. | The listing belongs to an official shop. | Displayed discount is at the 34% peer percentile.,Likes are at the 12% peer percentile.,The listing belongs to an official shop.,Displayed discount is at the 34% peer percentile.,vn | Mẹ & Bé; price pctl 40%; likes pctl 12%; sold-value pctl 59%
vn,vn,213989179,Bibica Official Store ,29156682046,Combo 2 Gói Bánh Hura Sandwich Bibica 90g Chà Bông Phô Mai Bữa Ăn Sáng Tiện Lợi,Thực phẩm và đồ uống,Thực phẩm và đồ uống,Bánh Ăn Sáng,47304,47304,19.0,19.0,39,39,94,199.0,199.0,721.0,40.72,Maintain and Monitor,Medium,Price is at the 16% country-category percentile. | The listing belongs to an official shop. | Shop credibility score is 75%.,Price is at the 16% country-category percentile.,The listing belongs to an official shop.,Shop credibility score is 75%.,vn | Thực phẩm và đồ uống; price pctl 16%; likes pctl 43%; sold-value pctl 41%
vn,vn,1546895026,Mars Snacking VN,26287413127,Combo 6 hộp viên ngậm không đường Doublemint hương bạc hà lục 35 viên,Thực phẩm và đồ uống,Thực phẩm và đồ uống,Tất cả sản phẩm,143440,143440,20.0,20.0,49,49,55,1000.0,1000.0,2000.0,40.71,Maintain and Monitor,Medium,Shop credibility score is 83%. | The listing belongs to an official shop. | Price is at the 64% country-category percentile.,Shop credibility score is 83%.,The listing belongs to an official shop.,Price is at the 64% country-category percentile.,vn | Thực phẩm và đồ uống; price pctl 64%; likes pctl 47%; sold-value pctl 60%
vn,vn,1546895026,Mars Snacking VN,40956226958,[Quà tặng không bán] Túi kẹo Skittles vị truyền thống 15g,Thực phẩm và đồ uống,Thực phẩm và đồ uống,,805100,805100,19.0,19.0,5,5,531,1000.0,1000.0,4000.0,40.68,Maintain and Monitor,Medium,Price is at the 97% country-category percentile. | Likes are at the 14% peer percentile. | Shop credibility score is 83%.,Price is at the 97% country-category percentile.,Likes are at the 14% peer percentile.,Shop credibility score is 83%.,vn | Thực phẩm và đồ uống; price pctl 97%; likes pctl 14%; sold-value pctl 70%
vn,vn,213989179,Bibica Official Store ,26362225992,Combo 3  Kẹo Tứ Quý Bạc Hà Sữa Nhân Socola Bibica 100g,Thực phẩm và đồ uống,Thực phẩm và đồ uống,Kẹo Ăn Vặt,35100,35100,10.0,10.0,21,21,77,331.0,331.0,943.0,40.68,Maintain and Monitor,Medium,Price is at the 6% country-category percentile. | Displayed discount is at the 14% peer percentile. | The listing belongs to an official shop.,Price is at the 6% country-category percentile.,Displayed discount is at the 14% peer percentile.,The listing belongs to an official shop.,vn | Thực phẩm và đồ uống; price pctl 6%; likes pctl 31%; sold-value pctl 44%
vn,vn,213989179,Bibica Official Store ,42021518143,Combo Mix 3 Vị Bánh Ăn Kiêng Không Đường Quasure Sugar Free Bibica 128gr Bibica,Thực phẩm và đồ uống,Thực phẩm và đồ uống,Bánh Dinh Dưỡng,108621,108621,19.0,19.0,51,51,139,114.0,114.0,643.0,40.65,Maintain and Monitor,Medium,The listing belongs to an official shop. | Shop credibility score is 75%. | Historical sold-value proxy is at the 38% peer percentile.,The listing belongs to an official shop.,Shop credibility score is 75%.,Historical sold-value proxy is at the 38% peer percentile.,vn | Thực phẩm và đồ uống; price pctl 45%; likes pctl 48%; sold-value pctl 38%
vn,vn,1546895026,Mars Snacking VN,40410765498,Combo 6 hũ Kẹo sing-gum Cool Air hương quả mọng hũ 38 viên,Thực phẩm và đồ uống,Thực phẩm và đồ uống,Tất cả sản phẩm,139040,139040,17.0,17.0,36,36,58,2000.0,2000.0,2000.0,40.57,Maintain and Monitor,Medium,Shop credibility score is 83%. | The listing belongs to an official shop. | Price is at the 62% country-category percentile.,Shop credibility score is 83%.,The listing belongs to an official shop.,Price is at the 62% country-category percentile.,vn | Thực phẩm và đồ uống; price pctl 62%; likes pctl 41%; sold-value pctl 60%
vn,vn,1546895026,Mars Snacking VN,40704001645,Combo 3 túi Kẹo Socola Snickers Funsize 240g (12 thanh x 3),Thực phẩm và đồ uống,Thực phẩm và đồ uống,Tất cả sản phẩm,270115,270115,25.0,25.0,74,74,77,1000.0,1000.0,2000.0,40.46,Maintain and Monitor,Medium,Price is at the 83% country-category percentile. | Shop credibility score is 83%. | The listing belongs to an official shop.,Price is at the 83% country-category percentile.,Shop credibility score is 83%.,The listing belongs to an official shop.,vn | Thực phẩm và đồ uống; price pctl 83%; likes pctl 56%; sold-value pctl 60%
vn,vn,438905996,Richy - Chi nhánh Miền Nam,29727728677,"[Tặng quà đơn từ 129k]Combo"" TIỆN -NGON- KHỎI ""NGHĨ  3 Bánh Karo chà bông mix 3 Bánh mì hoa cúc ngàn lớp",Thực phẩm và đồ uống,Thực phẩm và đồ uống,Karo – Bánh tươi năng lượng,157520,157520,23.0,23.0,88,88,162,2.0,2.0,628.0,40.39,Maintain and Monitor,Medium,Engagement exceeds sold-value strength by 19%. | Displayed discount is at the 68% peer percentile. | Price is at the 67% country-category percentile.,Engagement exceeds sold-value strength by 19%.,Displayed discount is at the 68% peer percentile.,Price is at the 67% country-category percentile.,vn | Thực phẩm và đồ uống; price pctl 67%; likes pctl 60%; sold-value pctl 38%
vn,vn,1546895026,Mars Snacking VN,44010762458,Combo 6 hũ Kẹo sing-gum Cool Air hương bạc hà - mật ong hũ 38 viên,Thực phẩm và đồ uống,Thực phẩm và đồ uống,Tất cả sản phẩm,136400,136400,19.0,19.0,38,38,52,2000.0,2000.0,2000.0,40.38,Maintain and Monitor,Medium,Shop credibility score is 83%. | The listing belongs to an official shop. | Price is at the 60% country-category percentile.,Shop credibility score is 83%.,The listing belongs to an official shop.,Price is at the 60% country-category percentile.,vn | Thực phẩm và đồ uống; price pctl 60%; likes pctl 42%; sold-value pctl 60%
vn,vn,1145316676,Nestlé Health Science,28611884248,Bộ 2 Sữa Bột NESTLÉ NUTREN JUNIOR Thụy Sĩ Với Công Thức BIG Hỗ Trợ Tăng Trưởng Cho Bé 400G,Mẹ & Bé,Mẹ & Bé,ƯU ĐÃI THÁNG 6 - DEAL VÀNG RỘN RÀNG,693050,693050,39.0,39.0,107,107,12,111.0,111.0,191.0,40.32,Maintain and Monitor,Medium,Likes are at the 82% peer percentile. | Displayed discount is at the 80% peer percentile. | The listing belongs to an official shop.,Likes are at the 82% peer percentile.,Displayed discount is at the 80% peer percentile.,The listing belongs to an official shop.,vn | Mẹ & Bé; price pctl 74%; likes pctl 82%; sold-value pctl 41%
vn,vn,1145316676,Nestlé Health Science,24364698071,[Quà tặng không bán] Bộ đồ chơi xếp khối,Mẹ & Bé,Mẹ & Bé,,381800,381800,24.0,24.0,0,0,51,161.0,161.0,471.0,40.21,Maintain and Monitor,Medium,Likes are at the 12% peer percentile. | The listing belongs to an official shop. | Displayed discount is at the 34% peer percentile.,Likes are at the 12% peer percentile.,The listing belongs to an official shop.,Displayed discount is at the 34% peer percentile.,vn | Mẹ & Bé; price pctl 40%; likes pctl 12%; sold-value pctl 61%
vn,vn,1546895026,Mars Snacking VN,51503929626,[Quà tặng không bán] Hộp Kẹo Socola Snickers 240g (12 thanh x 20g),Thực phẩm và đồ uống,Thực phẩm và đồ uống,,805100,805100,19.0,19.0,3,3,168,7000.0,7000.0,8000.0,40.19,Maintain and Monitor,Medium,Price is at the 97% country-category percentile. | Likes are at the 11% peer percentile. | Shop credibility score is 83%.,Price is at the 97% country-category percentile.,Likes are at the 11% peer percentile.,Shop credibility score is 83%.,vn | Thực phẩm và đồ uống; price pctl 97%; likes pctl 11%; sold-value pctl 81%
vn,vn,173513432,Richy - Chi Nhánh Miền Bắc,42262241242,[Quà Tặng Đơn 129k] Combo 5 Bánh Tươi Karo Richy 2 Vị: Sợi Gà Truyền Thống & Hoàng Kim Phô Mai - HSD 45 Ngày,Thực phẩm và đồ uống,Thực phẩm và đồ uống,,159280,159280,32.0,32.0,71,71,208,71.0,71.0,774.0,40.1,Maintain and Monitor,Medium,Displayed discount is at the 84% peer percentile. | Price is at the 69% country-category percentile. | Engagement exceeds sold-value strength by 14%.,Displayed discount is at the 84% peer percentile.,Price is at the 69% country-category percentile.,Engagement exceeds sold-value strength by 14%.,vn | Thực phẩm và đồ uống; price pctl 69%; likes pctl 54%; sold-value pctl 42%
vn,vn,289646907,Orion VN Official Store,26489730581,Combo 8 Hộp bánh Cá Marine Boy Orion Vị Gà Bơ Sốt Tỏi (35g/Hộp),Thực phẩm và đồ uống,Thực phẩm và đồ uống,Cuồng nhiệt Bóng Đá 2026,108000,108000,10.0,10.0,39,39,119,60.0,60.0,658.0,39.95,Maintain and Monitor,Medium,Displayed discount is at the 14% peer percentile. | Shop credibility score is 79%. | The listing belongs to an official shop.,Displayed discount is at the 14% peer percentile.,Shop credibility score is 79%.,The listing belongs to an official shop.,vn | Thực phẩm và đồ uống; price pctl 45%; likes pctl 43%; sold-value pctl 39%
vn,vn,430972539,Perfetti Van Melle Vietnam,48360192218,"Kẹo dẻo Chupa Chups hương trái cây hỗn hợp, hương cola mang đến vị ngọt, vị chua và đa dạng hình dáng",Thực phẩm và đồ uống,Thực phẩm và đồ uống,,36000,36000,0.0,0.0,5,5,225,169.0,169.0,202.0,39.82,Maintain and Monitor,Medium,Displayed discount is at the 2% peer percentile. | Shop credibility score is 94%. | Price is at the 7% country-category percentile.,Displayed discount is at the 2% peer percentile.,Shop credibility score is 94%.,Price is at the 7% country-category percentile.,vn | Thực phẩm và đồ uống; price pctl 7%; likes pctl 14%; sold-value pctl 25%
vn,vn,289646907,Orion VN Official Store,45857464389,Thùng Bánh Chocopie Tình 12P (8 Hộp/Thùng),Thực phẩm và đồ uống,Thực phẩm và đồ uống,,466000,466000,19.0,19.0,38,38,180,1000.0,1000.0,2000.0,39.78,Maintain and Monitor,Medium,Price is at the 92% country-category percentile. | Shop credibility score is 79%. | The listing belongs to an official shop.,Price is at the 92% country-category percentile.,Shop credibility score is 79%.,The listing belongs to an official shop.,vn | Thực phẩm và đồ uống; price pctl 92%; likes pctl 42%; sold-value pctl 60%
vn,vn,1546895026,Mars Snacking VN,41910765656,Combo 2 hũ kẹo Sing-gum Cool Air hương bạc hà - mật ong hũ 90 viên,Thực phẩm và đồ uống,Thực phẩm và đồ uống,Tất cả sản phẩm,96300,96300,17.0,17.0,42,42,103,64.0,64.0,546.0,39.67,Maintain and Monitor,Medium,Shop credibility score is 83%. | The listing belongs to an official shop. | Historical sold-value proxy is at the 36% peer percentile.,Shop credibility score is 83%.,The listing belongs to an official shop.,Historical sold-value proxy is at the 36% peer percentile.,vn | Thực phẩm và đồ uống; price pctl 40%; likes pctl 44%; sold-value pctl 36%
vn,vn,438905996,Richy - Chi nhánh Miền Nam,41307588613,"[Tặng 2 quà đơn từ 129k] Combo 3 bịch bánh Karo chà bông sợi gà, Bánh ăn sáng, Bánh kẹo Richy, HSD 45 ngày",Thực phẩm và đồ uống,Thực phẩm và đồ uống,Karo – Bánh tươi năng lượng,66600,66600,45.0,45.0,64,64,100,78.0,78.0,521.0,39.64,Maintain and Monitor,Medium,Displayed discount is at the 97% peer percentile. | Price is at the 26% country-category percentile. | Historical sold-value proxy is at the 36% peer percentile.,Displayed discount is at the 97% peer percentile.,Price is at the 26% country-category percentile.,Historical sold-value proxy is at the 36% peer percentile.,vn | Thực phẩm và đồ uống; price pctl 26%; likes pctl 53%; sold-value pctl 36%
vn,vn,1546895026,Mars Snacking VN,27440312280,Combo 30 túi Kẹo trái cây Skittles vị dâu rừng 15g (30 x 15g),Thực phẩm và đồ uống,Thực phẩm và đồ uống,Tất cả sản phẩm,126900,126900,15.0,15.0,48,48,108,87.0,87.0,600.0,39.58,Maintain and Monitor,Medium,Shop credibility score is 83%. | The listing belongs to an official shop. | Displayed discount is at the 35% peer percentile.,Shop credibility score is 83%.,The listing belongs to an official shop.,Displayed discount is at the 35% peer percentile.,vn | Thực phẩm và đồ uống; price pctl 53%; likes pctl 47%; sold-value pctl 37%
vn,vn,430972539,Perfetti Van Melle Vietnam,53312342929,[QUÀ TẶNG KHÔNG BÁN] TÚI XÁCH VŨ TRỤ,Văn Phòng Phẩm,Văn Phòng Phẩm,,811800,811800,19.0,19.0,1,1,0,,,,39.57,Maintain and Monitor,Low,Shop credibility score is 94%. | The listing belongs to an official shop. | Price is at the 62% country-category percentile.,Shop credibility score is 94%.,The listing belongs to an official shop.,Price is at the 62% country-category percentile.,vn | Văn Phòng Phẩm; price pctl 62%; likes pctl 62%; sold-value pctl 50%
vn,vn,289646907,Orion VN Official Store,45357467779,Combo 5 Túi Bánh Cest Bon Mochi Cốm Dừa (5 Gói/Túi),Thực phẩm và đồ uống,Thực phẩm và đồ uống,BÁNH ĂN SÁNG C'EST BON,193600,193600,12.0,12.0,125,125,51,380.0,380.0,784.0,39.49,Maintain and Monitor,Medium,Shop credibility score is 79%. | Price is at the 77% country-category percentile. | Displayed discount is at the 25% peer percentile.,Shop credibility score is 79%.,Price is at the 77% country-category percentile.,Displayed discount is at the 25% peer percentile.,vn | Thực phẩm và đồ uống; price pctl 77%; likes pctl 66%; sold-value pctl 42%
vn,vn,289646907,Orion VN Official Store,43579391371,Thùng Bánh Custas Kem Trứng 12P (8 Hộp/Thùng),Thực phẩm và đồ uống,Thực phẩm và đồ uống,,466000,466000,19.0,19.0,26,26,256,1000.0,1000.0,2000.0,39.39,Maintain and Monitor,Medium,Price is at the 92% country-category percentile. | Shop credibility score is 79%. | The listing belongs to an official shop.,Price is at the 92% country-category percentile.,Shop credibility score is 79%.,The listing belongs to an official shop.,vn | Thực phẩm và đồ uống; price pctl 92%; likes pctl 34%; sold-value pctl 60%
vn,vn,289646907,Orion VN Official Store,45751820735,Combo 2 Hộp 18 Gói Bánh Orion Custas Vị Kem Trứng (423g/Hộp),Thực phẩm và đồ uống,Thực phẩm và đồ uống,,174240,174240,12.0,12.0,32,32,191,122.0,122.0,1000.0,39.33,Maintain and Monitor,Medium,Shop credibility score is 79%. | Displayed discount is at the 25% peer percentile. | The listing belongs to an official shop.,Shop credibility score is 79%.,Displayed discount is at the 25% peer percentile.,The listing belongs to an official shop.,vn | Thực phẩm và đồ uống; price pctl 74%; likes pctl 38%; sold-value pctl 51%
vn,vn,213989179,Bibica Official Store ,26567609054,Bánh Gooka Cracker Nougat Filling Vị Dừa Sầu Riêng Bibica,Thực phẩm và đồ uống,Thực phẩm và đồ uống,Bánh Ăn Vặt,47975,47975,5.0,5.0,23,23,105,65.0,65.0,636.0,39.28,Maintain and Monitor,Medium,Displayed discount is at the 6% peer percentile. | Price is at the 16% country-category percentile. | The listing belongs to an official shop.,Displayed discount is at the 6% peer percentile.,Price is at the 16% country-category percentile.,The listing belongs to an official shop.,vn | Thực phẩm và đồ uống; price pctl 16%; likes pctl 32%; sold-value pctl 38%
vn,vn,1546895026,Mars Snacking VN,28837455310,Combo 12 thanh Sô cô la Snickers Hạnh nhân Giảm đường thanh 40g,Thực phẩm và đồ uống,Thực phẩm và đồ uống,Tất cả sản phẩm,297206,297206,25.0,25.0,85,85,100,976.0,976.0,1000.0,38.88,Maintain and Monitor,Medium,Price is at the 85% country-category percentile. | Shop credibility score is 83%. | The listing belongs to an official shop.,Price is at the 85% country-category percentile.,Shop credibility score is 83%.,The listing belongs to an official shop.,vn | Thực phẩm và đồ uống; price pctl 85%; likes pctl 59%; sold-value pctl 51%
vn,vn,173513432,Richy - Chi Nhánh Miền Bắc,44861538023,[QUÀ TẶNG KHÔNG BÁN] Quạt Cầm Tay Mini 100 Mức Độ Gió Siêu Mát Độc Quyền Richy Kỉ Niệm 25 Năm - Tặng Màu Ngẫu Nhiên,Sở thích & Sưu tầm,Sở thích & Sưu tầm,,232400,232400,23.0,23.0,9,9,189,1000.0,1000.0,1000.0,38.82,Maintain and Monitor,Medium,Displayed discount is at the 100% peer percentile. | Shop credibility score is 64%. | The listing belongs to an official shop.,Displayed discount is at the 100% peer percentile.,Shop credibility score is 64%.,The listing belongs to an official shop.,vn | Sở thích & Sưu tầm; price pctl 50%; likes pctl 50%; sold-value pctl 50%
vn,vn,1145316676,Nestlé Health Science,25164682529,[Quà tặng không bán] Túi đeo chéo máy bay,Túi Ví Nam,Túi Ví Nam,,377200,377200,25.0,25.0,0,0,58,12.0,12.0,445.0,38.75,Maintain and Monitor,Medium,Displayed discount is at the 100% peer percentile. | The listing belongs to an official shop. | Shop credibility score is 64%.,Displayed discount is at the 100% peer percentile.,The listing belongs to an official shop.,Shop credibility score is 64%.,vn | Túi Ví Nam; price pctl 50%; likes pctl 50%; sold-value pctl 50%
vn,vn,1145316676,Nestlé Health Science,26670140794,[Quà tặng không bán] Quạt kẹp mini NUTREN JUNIOR,Điện Thoại & Phụ Kiện,Điện Thoại & Phụ Kiện,,381800,381800,24.0,24.0,2,2,83,116.0,116.0,692.0,38.75,Maintain and Monitor,Medium,Displayed discount is at the 100% peer percentile. | The listing belongs to an official shop. | Shop credibility score is 64%.,Displayed discount is at the 100% peer percentile.,The listing belongs to an official shop.,Shop credibility score is 64%.,vn | Điện Thoại & Phụ Kiện; price pctl 50%; likes pctl 50%; sold-value pctl 50%
vn,vn,1145316676,Nestlé Health Science,27904398629,[Quà tặng Không bán] Set túi mẹ bé,Mẹ & Bé,Mẹ & Bé,,788500,788500,21.0,21.0,2,2,29,183.0,183.0,392.0,38.73,Maintain and Monitor,Medium,Displayed discount is at the 8% peer percentile. | Price is at the 76% country-category percentile. | The listing belongs to an official shop.,Displayed discount is at the 8% peer percentile.,Price is at the 76% country-category percentile.,The listing belongs to an official shop.,vn | Mẹ & Bé; price pctl 76%; likes pctl 40%; sold-value pctl 55%
vn,vn,1145316676,Nestlé Health Science,55708176377,Bộ 2 Sữa Bột NESTLÉ NUTREN JUNIOR Thụy Sĩ Với Công Thức BIG Hỗ Trợ Tăng Trưởng Cho Bé 800G+Lốc 4 hộp sữa pha sẵn 110ML,Mẹ & Bé,Mẹ & Bé,ƯU ĐÃI THÁNG 6 - DEAL VÀNG RỘN RÀNG,1173830,1173830,37.0,37.0,48,48,14,41.0,41.0,98.0,38.68,Conversion Opportunity,Medium,Price is at the 92% country-category percentile. | Engagement exceeds sold-value strength by 33%. | Likes are at the 78% peer percentile.,Price is at the 92% country-category percentile.,Engagement exceeds sold-value strength by 33%.,Likes are at the 78% peer percentile.,vn | Mẹ & Bé; price pctl 92%; likes pctl 78%; sold-value pctl 27%
vn,vn,1145316676,Nestlé Health Science,42130599124,[Quà tặng không bán] Lốc 4 Hộp Sữa Pha Sẵn NESTLÉ NUTREN JUNIOR Thụy Sĩ Công Thức BIG Tăng Trưởng 180ML,Mẹ & Bé,Mẹ & Bé,,381800,381800,24.0,24.0,7,7,13,67.0,67.0,99.0,38.65,Maintain and Monitor,Medium,The listing belongs to an official shop. | Historical sold-value proxy is at the 29% peer percentile. | Engagement exceeds sold-value strength by 19%.,The listing belongs to an official shop.,Historical sold-value proxy is at the 29% peer percentile.,Engagement exceeds sold-value strength by 19%.,vn | Mẹ & Bé; price pctl 40%; likes pctl 58%; sold-value pctl 29%
vn,vn,213989179,Bibica Official Store ,28638387207,Combo Mix 3 Vị Bánh Ăn Kiêng Không Đường Quasure Sugar Free Bibica 240gr Bibica,Thực phẩm và đồ uống,Thực phẩm và đồ uống,Bánh Dinh Dưỡng,191980,191980,21.0,21.0,76,76,105,509.0,509.0,988.0,38.64,Maintain and Monitor,Medium,Price is at the 77% country-category percentile. | The listing belongs to an official shop. | Shop credibility score is 75%.,Price is at the 77% country-category percentile.,The listing belongs to an official shop.,Shop credibility score is 75%.,vn | Thực phẩm và đồ uống; price pctl 77%; likes pctl 57%; sold-value pctl 45%
vn,vn,289646907,Orion VN Official Store,27128180756,[LIVESTREAM] [ĐỘC QUYỀN] Kẹo dẻo Boom Jelly THẠCH Orion MIX VỊ hộp 60 gói (750g),Thực phẩm và đồ uống,Thực phẩm và đồ uống,,190080,190080,12.0,12.0,48,48,139,204.0,204.0,913.0,38.62,Maintain and Monitor,Medium,Shop credibility score is 79%. | Price is at the 76% country-category percentile. | Displayed discount is at the 25% peer percentile.,Shop credibility score is 79%.,Price is at the 76% country-category percentile.,Displayed discount is at the 25% peer percentile.,vn | Thực phẩm và đồ uống; price pctl 76%; likes pctl 47%; sold-value pctl 44%
vn,vn,438905996,Richy - Chi nhánh Miền Nam,21479403474,[MUA 3 TẶNG 1]  Bánh peppie khay vị sữa dừa 360g,Thực phẩm và đồ uống,Thực phẩm và đồ uống,Pepie – Bánh mềm phủ socola,46800,46800,15.0,15.0,6,6,125,1000.0,1000.0,1000.0,38.62,Maintain and Monitor,Medium,Price is at the 15% country-category percentile. | Likes are at the 16% peer percentile. | Displayed discount is at the 35% peer percentile.,Price is at the 15% country-category percentile.,Likes are at the 16% peer percentile.,Displayed discount is at the 35% peer percentile.,vn | Thực phẩm và đồ uống; price pctl 15%; likes pctl 16%; sold-value pctl 51%
vn,vn,108166524,Nestlé Chính hãng,45361734616,Combo 2 Thùng Sữa lúa mạch Nestle MILO ít đường (48 Hộp x 110ml),Thực phẩm và đồ uống,Thực phẩm và đồ uống,MILO & Sữa,460000,460000,25.0,25.0,46,46,68,2000.0,2000.0,2000.0,38.47,Maintain and Monitor,Medium,Price is at the 92% country-category percentile. | Shop credibility score is 90%. | The listing belongs to an official shop.,Price is at the 92% country-category percentile.,Shop credibility score is 90%.,The listing belongs to an official shop.,vn | Thực phẩm và đồ uống; price pctl 92%; likes pctl 46%; sold-value pctl 60%
vn,vn,289646907,Orion VN Official Store,26331556808,[LIVESTREAM] [ĐỘC QUYỀN] Hộp Bánh Bống Bang Family Pack 20 Gói (580g),Thực phẩm và đồ uống,Thực phẩm và đồ uống,Giảm giá,121500,121500,19.0,19.0,36,36,120,182.0,182.0,707.0,38.29,Maintain and Monitor,Medium,Shop credibility score is 79%. | The listing belongs to an official shop. | Historical sold-value proxy is at the 40% peer percentile.,Shop credibility score is 79%.,The listing belongs to an official shop.,Historical sold-value proxy is at the 40% peer percentile.,vn | Thực phẩm và đồ uống; price pctl 50%; likes pctl 41%; sold-value pctl 40%
vn,vn,213989179,Bibica Official Store ,28820117182,Combo 2 Bánh Gooka Cracker Giòn Vị Rau Củ Bibica 180g,Thực phẩm và đồ uống,Thực phẩm và đồ uống,Bánh Ăn Vặt,62694,62694,19.0,19.0,26,26,31,429.0,429.0,1000.0,38.26,Maintain and Monitor,Medium,Price is at the 25% country-category percentile. | The listing belongs to an official shop. | Shop credibility score is 75%.,Price is at the 25% country-category percentile.,The listing belongs to an official shop.,Shop credibility score is 75%.,vn | Thực phẩm và đồ uống; price pctl 25%; likes pctl 34%; sold-value pctl 51%
vn,vn,438905996,Richy - Chi nhánh Miền Nam,16825736129,"[TẶNG QUẠT ĐƠN 180K] Bánh quy Kenju giòn kem dẻo hộp 279gr, Bánh Kẹo Richy",Thực phẩm và đồ uống,Thực phẩm và đồ uống,Kenju- Ngon có gu,63000,63000,21.0,21.0,50,50,71,20.0,20.0,491.0,38.21,Maintain and Monitor,Medium,Price is at the 26% country-category percentile. | Historical sold-value proxy is at the 34% peer percentile. | Displayed discount is at the 64% peer percentile.,Price is at the 26% country-category percentile.,Historical sold-value proxy is at the 34% peer percentile.,Displayed discount is at the 64% peer percentile.,vn | Thực phẩm và đồ uống; price pctl 26%; likes pctl 48%; sold-value pctl 34%
vn,vn,430972539,Perfetti Van Melle Vietnam,42903404932,[QUÀ TẶNG KHÔNG BÁN] Túi Tote Chupa Chups,Túi Ví Nữ,Túi Ví Nữ,,401800,401800,20.0,20.0,6,6,181,107.0,107.0,1000.0,38.04,Maintain and Monitor,Medium,Price is at the 100% country-category percentile. | Shop credibility score is 94%. | The listing belongs to an official shop.,Price is at the 100% country-category percentile.,Shop credibility score is 94%.,The listing belongs to an official shop.,vn | Túi Ví Nữ; price pctl 100%; likes pctl 50%; sold-value pctl 50%
vn,vn,1546895026,Mars Snacking VN,50553501041,Combo 3 Túi kẹo Sôcôla nhân đậu phộng Snickers MINIs 80g (3 hộp x 8 thanh),Thực phẩm và đồ uống,Thực phẩm và đồ uống,Tất cả sản phẩm,133760,133760,23.0,23.0,55,55,34,1000.0,1000.0,1000.0,37.99,Maintain and Monitor,Medium,Shop credibility score is 83%. | The listing belongs to an official shop. | Displayed discount is at the 68% peer percentile.,Shop credibility score is 83%.,The listing belongs to an official shop.,Displayed discount is at the 68% peer percentile.,vn | Thực phẩm và đồ uống; price pctl 59%; likes pctl 50%; sold-value pctl 51%
vn,vn,213989179,Bibica Official Store ,22288243381,"Combo 3 Túi Ngũ Cốc Quasure Light Sữa Bibica 400g, Thực Phẩm Dành Cho Người Ăn Kiêng, Tiểu Đường",Thực phẩm và đồ uống,Thực phẩm và đồ uống,Bánh Dinh Dưỡng,245389,245389,25.0,25.0,46,46,185,523.0,523.0,1000.0,37.96,Maintain and Monitor,Medium,Price is at the 82% country-category percentile. | The listing belongs to an official shop. | Shop credibility score is 75%.,Price is at the 82% country-category percentile.,The listing belongs to an official shop.,Shop credibility score is 75%.,vn | Thực phẩm và đồ uống; price pctl 82%; likes pctl 46%; sold-value pctl 51%
vn,vn,213989179,Bibica Official Store ,27531706377,Bánh Cracker Gooka Nougat Filling Hành HG Bibica 360G,Thực phẩm và đồ uống,Thực phẩm và đồ uống,Bánh Ăn Vặt,69511,69511,15.0,15.0,33,33,74,168.0,168.0,601.0,37.91,Maintain and Monitor,Medium,The listing belongs to an official shop. | Shop credibility score is 75%. | Price is at the 28% country-category percentile.,The listing belongs to an official shop.,Shop credibility score is 75%.,Price is at the 28% country-category percentile.,vn | Thực phẩm và đồ uống; price pctl 28%; likes pctl 39%; sold-value pctl 38%
vn,vn,289646907,Orion VN Official Store,29878168813,[LIVESTREAM] COMBO 5 Túi Bánh Con Cá Bống Bang nhân MOCHI SOCOLA Đậu Đỏ (145g x 5 túi),Thực phẩm và đồ uống,Thực phẩm và đồ uống,,171600,171600,12.0,12.0,19,19,62,1000.0,1000.0,2000.0,37.8,Maintain and Monitor,Medium,Shop credibility score is 79%. | Displayed discount is at the 25% peer percentile. | The listing belongs to an official shop.,Shop credibility score is 79%.,Displayed discount is at the 25% peer percentile.,The listing belongs to an official shop.,vn | Thực phẩm và đồ uống; price pctl 73%; likes pctl 29%; sold-value pctl 60%
vn,vn,108166524,Nestlé Chính hãng,28729293005,Thực phẩm bổ sung Trà vị đào NESTEA (Hộp 16 gói x 12g),Thực phẩm và đồ uống,Thực phẩm và đồ uống,Cà phê & Trà,33000,33000,0.0,0.0,14,14,43,309.0,309.0,525.0,37.73,Maintain and Monitor,Medium,Displayed discount is at the 2% peer percentile. | Price is at the 5% country-category percentile. | Shop credibility score is 90%.,Displayed discount is at the 2% peer percentile.,Price is at the 5% country-category percentile.,Shop credibility score is 90%.,vn | Thực phẩm và đồ uống; price pctl 5%; likes pctl 23%; sold-value pctl 36%
vn,vn,173513432,Richy - Chi Nhánh Miền Bắc,25532918156,[Quà Tặng Đơn 129k] Combo 4 Bịch Bánh Tươi KARO Hoàng Kim Richy (26g/chiếc),Thực phẩm và đồ uống,Thực phẩm và đồ uống,Karo - Bánh Tươi Cho Mọi Nhà,129600,129600,32.0,32.0,41,41,157,10.0,10.0,731.0,37.56,Maintain and Monitor,Medium,Displayed discount is at the 84% peer percentile. | Shop credibility score is 64%. | Historical sold-value proxy is at the 41% peer percentile.,Displayed discount is at the 84% peer percentile.,Shop credibility score is 64%.,Historical sold-value proxy is at the 41% peer percentile.,vn | Thực phẩm và đồ uống; price pctl 55%; likes pctl 44%; sold-value pctl 41%
vn,vn,438905996,Richy - Chi nhánh Miền Nam,23117784722,[MUA 3 TẶNG 1 QUAT]  Combo 2 Túi Yến Mạch Richy mini bite vị Phô Mai 220g,Thực phẩm và đồ uống,Thực phẩm và đồ uống,Yến mạch – Healthy mỗi ngày,94500,94500,33.0,33.0,51,51,103,,,442.0,37.53,Maintain and Monitor,Medium,Displayed discount is at the 86% peer percentile. | Historical sold-value proxy is at the 33% peer percentile. | Engagement exceeds sold-value strength by 14%.,Displayed discount is at the 86% peer percentile.,Historical sold-value proxy is at the 33% peer percentile.,Engagement exceeds sold-value strength by 14%.,vn | Thực phẩm và đồ uống; price pctl 40%; likes pctl 48%; sold-value pctl 33%
vn,vn,213989179,Bibica Official Store ,29662232533,Combo 3 Kẹo Cứng Tứ Quý Bibica 140g,Thực phẩm và đồ uống,Thực phẩm và đồ uống,Kẹo Ăn Vặt,42660,42660,10.0,10.0,20,20,74,10.0,10.0,393.0,37.51,Maintain and Monitor,Medium,Price is at the 10% country-category percentile. | Displayed discount is at the 14% peer percentile. | The listing belongs to an official shop.,Price is at the 10% country-category percentile.,Displayed discount is at the 14% peer percentile.,The listing belongs to an official shop.,vn | Thực phẩm và đồ uống; price pctl 10%; likes pctl 30%; sold-value pctl 32%
vn,vn,289646907,Orion VN Official Store,56257443079,Combo 2 Hộp Bánh Goute Creme Dâu (16 Gói/Hộp),Thực phẩm và đồ uống,Thực phẩm và đồ uống,Gouté,122400,122400,10.0,10.0,44,44,67,194.0,194.0,430.0,37.43,Maintain and Monitor,Medium,Displayed discount is at the 14% peer percentile. | Shop credibility score is 79%. | The listing belongs to an official shop.,Displayed discount is at the 14% peer percentile.,Shop credibility score is 79%.,The listing belongs to an official shop.,vn | Thực phẩm và đồ uống; price pctl 50%; likes pctl 45%; sold-value pctl 33%
vn,vn,173513432,Richy - Chi Nhánh Miền Bắc,42201666917,"[MUA 1 TẶNG 1| HSD: T12/2026] Bánh Richy Kenju Giòn Vị Trà Sữa & Đậu Nành Mè Đen, Rau, Karo Bơ Trứng Giòn Hộp 120g,168g",Thực phẩm và đồ uống,Thực phẩm và đồ uống,SIÊU SALE MUA 1 TẶNG 1,49000,49000,39.0,39.0,28,28,115,88.0,88.0,666.0,37.38,Maintain and Monitor,Medium,Displayed discount is at the 94% peer percentile. | Price is at the 18% country-category percentile. | Likes are at the 36% peer percentile.,Displayed discount is at the 94% peer percentile.,Price is at the 18% country-category percentile.,Likes are at the 36% peer percentile.,vn | Thực phẩm và đồ uống; price pctl 18%; likes pctl 36%; sold-value pctl 39%
vn,vn,213989179,Bibica Official Store ,19188662330,"Kẹo Mút Zoo Cola, Tăng Lực Bibica",Thực phẩm và đồ uống,Thực phẩm và đồ uống,Kẹo Cho Bé,73872,73872,14.0,14.0,34,34,65,23.0,23.0,472.0,37.3,Maintain and Monitor,Medium,The listing belongs to an official shop. | Shop credibility score is 75%. | Price is at the 30% country-category percentile.,The listing belongs to an official shop.,Shop credibility score is 75%.,Price is at the 30% country-category percentile.,vn | Thực phẩm và đồ uống; price pctl 30%; likes pctl 40%; sold-value pctl 34%
vn,vn,289646907,Orion VN Official Store,51907456940,Combo 2 Hộp Bánh Goute Creme Đậu Phộng (16 Gói/Hộp),Thực phẩm và đồ uống,Thực phẩm và đồ uống,Gouté,122400,122400,10.0,10.0,43,43,67,213.0,213.0,390.0,37.23,Maintain and Monitor,Medium,Displayed discount is at the 14% peer percentile. | Shop credibility score is 79%. | The listing belongs to an official shop.,Displayed discount is at the 14% peer percentile.,Shop credibility score is 79%.,The listing belongs to an official shop.,vn | Thực phẩm và đồ uống; price pctl 50%; likes pctl 45%; sold-value pctl 31%
vn,vn,1546895026,Mars Snacking VN,42754003144,Combo 8 Gói kẹo dẻo Skittles Gummies mix vị - 4 gói vị trái cây và 4 gói vị sữa chua trái cây,Thực phẩm và đồ uống,Thực phẩm và đồ uống,Tất cả sản phẩm,143440,143440,19.0,19.0,65,65,58,31.0,31.0,327.0,37.05,Maintain and Monitor,Medium,Shop credibility score is 83%. | The listing belongs to an official shop. | Historical sold-value proxy is at the 29% peer percentile.,Shop credibility score is 83%.,The listing belongs to an official shop.,Historical sold-value proxy is at the 29% peer percentile.,vn | Thực phẩm và đồ uống; price pctl 64%; likes pctl 53%; sold-value pctl 29%
vn,vn,213989179,Bibica Official Store ,21206943492,"Combo 5 Bột Ngũ Cốc Quasure Light Bibica 400g - Thực phẩm dành cho người ăn kiêng, người tiểu đường",Thực phẩm và đồ uống,Thực phẩm và đồ uống,Bánh Dinh Dưỡng,408982,408982,25.0,25.0,47,47,158,496.0,496.0,1000.0,36.73,Maintain and Monitor,Medium,Price is at the 90% country-category percentile. | The listing belongs to an official shop. | Shop credibility score is 75%.,Price is at the 90% country-category percentile.,The listing belongs to an official shop.,Shop credibility score is 75%.,vn | Thực phẩm và đồ uống; price pctl 90%; likes pctl 46%; sold-value pctl 51%
vn,vn,213989179,Bibica Official Store ,42881034712,"[QUÀ TẶNG KHÔNG BÁN] Kẹo mút cheery mascot dễ thương, quà tặng cho bé",Thực phẩm và đồ uống,Thực phẩm và đồ uống,,20000,20000,0.0,0.0,5,5,94,388.0,388.0,507.0,36.61,Maintain and Monitor,Medium,Price is at the 1% country-category percentile. | Displayed discount is at the 2% peer percentile. | Likes are at the 14% peer percentile.,Price is at the 1% country-category percentile.,Displayed discount is at the 2% peer percentile.,Likes are at the 14% peer percentile.,vn | Thực phẩm và đồ uống; price pctl 1%; likes pctl 14%; sold-value pctl 35%
vn,vn,213989179,Bibica Official Store ,24553391588,"(Bao Bì Mới) Combo Bánh Quy Quasure Light Bibica 210g, Thực Phẩm Cho Người Ăn Kiêng, Tiểu Đường",Thực phẩm và đồ uống,Thực phẩm và đồ uống,Bánh Dinh Dưỡng,143035,143035,21.0,21.0,15,15,61,1000.0,1000.0,2000.0,36.6,Maintain and Monitor,Medium,Likes are at the 25% peer percentile. | The listing belongs to an official shop. | Shop credibility score is 75%.,Likes are at the 25% peer percentile.,The listing belongs to an official shop.,Shop credibility score is 75%.,vn | Thực phẩm và đồ uống; price pctl 64%; likes pctl 25%; sold-value pctl 60%
vn,vn,289646907,Orion VN Official Store,44024261701,"Combo 5 Túi Bánh Gạo Nướng An Chee-Z Vị Khoai Tây Phô Mai Nướng 104,2g/Túi",Thực phẩm và đồ uống,Thực phẩm và đồ uống,Cuồng nhiệt Bóng Đá 2026,130500,130500,10.0,10.0,28,28,105,87.0,87.0,654.0,36.51,Maintain and Monitor,Medium,Displayed discount is at the 14% peer percentile. | Shop credibility score is 79%. | The listing belongs to an official shop.,Displayed discount is at the 14% peer percentile.,Shop credibility score is 79%.,The listing belongs to an official shop.,vn | Thực phẩm và đồ uống; price pctl 56%; likes pctl 36%; sold-value pctl 39%
vn,vn,438905996,Richy - Chi nhánh Miền Nam,25744440915,"[Tặng quà đơn từ 129k]Combo  4 Bánh mix vị, Bánh Karo chà bông 6 bánh/bịch, Bánh Karo Gấu phô mai, HSD 45 ngày",Thực phẩm và đồ uống,Thực phẩm và đồ uống,Karo – Bánh tươi năng lượng,136400,136400,31.0,31.0,73,73,79,8.0,8.0,366.0,36.5,Maintain and Monitor,Medium,Displayed discount is at the 82% peer percentile. | Historical sold-value proxy is at the 31% peer percentile. | Engagement exceeds sold-value strength by 18%.,Displayed discount is at the 82% peer percentile.,Historical sold-value proxy is at the 31% peer percentile.,Engagement exceeds sold-value strength by 18%.,vn | Thực phẩm và đồ uống; price pctl 60%; likes pctl 55%; sold-value pctl 31%
vn,vn,464391416,Bánh Kẹo Hải Hà - Chính hãng,9970000081,Kẹo Sữa Bò GoodMilk Hải Hà - Hàng Chính Hãng (Túi: 140g),Thực phẩm và đồ uống,Thực phẩm và đồ uống,BST KẸO HẢI HÀ,15000,15000,0.0,0.0,31,31,46,,,185.0,36.45,Maintain and Monitor,Medium,Price is at the 0% country-category percentile. | Displayed discount is at the 2% peer percentile. | Historical sold-value proxy is at the 23% peer percentile.,Price is at the 0% country-category percentile.,Displayed discount is at the 2% peer percentile.,Historical sold-value proxy is at the 23% peer percentile.,vn | Thực phẩm và đồ uống; price pctl 0%; likes pctl 37%; sold-value pctl 23%
vn,vn,173513432,Richy - Chi Nhánh Miền Bắc,54804951793,[Tặng Quạt Cầm Tay] Combo 2-3 Túi Bánh Quy Giòn Kenju 2 Lớp Vị Gà Phô Mai Nướng x 216g/túi (16 gói),Thực phẩm và đồ uống,Thực phẩm và đồ uống,,102600,102600,27.0,27.0,46,46,72,479.0,479.0,706.0,36.45,Maintain and Monitor,Medium,Displayed discount is at the 78% peer percentile. | Shop credibility score is 64%. | Historical sold-value proxy is at the 40% peer percentile.,Displayed discount is at the 78% peer percentile.,Shop credibility score is 64%.,Historical sold-value proxy is at the 40% peer percentile.,vn | Thực phẩm và đồ uống; price pctl 42%; likes pctl 46%; sold-value pctl 40%
vn,vn,213989179,Bibica Official Store ,43706670030,Combo 2 Bánh Hura Deli Bibica Các Vị 336g - Giảm 40% Đường,Thực phẩm và đồ uống,Thực phẩm và đồ uống,,121014,121014,19.0,19.0,47,47,64,49.0,49.0,340.0,36.32,Maintain and Monitor,Medium,The listing belongs to an official shop. | Shop credibility score is 75%. | Historical sold-value proxy is at the 30% peer percentile.,The listing belongs to an official shop.,Shop credibility score is 75%.,Historical sold-value proxy is at the 30% peer percentile.,vn | Thực phẩm và đồ uống; price pctl 49%; likes pctl 46%; sold-value pctl 30%
vn,vn,1145316676,Nestlé Health Science,25064692961,[Quà tặng không bán] Bộ mền gối chim cánh cụt,Mẹ & Bé,Mẹ & Bé,,381800,381800,24.0,24.0,0,0,38,100.0,100.0,222.0,36.25,Maintain and Monitor,Medium,Likes are at the 12% peer percentile. | The listing belongs to an official shop. | Displayed discount is at the 34% peer percentile.,Likes are at the 12% peer percentile.,The listing belongs to an official shop.,Displayed discount is at the 34% peer percentile.,vn | Mẹ & Bé; price pctl 40%; likes pctl 12%; sold-value pctl 49%
vn,vn,438905996,Richy - Chi nhánh Miền Nam,21975544291,[TẶNG QUẠT MINI ĐƠN TỪ 155K] Combo 6 gói bánh yến mạch Richy vị sữa và phô mai 35g,Thực phẩm và đồ uống,Thực phẩm và đồ uống,Yến mạch – Healthy mỗi ngày,76500,76500,49.0,49.0,50,50,56,42.0,42.0,403.0,36.14,Maintain and Monitor,Medium,Displayed discount is at the 98% peer percentile. | Price is at the 30% country-category percentile. | Historical sold-value proxy is at the 32% peer percentile.,Displayed discount is at the 98% peer percentile.,Price is at the 30% country-category percentile.,Historical sold-value proxy is at the 32% peer percentile.,vn | Thực phẩm và đồ uống; price pctl 30%; likes pctl 48%; sold-value pctl 32%
vn,vn,1145316676,Nestlé Health Science,24264694162,[Quà tặng không bán] Bộ Mền Gối Con Cua,Mẹ & Bé,Mẹ & Bé,,381800,381800,24.0,24.0,0,0,20,149.0,149.0,261.0,36.13,Maintain and Monitor,Medium,Likes are at the 12% peer percentile. | The listing belongs to an official shop. | Displayed discount is at the 34% peer percentile.,Likes are at the 12% peer percentile.,The listing belongs to an official shop.,Displayed discount is at the 34% peer percentile.,vn | Mẹ & Bé; price pctl 40%; likes pctl 12%; sold-value pctl 53%
vn,vn,289646907,Orion VN Official Store,29231544899,[LIVESTREAM] Combo 5 gói Bánh Nướng Giòn C'est Bon Orion Baguette Vị Bơ Tỏi Đút Lò (Túi 5 gói),Thực phẩm và đồ uống,Thực phẩm và đồ uống,,193600,193600,12.0,12.0,43,43,8,2000.0,2000.0,2000.0,36.12,Maintain and Monitor,Medium,Shop credibility score is 79%. | Price is at the 77% country-category percentile. | Displayed discount is at the 25% peer percentile.,Shop credibility score is 79%.,Price is at the 77% country-category percentile.,Displayed discount is at the 25% peer percentile.,vn | Thực phẩm và đồ uống; price pctl 77%; likes pctl 45%; sold-value pctl 60%
vn,vn,438905996,Richy - Chi nhánh Miền Nam,28236664738,"[TẶNG QUẠT ĐƠN 180K] Combo 3 Túi Bánh Kenju Rau Củ vị Tôm 192g, Bánh Quy vị Tôm thật - Bánh kẹo Richy",Thực phẩm và đồ uống,Thực phẩm và đồ uống,Kenju- Ngon có gu,121500,121500,33.0,33.0,38,38,121,15.0,15.0,502.0,35.89,Maintain and Monitor,Medium,Displayed discount is at the 86% peer percentile. | Historical sold-value proxy is at the 35% peer percentile. | Shop credibility score is 62%.,Displayed discount is at the 86% peer percentile.,Historical sold-value proxy is at the 35% peer percentile.,Shop credibility score is 62%.,vn | Thực phẩm và đồ uống; price pctl 50%; likes pctl 42%; sold-value pctl 35%
vn,vn,173513432,Richy - Chi Nhánh Miền Bắc,21071014781,[GIAO NHANH] [Mua 3 Tặng 1 Quạt] Combo 2 Túi Yến Mạch Richy mini bite vị Phô Mai 220g,Thực phẩm và đồ uống,Thực phẩm và đồ uống,OatMilk- Bánh Yến Mạch,89100,89100,41.0,41.0,27,27,38,1000.0,1000.0,1000.0,35.68,Maintain and Monitor,Medium,Displayed discount is at the 96% peer percentile. | Likes are at the 35% peer percentile. | Shop credibility score is 64%.,Displayed discount is at the 96% peer percentile.,Likes are at the 35% peer percentile.,Shop credibility score is 64%.,vn | Thực phẩm và đồ uống; price pctl 37%; likes pctl 35%; sold-value pctl 51%
vn,vn,1145316676,Nestlé Health Science,56701308093,"Bộ 2 Sữa Bột NESTLÉ PEPTAMEN Thụy Sĩ Hỗ Trợ Người Kém Hấp Thu,Giảm Chức Năng Tiêu Hóa 400G",Thực phẩm và đồ uống,Thực phẩm và đồ uống,PEPTAMEN + ORAL,1164400,1164400,30.0,30.0,107,107,101,103.0,103.0,667.0,35.57,Maintain and Monitor,Medium,Price is at the 99% country-category percentile. | Displayed discount is at the 81% peer percentile. | The listing belongs to an official shop.,Price is at the 99% country-category percentile.,Displayed discount is at the 81% peer percentile.,The listing belongs to an official shop.,vn | Thực phẩm và đồ uống; price pctl 99%; likes pctl 62%; sold-value pctl 39%
vn,vn,438905996,Richy - Chi nhánh Miền Nam,11166632589,"[MUA 3 TẶNG 1] Bánh Gạo JINJU RICHY Vị Bò Nướng Tiêu Gói 134,4g Datet11/2026",Thực phẩm và đồ uống,Thực phẩm và đồ uống,"Jinju – Bánh gạo giòn, ngon",30000,30000,40.0,40.0,33,33,47,15.0,15.0,209.0,35.55,Maintain and Monitor,Medium,Price is at the 4% country-category percentile. | Displayed discount is at the 95% peer percentile. | Historical sold-value proxy is at the 25% peer percentile.,Price is at the 4% country-category percentile.,Displayed discount is at the 95% peer percentile.,Historical sold-value proxy is at the 25% peer percentile.,vn | Thực phẩm và đồ uống; price pctl 4%; likes pctl 39%; sold-value pctl 25%
vn,vn,1145316676,Nestlé Health Science,45654540269,Bộ 4 Lốc 4 Hộp Sữa Pha Sẵn NESTLÉ NUTREN JUNIOR Thụy Sĩ Công Thức BIG Tăng Trưởng 180ML,Mẹ & Bé,Mẹ & Bé,ƯU ĐÃI THÁNG 6 - DEAL VÀNG RỘN RÀNG,358892,358892,40.0,40.0,29,29,0,55.0,55.0,90.0,35.55,Maintain and Monitor,Medium,Price is at the 14% country-category percentile. | Displayed discount is at the 85% peer percentile. | Historical sold-value proxy is at the 24% peer percentile.,Price is at the 14% country-category percentile.,Displayed discount is at the 85% peer percentile.,Historical sold-value proxy is at the 24% peer percentile.,vn | Mẹ & Bé; price pctl 14%; likes pctl 74%; sold-value pctl 24%
vn,vn,438905996,Richy - Chi nhánh Miền Nam,18367916719,[TẶNG QUẠT ĐƠN TỪ 250K] Thùng bánh RICHY Karo 2 vị (12 bịch/thùng),Thực phẩm và đồ uống,Thực phẩm và đồ uống,Karo – Bánh tươi năng lượng,355240,355240,29.0,29.0,72,72,125,21.0,21.0,593.0,35.53,Maintain and Monitor,Medium,Price is at the 87% country-category percentile. | Displayed discount is at the 79% peer percentile. | Engagement exceeds sold-value strength by 15%.,Price is at the 87% country-category percentile.,Displayed discount is at the 79% peer percentile.,Engagement exceeds sold-value strength by 15%.,vn | Thực phẩm và đồ uống; price pctl 87%; likes pctl 55%; sold-value pctl 37%
vn,vn,1546895026,Mars Snacking VN,48207825412,[Quà tặng không bán] Gói Kẹo Sôcôla M&M's Crispy Siêu Giòn 30g,Thực phẩm và đồ uống,Thực phẩm và đồ uống,,805100,805100,19.0,19.0,3,3,205,1000.0,1000.0,2000.0,35.19,Maintain and Monitor,Medium,Price is at the 97% country-category percentile. | Likes are at the 11% peer percentile. | Shop credibility score is 83%.,Price is at the 97% country-category percentile.,Likes are at the 11% peer percentile.,Shop credibility score is 83%.,vn | Thực phẩm và đồ uống; price pctl 97%; likes pctl 11%; sold-value pctl 60%
vn,vn,213989179,Bibica Official Store ,23451401334,"Kẹo Mút Sumika Hũ 540g (6,48g) Mix Vị Sữa Cafe - Sữa Dâu - Sữa Cam Bibica",Thực phẩm và đồ uống,Thực phẩm và đồ uống,Kẹo Ăn Vặt,102771,102771,14.0,14.0,37,37,51,70.0,70.0,296.0,35.17,Maintain and Monitor,Medium,The listing belongs to an official shop. | Shop credibility score is 75%. | Historical sold-value proxy is at the 28% peer percentile.,The listing belongs to an official shop.,Shop credibility score is 75%.,Historical sold-value proxy is at the 28% peer percentile.,vn | Thực phẩm và đồ uống; price pctl 42%; likes pctl 42%; sold-value pctl 28%
vn,vn,1546895026,Mars Snacking VN,27587470891,Combo 12 Gói kẹo dẻo Skittles Gummies mix vị - 6 gói vị trái cây và 6 gói vị sữa chua trái cây,Thực phẩm và đồ uống,Thực phẩm và đồ uống,Tất cả sản phẩm,210355,210355,20.0,20.0,59,59,47,546.0,546.0,915.0,35.15,Maintain and Monitor,Medium,Shop credibility score is 83%. | Price is at the 79% country-category percentile. | The listing belongs to an official shop.,Shop credibility score is 83%.,Price is at the 79% country-category percentile.,The listing belongs to an official shop.,vn | Thực phẩm và đồ uống; price pctl 79%; likes pctl 51%; sold-value pctl 44%
vn,vn,1145316676,Nestlé Health Science,45712795019,"Bộ 2 Collagen Thủy Phân Dạng Bột NESTLÉ VITAL PROTEINS Mỹ Hỗ Trợ Làm Đẹp Da,Móng,Tóc 567G",Sức Khỏe,Sức Khỏe,,2044260,2044260,47.0,47.0,5,5,0,,,,35.02,Maintain and Monitor,Medium,Displayed discount is at the 95% peer percentile. | Price is at the 82% country-category percentile. | The listing belongs to an official shop.,Displayed discount is at the 95% peer percentile.,Price is at the 82% country-category percentile.,The listing belongs to an official shop.,vn | Sức Khỏe; price pctl 82%; likes pctl 64%; sold-value pctl 50%
vn,vn,108166524,Nestlé Chính hãng,50154131337,Combo 3 Hộp Cà phê Hòa tan NESCAFÉ VỊ RANG ĐẬM 20 gói Đậm Thơm Hoàn Hảo,Thực phẩm và đồ uống,Thực phẩm và đồ uống,Cà phê & Trà,217360,217360,15.0,15.0,33,33,27,1000.0,1000.0,1000.0,35.01,Maintain and Monitor,Medium,Shop credibility score is 90%. | Price is at the 80% country-category percentile. | The listing belongs to an official shop.,Shop credibility score is 90%.,Price is at the 80% country-category percentile.,The listing belongs to an official shop.,vn | Thực phẩm và đồ uống; price pctl 80%; likes pctl 39%; sold-value pctl 51%
vn,vn,1145316676,Nestlé Health Science,55710472577,[Quà tặng không bán] Túi tote cho mẹ màu kem NESTLÉ,Mẹ & Bé,Mẹ & Bé,,381800,381800,24.0,24.0,0,0,32,193.0,193.0,208.0,34.83,Maintain and Monitor,Medium,Likes are at the 12% peer percentile. | The listing belongs to an official shop. | Displayed discount is at the 34% peer percentile.,Likes are at the 12% peer percentile.,The listing belongs to an official shop.,Displayed discount is at the 34% peer percentile.,vn | Mẹ & Bé; price pctl 40%; likes pctl 12%; sold-value pctl 45%
vn,vn,438905996,Richy - Chi nhánh Miền Nam,23184849821,[TẶNG QUÀ ĐƠN TỪ 129K] [NEW]  Karo chà bông gấu  Richy (5 bánh/bịch) VỊ MỚI,Thực phẩm và đồ uống,Thực phẩm và đồ uống,Karo – Bánh tươi năng lượng,25000,25000,50.0,50.0,26,26,50,67.0,67.0,250.0,34.76,Discount Efficiency Review,Medium,Displayed discount is at the 99% peer percentile. | Price is at the 2% country-category percentile. | Historical sold-value proxy is at the 27% peer percentile.,Displayed discount is at the 99% peer percentile.,Price is at the 2% country-category percentile.,Historical sold-value proxy is at the 27% peer percentile.,vn | Thực phẩm và đồ uống; price pctl 2%; likes pctl 34%; sold-value pctl 27%
vn,vn,213989179,Bibica Official Store ,19079606615,"(Phiên Bản Giới Hạn) Bộ Quà Tặng Dinh Dưỡng Quasure Light Bibica, Bánh Tiểu Đường, Ăn Kiêng Bibica",Thực phẩm và đồ uống,Thực phẩm và đồ uống,Bánh Dinh Dưỡng,216862,216862,34.0,34.0,52,52,94,97.0,97.0,561.0,34.76,Maintain and Monitor,Medium,Displayed discount is at the 88% peer percentile. | Price is at the 80% country-category percentile. | The listing belongs to an official shop.,Displayed discount is at the 88% peer percentile.,Price is at the 80% country-category percentile.,The listing belongs to an official shop.,vn | Thực phẩm và đồ uống; price pctl 80%; likes pctl 49%; sold-value pctl 37%
vn,vn,1546895026,Mars Snacking VN,29737445273,Combo 6 gói kẹo sô cô la sữa & sô cô la đậu phộng M&M's 90g (90gx3 + 90gx3) socola,Thực phẩm và đồ uống,Thực phẩm và đồ uống,Tất cả sản phẩm,269318,269318,23.0,23.0,76,76,44,1.0,1.0,342.0,34.73,Maintain and Monitor,Medium,Price is at the 83% country-category percentile. | Shop credibility score is 83%. | The listing belongs to an official shop.,Price is at the 83% country-category percentile.,Shop credibility score is 83%.,The listing belongs to an official shop.,vn | Thực phẩm và đồ uống; price pctl 83%; likes pctl 57%; sold-value pctl 30%
vn,vn,108166524,Nestlé Chính hãng,52702489216,[Tặng Ca đá 900ml] Combo 3 Bịch Cà phê Hòa tan NESCAFÉ VỊ NGUYÊN BẢN 46 gói Đậm Thơm Hoàn Hảo (Bịch 46+3 gói x 16g),Thực phẩm và đồ uống,Thực phẩm và đồ uống,Cà phê & Trà,478800,478800,17.0,17.0,37,37,33,1000.0,1000.0,1000.0,34.67,Maintain and Monitor,Medium,Price is at the 93% country-category percentile. | Shop credibility score is 90%. | The listing belongs to an official shop.,Price is at the 93% country-category percentile.,Shop credibility score is 90%.,The listing belongs to an official shop.,vn | Thực phẩm và đồ uống; price pctl 93%; likes pctl 42%; sold-value pctl 51%
vn,vn,1145316676,Nestlé Health Science,27229058273,"Sữa Dinh Dưỡng Y Học NESTLÉ ORAL IMPACT Đức Cho Người Ung Thư,Phẫu Thuật 5 Gói x 74G",Thực phẩm và đồ uống,Thực phẩm và đồ uống,PEPTAMEN + ORAL,514600,514600,31.0,31.0,81,81,84,242.0,242.0,807.0,34.63,Maintain and Monitor,Medium,Price is at the 94% country-category percentile. | Displayed discount is at the 82% peer percentile. | The listing belongs to an official shop.,Price is at the 94% country-category percentile.,Displayed discount is at the 82% peer percentile.,The listing belongs to an official shop.,vn | Thực phẩm và đồ uống; price pctl 94%; likes pctl 58%; sold-value pctl 43%
vn,vn,140360136,Kinh Do Official Store,56804649243,[QUÀ TẶNG KHÔNG BÁN] Gối Oreo Pie,Nhà cửa & Đời sống,Nhà cửa & Đời sống,Tất cả sản phẩm,820000,820000,18.0,18.0,3,3,4,,,23.0,34.62,Maintain and Monitor,Medium,Price is at the 100% country-category percentile. | The listing belongs to an official shop. | Shop credibility score is 74%.,Price is at the 100% country-category percentile.,The listing belongs to an official shop.,Shop credibility score is 74%.,vn | Nhà cửa & Đời sống; price pctl 100%; likes pctl 67%; sold-value pctl 33%
vn,vn,213989179,Bibica Official Store ,12497286603,Combo Mix 6 Kẹo Cứng Migita Gừng và Quế Bibica 70g,Thực phẩm và đồ uống,Thực phẩm và đồ uống,,46440,46440,10.0,10.0,14,14,17,423.0,423.0,675.0,34.47,Maintain and Monitor,Medium,Price is at the 14% country-category percentile. | Displayed discount is at the 14% peer percentile. | Likes are at the 23% peer percentile.,Price is at the 14% country-category percentile.,Displayed discount is at the 14% peer percentile.,Likes are at the 23% peer percentile.,vn | Thực phẩm và đồ uống; price pctl 14%; likes pctl 23%; sold-value pctl 40%
vn,vn,430972539,Perfetti Van Melle Vietnam,41381798535,Kẹo Mút Còi Thổi CHUPA CHUPS Hương Cola 30G,Thực phẩm và đồ uống,Thực phẩm và đồ uống,,18000,18000,0.0,0.0,0,0,0,,,,34.2,Maintain and Monitor,Medium,Price is at the 1% country-category percentile. | Likes are at the 2% peer percentile. | Displayed discount is at the 2% peer percentile.,Price is at the 1% country-category percentile.,Likes are at the 2% peer percentile.,Displayed discount is at the 2% peer percentile.,vn | Thực phẩm và đồ uống; price pctl 1%; likes pctl 2%; sold-value pctl 50%
vn,vn,289646907,Orion VN Official Store,25586402460,"[ĐỘC QUYỀN ONLINE] Hộp Quà Tặng Bánh Kẹo ĂN VẶT TEAMWORK Orion (992,6G)",Thực phẩm và đồ uống,Thực phẩm và đồ uống,Sản Phẩm Bán Chạy,215600,215600,14.0,14.0,66,66,43,27.0,27.0,245.0,34.19,Maintain and Monitor,Medium,Price is at the 80% country-category percentile. | Shop credibility score is 79%. | The listing belongs to an official shop.,Price is at the 80% country-category percentile.,Shop credibility score is 79%.,The listing belongs to an official shop.,vn | Thực phẩm và đồ uống; price pctl 80%; likes pctl 53%; sold-value pctl 27%
vn,vn,1546895026,Mars Snacking VN,53459274550,"[MỚI RA MẮT] Combo 6 Hũ Kẹo Sing-gum Cool Air Hương Nho siêu the mát (6 hũ x 55,4g)",Thực phẩm và đồ uống,Thực phẩm và đồ uống,Tất cả sản phẩm,137526,137526,18.0,18.0,33,33,41,555.0,555.0,708.0,34.16,Maintain and Monitor,Medium,Shop credibility score is 83%. | The listing belongs to an official shop. | Price is at the 61% country-category percentile.,Shop credibility score is 83%.,The listing belongs to an official shop.,Price is at the 61% country-category percentile.,vn | Thực phẩm và đồ uống; price pctl 61%; likes pctl 39%; sold-value pctl 41%
vn,vn,289646907,Orion VN Official Store,51204730541,"[LIVESTREAM] [ĐỘC QUYỀN] Hộp bánh Pie Orion mix 4 vị (697,5g)",Thực phẩm và đồ uống,Thực phẩm và đồ uống,,180400,180400,12.0,12.0,36,36,74,61.0,61.0,482.0,34.15,Maintain and Monitor,Medium,Shop credibility score is 79%. | Price is at the 76% country-category percentile. | Displayed discount is at the 25% peer percentile.,Shop credibility score is 79%.,Price is at the 76% country-category percentile.,Displayed discount is at the 25% peer percentile.,vn | Thực phẩm và đồ uống; price pctl 76%; likes pctl 41%; sold-value pctl 34%
vn,vn,108166524,Nestlé Chính hãng,41276719159,[Tặng Ca đá Nescafé] Combo 3 Bịch Cà phê Hòa tan NESCAFÉ CAFÉ SỮA ĐÁ 25 gói Nhân đôi sánh quyện ,Thực phẩm và đồ uống,Thực phẩm và đồ uống,Cà phê & Trà,332680,332680,21.0,21.0,14,14,3,4000.0,4000.0,4000.0,34.15,Maintain and Monitor,Medium,Shop credibility score is 90%. | Price is at the 87% country-category percentile. | Likes are at the 23% peer percentile.,Shop credibility score is 90%.,Price is at the 87% country-category percentile.,Likes are at the 23% peer percentile.,vn | Thực phẩm và đồ uống; price pctl 87%; likes pctl 23%; sold-value pctl 70%
vn,vn,289646907,Orion VN Official Store,26912249516,"[ĐỘC QUYỀN ONLINE] Hộp Quà Tặng Bánh Kẹo ĂN VẶT NĂNG LƯỢNG Orion (988,3G)",Thực phẩm và đồ uống,Thực phẩm và đồ uống,Sản Phẩm Bán Chạy,215600,215600,14.0,14.0,64,64,44,23.0,23.0,216.0,34.09,Maintain and Monitor,Medium,Price is at the 80% country-category percentile. | Shop credibility score is 79%. | The listing belongs to an official shop.,Price is at the 80% country-category percentile.,Shop credibility score is 79%.,The listing belongs to an official shop.,vn | Thực phẩm và đồ uống; price pctl 80%; likes pctl 53%; sold-value pctl 26%
vn,vn,289646907,Orion VN Official Store,44322603844,[LIVESTREAM] Combo 2 Hộp 12 Gói Bánh Custas Kem Trứng Giảm Đường (282g),Thực phẩm và đồ uống,Thực phẩm và đồ uống,,132000,132000,12.0,12.0,23,23,74,204.0,204.0,573.0,34.03,Maintain and Monitor,Medium,Shop credibility score is 79%. | Displayed discount is at the 25% peer percentile. | The listing belongs to an official shop.,Shop credibility score is 79%.,Displayed discount is at the 25% peer percentile.,The listing belongs to an official shop.,vn | Thực phẩm và đồ uống; price pctl 57%; likes pctl 32%; sold-value pctl 37%
vn,vn,1145316676,Nestlé Health Science,49862259468,[Quà tặng không bán] Đàn gỗ 8 thanh,Mẹ & Bé,Mẹ & Bé,,381800,381800,24.0,24.0,1,1,16,108.0,108.0,127.0,34.0,Maintain and Monitor,Medium,The listing belongs to an official shop. | Likes are at the 30% peer percentile. | Displayed discount is at the 34% peer percentile.,The listing belongs to an official shop.,Likes are at the 30% peer percentile.,Displayed discount is at the 34% peer percentile.,vn | Mẹ & Bé; price pctl 40%; likes pctl 30%; sold-value pctl 35%
vn,vn,173513432,Richy - Chi Nhánh Miền Bắc,43301375038,[Tặng Quạt Đơn 180k] Combo 3 Túi Bánh Quy Richy Kenju Vị Tôm Mới Giòn Rụm 192g,Thực phẩm và đồ uống,Thực phẩm và đồ uống,,121500,121500,31.0,31.0,37,37,36,778.0,778.0,953.0,33.99,Maintain and Monitor,Medium,Displayed discount is at the 82% peer percentile. | Shop credibility score is 64%. | Likes are at the 42% peer percentile.,Displayed discount is at the 82% peer percentile.,Shop credibility score is 64%.,Likes are at the 42% peer percentile.,vn | Thực phẩm và đồ uống; price pctl 50%; likes pctl 42%; sold-value pctl 44%
vn,vn,430972539,Perfetti Van Melle Vietnam,53907411896,Gum không đường Mentos Air Mát Lạnh Hương Bạc hà khuynh diệp/Dưa hấu (Lốc 6 hũ),Thực phẩm và đồ uống,Thực phẩm và đồ uống,,81000,81000,10.0,10.0,30,30,18,115.0,115.0,233.0,33.76,Maintain and Monitor,Medium,Shop credibility score is 94%. | Displayed discount is at the 14% peer percentile. | The listing belongs to an official shop.,Shop credibility score is 94%.,Displayed discount is at the 14% peer percentile.,The listing belongs to an official shop.,vn | Thực phẩm và đồ uống; price pctl 32%; likes pctl 37%; sold-value pctl 26%
vn,vn,289646907,Orion VN Official Store,41829383225,Combo 2 Hộp Bánh Goute Topping Cốm Dừa (16 Gói/Hộp),Thực phẩm và đồ uống,Thực phẩm và đồ uống,Gouté,129600,129600,10.0,10.0,36,36,34,332.0,332.0,454.0,33.75,Maintain and Monitor,Medium,Displayed discount is at the 14% peer percentile. | Shop credibility score is 79%. | The listing belongs to an official shop.,Displayed discount is at the 14% peer percentile.,Shop credibility score is 79%.,The listing belongs to an official shop.,vn | Thực phẩm và đồ uống; price pctl 55%; likes pctl 41%; sold-value pctl 33%
vn,vn,140360136,Kinh Do Official Store,46501725123,Combo 2 Hộp Bánh Quy Bơ Thập Cẩm Công Thức Pháp LU 180G/320G/540G/720G - LIVE HANNAH,Thực phẩm và đồ uống,Thực phẩm và đồ uống,Tất cả sản phẩm,571040,571040,17.0,17.0,39,39,100,125.0,125.0,979.0,33.62,Maintain and Monitor,Medium,Price is at the 95% country-category percentile. | The listing belongs to an official shop. | Shop credibility score is 74%.,Price is at the 95% country-category percentile.,The listing belongs to an official shop.,Shop credibility score is 74%.,vn | Thực phẩm và đồ uống; price pctl 95%; likes pctl 43%; sold-value pctl 45%
vn,vn,1546895026,Mars Snacking VN,44756561137,Túi Kẹo Sôcôla đậu phộng M&M's Funsize 175.5g,Thực phẩm và đồ uống,Thực phẩm và đồ uống,Tất cả sản phẩm,102600,102600,14.0,14.0,49,49,11,370.0,370.0,417.0,33.4,Maintain and Monitor,Medium,Shop credibility score is 83%. | The listing belongs to an official shop. | Displayed discount is at the 32% peer percentile.,Shop credibility score is 83%.,The listing belongs to an official shop.,Displayed discount is at the 32% peer percentile.,vn | Thực phẩm và đồ uống; price pctl 42%; likes pctl 47%; sold-value pctl 32%
vn,vn,173513432,Richy - Chi Nhánh Miền Bắc,28534686552,[GIAO NHANH] [Quà Tặng Đơn 129k] Combo 4 Túi Bánh Tươi Festa Hoa Cúc Ngàn Lớp 2 Vị,Thực phẩm và đồ uống,Thực phẩm và đồ uống,Festa Richy - Bánh Mì Hoa Cúc Ngàn Lớp,85500,85500,29.0,29.0,31,31,53,68.0,68.0,297.0,33.3,Maintain and Monitor,Medium,Displayed discount is at the 79% peer percentile. | Historical sold-value proxy is at the 28% peer percentile. | Price is at the 34% country-category percentile.,Displayed discount is at the 79% peer percentile.,Historical sold-value proxy is at the 28% peer percentile.,Price is at the 34% country-category percentile.,vn | Thực phẩm và đồ uống; price pctl 34%; likes pctl 37%; sold-value pctl 28%
vn,vn,1145316676,Nestlé Health Science,26229062943,"Sữa Bột NESTLÉ PEPTAMENJUNIOR Thụy Sĩ Hỗ Trợ Kém Hấp Thu,Giảm Chức Năng Tiêu Hóa 400G",Thực phẩm và đồ uống,Thực phẩm và đồ uống,PEPTAMEN + ORAL,471200,471200,37.0,37.0,85,85,58,173.0,173.0,497.0,33.24,Maintain and Monitor,Medium,Price is at the 92% country-category percentile. | Displayed discount is at the 92% peer percentile. | The listing belongs to an official shop.,Price is at the 92% country-category percentile.,Displayed discount is at the 92% peer percentile.,The listing belongs to an official shop.,vn | Thực phẩm và đồ uống; price pctl 92%; likes pctl 59%; sold-value pctl 35%
vn,vn,1145316676,Nestlé Health Science,45212804072,"Bộ 3 Collagen Thủy Phân Dạng Bột NESTLÉ VITAL PROTEINS Mỹ Hỗ Trợ Làm Đẹp Da,Móng,Tóc 284G",Sức Khỏe,Sức Khỏe,,1832864,1832864,44.0,44.0,4,4,0,,,,33.13,Maintain and Monitor,Medium,The listing belongs to an official shop. | Price is at the 73% country-category percentile. | Shop credibility score is 64%.,The listing belongs to an official shop.,Price is at the 73% country-category percentile.,Shop credibility score is 64%.,vn | Sức Khỏe; price pctl 73%; likes pctl 36%; sold-value pctl 50%
vn,vn,1145316676,Nestlé Health Science,49354539673,Bộ 6 Lốc 4 Hộp Sữa Pha Sẵn NESTLÉ NUTREN JUNIOR Thụy Sĩ Công Thức BIG Tăng Trưởng 180ML,Mẹ & Bé,Mẹ & Bé,ƯU ĐÃI THÁNG 6 - DEAL VÀNG RỘN RÀNG,539500,539500,40.0,40.0,13,13,6,43.0,43.0,65.0,33.06,Maintain and Monitor,Medium,Displayed discount is at the 85% peer percentile. | Historical sold-value proxy is at the 16% peer percentile. | Engagement exceeds sold-value strength by 28%.,Displayed discount is at the 85% peer percentile.,Historical sold-value proxy is at the 16% peer percentile.,Engagement exceeds sold-value strength by 28%.,vn | Mẹ & Bé; price pctl 64%; likes pctl 66%; sold-value pctl 16%
vn,vn,289646907,Orion VN Official Store,43220891429,[LIVESTREAM] Combo 5 Túi Bánh Con Cá Bống Bang nhân MOCHI CỐM Đậu Đỏ (145g),Thực phẩm và đồ uống,Thực phẩm và đồ uống,,171600,171600,12.0,12.0,18,18,19,1000.0,1000.0,1000.0,32.74,Maintain and Monitor,Medium,Shop credibility score is 79%. | Displayed discount is at the 25% peer percentile. | The listing belongs to an official shop.,Shop credibility score is 79%.,Displayed discount is at the 25% peer percentile.,The listing belongs to an official shop.,vn | Thực phẩm và đồ uống; price pctl 73%; likes pctl 28%; sold-value pctl 51%
vn,vn,1145316676,Nestlé Health Science,24114692449,[Quà tặng không bán] Ba lô và nón Boost Optimum,Thời trang trẻ em & trẻ sơ sinh,Thời trang trẻ em & trẻ sơ sinh,,377200,377200,25.0,25.0,0,0,7,60.0,60.0,85.0,32.72,Maintain and Monitor,Medium,The listing belongs to an official shop. | Historical sold-value proxy is at the 33% peer percentile. | Price is at the 67% country-category percentile.,The listing belongs to an official shop.,Historical sold-value proxy is at the 33% peer percentile.,Price is at the 67% country-category percentile.,vn | Thời trang trẻ em & trẻ sơ sinh; price pctl 67%; likes pctl 50%; sold-value pctl 33%
vn,vn,289646907,Orion VN Official Store,56152579418,Combo 5 Túi Bánh Gạo Nướng An vị Nấm Hương Om Nước Tương (140G/Túi),Thực phẩm và đồ uống,Thực phẩm và đồ uống,BÁNH GẠO AN - BÁNH GẠO CHO CẢ GIA ĐÌNH,171600,171600,12.0,12.0,34,34,49,154.0,154.0,517.0,32.64,Maintain and Monitor,Medium,Shop credibility score is 79%. | Displayed discount is at the 25% peer percentile. | The listing belongs to an official shop.,Shop credibility score is 79%.,Displayed discount is at the 25% peer percentile.,The listing belongs to an official shop.,vn | Thực phẩm và đồ uống; price pctl 73%; likes pctl 40%; sold-value pctl 36%
vn,vn,1546895026,Mars Snacking VN,42924155817,Combo 15 thanh kẹo Socola Snickers thanh 35g (5 lốc x 3 thanh),Thực phẩm và đồ uống,Thực phẩm và đồ uống,Tất cả sản phẩm,227088,227088,20.0,20.0,55,55,30,420.0,420.0,676.0,32.51,Maintain and Monitor,Medium,Shop credibility score is 83%. | Price is at the 81% country-category percentile. | The listing belongs to an official shop.,Shop credibility score is 83%.,Price is at the 81% country-category percentile.,The listing belongs to an official shop.,vn | Thực phẩm và đồ uống; price pctl 81%; likes pctl 50%; sold-value pctl 40%
vn,vn,1546895026,Mars Snacking VN,47602953145,Combo gồm 2 Hộp kẹo Socola Snickers Funsize (2 Hộp x 240g),Thực phẩm và đồ uống,Thực phẩm và đồ uống,Tất cả sản phẩm,182476,182476,24.0,24.0,43,43,18,797.0,797.0,900.0,32.42,Maintain and Monitor,Medium,Shop credibility score is 83%. | Price is at the 76% country-category percentile. | The listing belongs to an official shop.,Shop credibility score is 83%.,Price is at the 76% country-category percentile.,The listing belongs to an official shop.,vn | Thực phẩm và đồ uống; price pctl 76%; likes pctl 45%; sold-value pctl 43%
vn,vn,438905996,Richy - Chi nhánh Miền Nam,22670919692,"[TẶNG QUẠT ĐƠN TỪ 250K]  Combo 10 Bịch Bánh Richy trứng tươi Karo chà bông sợi gà, phô mai hoàng kim",Thực phẩm và đồ uống,Thực phẩm và đồ uống,Karo – Bánh tươi năng lượng,234890,234890,53.0,53.0,48,48,95,83.0,83.0,404.0,32.33,Discount Efficiency Review,Medium,Displayed discount is at the 99% peer percentile. | Price is at the 82% country-category percentile. | Historical sold-value proxy is at the 32% peer percentile.,Displayed discount is at the 99% peer percentile.,Price is at the 82% country-category percentile.,Historical sold-value proxy is at the 32% peer percentile.,vn | Thực phẩm và đồ uống; price pctl 82%; likes pctl 47%; sold-value pctl 32%
vn,vn,213989179,Bibica Official Store ,28538456270,Combo 3 Kẹo Mềm Sữa aHHa Bibica 120g,Thực phẩm và đồ uống,Thực phẩm và đồ uống,Kẹo Ăn Vặt,68040,68040,19.0,19.0,14,14,34,337.0,337.0,495.0,32.29,Maintain and Monitor,Medium,Likes are at the 23% peer percentile. | The listing belongs to an official shop. | Shop credibility score is 75%.,Likes are at the 23% peer percentile.,The listing belongs to an official shop.,Shop credibility score is 75%.,vn | Thực phẩm và đồ uống; price pctl 28%; likes pctl 23%; sold-value pctl 35%
vn,vn,108166524,Nestlé Chính hãng,45011729618,Combo 2 Sữa Lúa Mạch Nestle MILO với sữa A2 MỚI thùng 12 x 110ml (12x4x110ml),Thực phẩm và đồ uống,Thực phẩm và đồ uống,MILO & Sữa,492240,492240,30.0,30.0,40,40,67,313.0,313.0,314.0,32.26,Maintain and Monitor,Medium,Price is at the 94% country-category percentile. | Shop credibility score is 90%. | Displayed discount is at the 81% peer percentile.,Price is at the 94% country-category percentile.,Shop credibility score is 90%.,Displayed discount is at the 81% peer percentile.,vn | Thực phẩm và đồ uống; price pctl 94%; likes pctl 44%; sold-value pctl 29%
vn,vn,173513432,Richy - Chi Nhánh Miền Bắc,12993802768,"[Tặng Quạt Cầm Tay] Thùng Bánh RICHY Karo 3 vị (12 bịch /thùng): 5 Karo Sợi Gà Truyền Thống, 5 Karo Hoàng Kim & 2 Gấu",Thực phẩm và đồ uống,Thực phẩm và đồ uống,Karo - Bánh Tươi Cho Mọi Nhà,366030,366030,27.0,27.0,62,62,60,6.0,6.0,306.0,32.15,Maintain and Monitor,Medium,Price is at the 88% country-category percentile. | Displayed discount is at the 78% peer percentile. | Historical sold-value proxy is at the 29% peer percentile.,Price is at the 88% country-category percentile.,Displayed discount is at the 78% peer percentile.,Historical sold-value proxy is at the 29% peer percentile.,vn | Thực phẩm và đồ uống; price pctl 88%; likes pctl 52%; sold-value pctl 29%
vn,vn,1546895026,Mars Snacking VN,42506217538,[Quà tặng không bán] Gói kẹo Skittles Gummies 42.5g (vị ngẫu nhiên),Thực phẩm và đồ uống,Thực phẩm và đồ uống,,805100,805100,19.0,19.0,2,2,169,624.0,624.0,1000.0,31.81,Maintain and Monitor,Medium,Price is at the 97% country-category percentile. | Likes are at the 8% peer percentile. | Shop credibility score is 83%.,Price is at the 97% country-category percentile.,Likes are at the 8% peer percentile.,Shop credibility score is 83%.,vn | Thực phẩm và đồ uống; price pctl 97%; likes pctl 8%; sold-value pctl 51%
vn,vn,1546895026,Mars Snacking VN,43853996444,Combo 4 gói Socola vị sữa và đậu phộng M&M's 90g,Thực phẩm và đồ uống,Thực phẩm và đồ uống,Tất cả sản phẩm,190924,190924,18.0,18.0,51,51,30,12.0,12.0,158.0,31.61,Maintain and Monitor,Medium,Shop credibility score is 83%. | Historical sold-value proxy is at the 21% peer percentile. | Price is at the 76% country-category percentile.,Shop credibility score is 83%.,Historical sold-value proxy is at the 21% peer percentile.,Price is at the 76% country-category percentile.,vn | Thực phẩm và đồ uống; price pctl 76%; likes pctl 48%; sold-value pctl 21%
vn,vn,464391416,Bánh Kẹo Hải Hà - Chính hãng,16365981952,Bánh Kem Xốp Cream Wafer HẢI HÀ (Túi: 475g),Thực phẩm và đồ uống,Thực phẩm và đồ uống,BST BÁNH NGON HẢI HÀ,36000,36000,0.0,0.0,28,28,16,,,59.0,31.49,Low Priority,Medium,Displayed discount is at the 2% peer percentile. | Price is at the 7% country-category percentile. | Historical sold-value proxy is at the 14% peer percentile.,Displayed discount is at the 2% peer percentile.,Price is at the 7% country-category percentile.,Historical sold-value proxy is at the 14% peer percentile.,vn | Thực phẩm và đồ uống; price pctl 7%; likes pctl 36%; sold-value pctl 14%
vn,vn,1546895026,Mars Snacking VN,41174154230,Combo 9 thanh kẹo Socola Snickers thanh 35g (3 lốc x 3 thanh),Thực phẩm và đồ uống,Thực phẩm và đồ uống,Tất cả sản phẩm,146080,146080,15.0,15.0,46,46,21,23.0,23.0,145.0,31.41,Maintain and Monitor,Medium,Shop credibility score is 83%. | Historical sold-value proxy is at the 21% peer percentile. | The listing belongs to an official shop.,Shop credibility score is 83%.,Historical sold-value proxy is at the 21% peer percentile.,The listing belongs to an official shop.,vn | Thực phẩm và đồ uống; price pctl 65%; likes pctl 46%; sold-value pctl 21%
vn,vn,108166524,Nestlé Chính hãng,54602009580,[Tặng Bộ 3 hũ đựng gia vị] Cà phê Hòa tan NESCAFÉ VỊ RANG ĐẬM 46 gói Đậm Thơm Hoàn Hảo,Thực phẩm và đồ uống,Thực phẩm và đồ uống,Cà phê & Trà,170720,170720,15.0,15.0,30,30,43,109.0,109.0,186.0,31.41,Maintain and Monitor,Medium,Shop credibility score is 90%. | Historical sold-value proxy is at the 23% peer percentile. | The listing belongs to an official shop.,Shop credibility score is 90%.,Historical sold-value proxy is at the 23% peer percentile.,The listing belongs to an official shop.,vn | Thực phẩm và đồ uống; price pctl 72%; likes pctl 37%; sold-value pctl 23%
vn,vn,289646907,Orion VN Official Store,26829112813,[LIVESTREAM] Combo 5 Túi Bánh Gạo An vị Ngô nướng Bơ (120g/Túi),Thực phẩm và đồ uống,Thực phẩm và đồ uống,,171600,171600,12.0,12.0,18,18,38,205.0,205.0,716.0,31.33,Maintain and Monitor,Medium,Shop credibility score is 79%. | Displayed discount is at the 25% peer percentile. | The listing belongs to an official shop.,Shop credibility score is 79%.,Displayed discount is at the 25% peer percentile.,The listing belongs to an official shop.,vn | Thực phẩm và đồ uống; price pctl 73%; likes pctl 28%; sold-value pctl 41%
vn,vn,1546895026,Mars Snacking VN,29637455808,Hộp 12 Gói kẹo dẻo Skittles vị trái cây Gummies (1 hộp x 12 gói),Thực phẩm và đồ uống,Thực phẩm và đồ uống,Tất cả sản phẩm,210355,210355,20.0,20.0,31,31,31,524.0,524.0,714.0,31.27,Maintain and Monitor,Medium,Shop credibility score is 83%. | Price is at the 79% country-category percentile. | The listing belongs to an official shop.,Shop credibility score is 83%.,Price is at the 79% country-category percentile.,The listing belongs to an official shop.,vn | Thực phẩm và đồ uống; price pctl 79%; likes pctl 37%; sold-value pctl 41%
vn,vn,108166524,Nestlé Chính hãng,45252508882,[Tặng Bộ 3 hũ đựng gia vị NESCAFÉ] Bịch Cà phê Hòa tan NESCAFÉ VỊ NGUYÊN BẢN 46 gói Đậm Thơm Hoàn Hảo,Thực phẩm và đồ uống,Thực phẩm và đồ uống,Cà phê & Trà,170720,170720,26.0,26.0,17,17,21,916.0,916.0,957.0,31.27,Maintain and Monitor,Medium,Shop credibility score is 90%. | Displayed discount is at the 76% peer percentile. | The listing belongs to an official shop.,Shop credibility score is 90%.,Displayed discount is at the 76% peer percentile.,The listing belongs to an official shop.,vn | Thực phẩm và đồ uống; price pctl 72%; likes pctl 26%; sold-value pctl 45%
vn,vn,289646907,Orion VN Official Store,54911472135,Combo 3 Túi Bánh Cest Bon Mochi Cốm Dừa (5 Gói/Túi),Thực phẩm và đồ uống,Thực phẩm và đồ uống,,118800,118800,10.0,10.0,29,29,28,177.0,177.0,181.0,31.22,Maintain and Monitor,Medium,Displayed discount is at the 14% peer percentile. | Shop credibility score is 79%. | Historical sold-value proxy is at the 22% peer percentile.,Displayed discount is at the 14% peer percentile.,Shop credibility score is 79%.,Historical sold-value proxy is at the 22% peer percentile.,vn | Thực phẩm và đồ uống; price pctl 48%; likes pctl 36%; sold-value pctl 22%
vn,vn,1145316676,Nestlé Health Science,25414693248,[Quà tặng không bán] Thùng đồ đa năng,Mẹ & Bé,Mẹ & Bé,,381800,381800,24.0,24.0,0,0,16,91.0,91.0,131.0,31.21,Maintain and Monitor,Medium,Likes are at the 12% peer percentile. | The listing belongs to an official shop. | Displayed discount is at the 34% peer percentile.,Likes are at the 12% peer percentile.,The listing belongs to an official shop.,Displayed discount is at the 34% peer percentile.,vn | Mẹ & Bé; price pctl 40%; likes pctl 12%; sold-value pctl 37%
vn,vn,438905996,Richy - Chi nhánh Miền Nam,57862356488,"[TẶNG BÁNH NGẪU NHIÊN ]ÁNH LẺ KARO SỢI GÀ, KARO HOÀNG KIM, KARO GẤU PHÔ MAI, BÁNH MÌ HOA CÚC DATE 12/7",Thực phẩm và đồ uống,Thực phẩm và đồ uống,,45000,45000,10.0,10.0,3,3,52,350.0,350.0,355.0,31.07,Maintain and Monitor,Medium,Likes are at the 11% peer percentile. | Price is at the 12% country-category percentile. | Displayed discount is at the 14% peer percentile.,Likes are at the 11% peer percentile.,Price is at the 12% country-category percentile.,Displayed discount is at the 14% peer percentile.,vn | Thực phẩm và đồ uống; price pctl 12%; likes pctl 11%; sold-value pctl 31%
vn,vn,1145316676,Nestlé Health Science,56060464533,[Quà tặng không bán] Balo Cabybara NESTLÉ,Mẹ & Bé,Mẹ & Bé,,381800,381800,24.0,24.0,1,1,13,35.0,35.0,87.0,31.07,Maintain and Monitor,Medium,Historical sold-value proxy is at the 22% peer percentile. | The listing belongs to an official shop. | Likes are at the 30% peer percentile.,Historical sold-value proxy is at the 22% peer percentile.,The listing belongs to an official shop.,Likes are at the 30% peer percentile.,vn | Mẹ & Bé; price pctl 40%; likes pctl 30%; sold-value pctl 22%
vn,vn,438905996,Richy - Chi nhánh Miền Nam,22330873798,[MUA 3 TẶNG 1] Bánh Gạo JINJU RICHY vị Cốm Sữa 145g,Thực phẩm và đồ uống,Thực phẩm và đồ uống,"Jinju – Bánh gạo giòn, ngon",30000,30000,25.0,25.0,19,19,25,12.0,12.0,173.0,31.04,Low Priority,Medium,Price is at the 4% country-category percentile. | Historical sold-value proxy is at the 22% peer percentile. | Displayed discount is at the 73% peer percentile.,Price is at the 4% country-category percentile.,Historical sold-value proxy is at the 22% peer percentile.,Displayed discount is at the 73% peer percentile.,vn | Thực phẩm và đồ uống; price pctl 4%; likes pctl 29%; sold-value pctl 22%
vn,vn,464391416,Bánh Kẹo Hải Hà - Chính hãng,9776658104,Bánh Tảo Biển Kami Hải Hà - Hàng Chính Hãng (Hộp: 230g) - Bánh quy mặn vị tảo biển,Thực phẩm và đồ uống,Thực phẩm và đồ uống,BST BÁNH NGON HẢI HÀ,30000,30000,0.0,0.0,14,14,29,,,200.0,30.88,Low Priority,Medium,Displayed discount is at the 2% peer percentile. | Price is at the 4% country-category percentile. | Likes are at the 23% peer percentile.,Displayed discount is at the 2% peer percentile.,Price is at the 4% country-category percentile.,Likes are at the 23% peer percentile.,vn | Thực phẩm và đồ uống; price pctl 4%; likes pctl 23%; sold-value pctl 24%
vn,vn,289646907,Orion VN Official Store,29784689659,[LIVESTREAM] [ĐỘC QUYỀN] Kẹo Họng Mix Vị Quất - Gừng (500g),Thực phẩm và đồ uống,Thực phẩm và đồ uống,,117000,117000,10.0,10.0,13,13,55,92.0,92.0,295.0,30.87,Maintain and Monitor,Medium,Displayed discount is at the 14% peer percentile. | Shop credibility score is 79%. | Likes are at the 22% peer percentile.,Displayed discount is at the 14% peer percentile.,Shop credibility score is 79%.,Likes are at the 22% peer percentile.,vn | Thực phẩm và đồ uống; price pctl 47%; likes pctl 22%; sold-value pctl 28%
vn,vn,1145316676,Nestlé Health Science,48808360600,Bộ 3 Sữa Bột NESTLÉ NUTREN JUNIOR Thụy Sĩ Với Công Thức BIG Hỗ Trợ Tăng Trưởng Cho Bé 800G+2 Lốc 4 hộp sữa pha sẵn 110ML,Mẹ & Bé,Mẹ & Bé,ƯU ĐÃI THÁNG 6 - DEAL VÀNG RỘN RÀNG,1748240,1748240,39.0,39.0,27,27,6,21.0,21.0,50.0,30.87,Maintain and Monitor,Medium,Price is at the 98% country-category percentile. | Historical sold-value proxy is at the 10% peer percentile. | Engagement exceeds sold-value strength by 37%.,Price is at the 98% country-category percentile.,Historical sold-value proxy is at the 10% peer percentile.,Engagement exceeds sold-value strength by 37%.,vn | Mẹ & Bé; price pctl 98%; likes pctl 72%; sold-value pctl 10%
vn,vn,1145316676,Nestlé Health Science,26429048596,"Sữa Bột NESTLÉ PEPTAMEN Thụy Sĩ Hỗ Trợ Người Kém Hấp Thu,Giảm Chức Năng Tiêu Hóa 400G",Thực phẩm và đồ uống,Thực phẩm và đồ uống,PEPTAMEN + ORAL,556100,556100,33.0,33.0,139,139,10,151.0,151.0,714.0,30.6,Maintain and Monitor,Medium,Price is at the 95% country-category percentile. | Displayed discount is at the 86% peer percentile. | The listing belongs to an official shop.,Price is at the 95% country-category percentile.,Displayed discount is at the 86% peer percentile.,The listing belongs to an official shop.,vn | Thực phẩm và đồ uống; price pctl 95%; likes pctl 68%; sold-value pctl 41%
vn,vn,1145316676,Nestlé Health Science,47312804000,"Bộ 4 Collagen Thủy Phân Dạng Bột NESTLÉ VITAL PROTEINS Mỹ Hỗ Trợ Làm Đẹp Da,Móng,Tóc 284G",Sức Khỏe,Sức Khỏe,,2395712,2395712,46.0,46.0,4,4,0,,,,30.6,Maintain and Monitor,Medium,Price is at the 91% country-category percentile. | The listing belongs to an official shop. | Displayed discount is at the 73% peer percentile.,Price is at the 91% country-category percentile.,The listing belongs to an official shop.,Displayed discount is at the 73% peer percentile.,vn | Sức Khỏe; price pctl 91%; likes pctl 36%; sold-value pctl 50%
vn,vn,1145316676,Nestlé Health Science,57906098813,Bộ 6 Lốc 4 Hộp Sữa Pha Sẵn NESTLÉ NUTREN JUNIOR Thụy Sĩ Công Thức BIG Tăng Trưởng 110ML,Mẹ & Bé,Mẹ & Bé,ƯU ĐÃI THÁNG 6 - DEAL VÀNG RỘN RÀNG,358128,358128,42.0,42.0,3,3,3,47.0,47.0,70.0,30.54,Low Priority,Medium,Displayed discount is at the 95% peer percentile. | Price is at the 12% country-category percentile. | Historical sold-value proxy is at the 18% peer percentile.,Displayed discount is at the 95% peer percentile.,Price is at the 12% country-category percentile.,Historical sold-value proxy is at the 18% peer percentile.,vn | Mẹ & Bé; price pctl 12%; likes pctl 45%; sold-value pctl 18%
vn,vn,438905996,Richy - Chi nhánh Miền Nam,55962469680,"[MUA 1 TẶNG 1] Bánh quy sữa dừa HG 108g (Merry), Date t12/2026",Thực phẩm và đồ uống,Thực phẩm và đồ uống,🔥MUA 1 TẶNG 1,45000,45000,0.0,0.0,1,1,0,,,,30.43,Maintain and Monitor,Medium,Displayed discount is at the 2% peer percentile. | Likes are at the 5% peer percentile. | Price is at the 12% country-category percentile.,Displayed discount is at the 2% peer percentile.,Likes are at the 5% peer percentile.,Price is at the 12% country-category percentile.,vn | Thực phẩm và đồ uống; price pctl 12%; likes pctl 5%; sold-value pctl 50%
vn,vn,213989179,Bibica Official Store ,54611253723,(Mua 5 TẶNG 5) Bánh Ăn Sáng Bibica - Bánh Mì Chà Bông/ Phô Mai Trứng Muối 40g (Date mới),Thực phẩm và đồ uống,Thực phẩm và đồ uống,Bánh Ăn Sáng,52050,52050,19.0,19.0,12,12,16,333.0,333.0,333.0,30.33,Low Priority,Medium,Price is at the 20% country-category percentile. | Likes are at the 22% peer percentile. | The listing belongs to an official shop.,Price is at the 20% country-category percentile.,Likes are at the 22% peer percentile.,The listing belongs to an official shop.,vn | Thực phẩm và đồ uống; price pctl 20%; likes pctl 22%; sold-value pctl 30%
vn,vn,1546895026,Mars Snacking VN,40953993210,Hộp 12 Gói kẹo dẻo Skittles vị sữa chua trái cây Gummies (1 hộp x 12 gói),Thực phẩm và đồ uống,Thực phẩm và đồ uống,Tất cả sản phẩm,210355,210355,20.0,20.0,32,32,28,512.0,512.0,627.0,30.32,Maintain and Monitor,Medium,Shop credibility score is 83%. | Price is at the 79% country-category percentile. | The listing belongs to an official shop.,Shop credibility score is 83%.,Price is at the 79% country-category percentile.,The listing belongs to an official shop.,vn | Thực phẩm và đồ uống; price pctl 79%; likes pctl 38%; sold-value pctl 38%
vn,vn,213989179,Bibica Official Store ,52900782117,"Bánh hỗn hợp Quasure Sugar Free hộp thiếc sang trọng Bibica bánh ăn kiêng không đường, biếu tặng người thân 256g",Thực phẩm và đồ uống,Thực phẩm và đồ uống,Sản Phẩm Mới,142956,142956,16.0,16.0,28,28,33,188.0,188.0,358.0,30.27,Maintain and Monitor,Medium,The listing belongs to an official shop. | Shop credibility score is 75%. | Historical sold-value proxy is at the 31% peer percentile.,The listing belongs to an official shop.,Shop credibility score is 75%.,Historical sold-value proxy is at the 31% peer percentile.,vn | Thực phẩm và đồ uống; price pctl 64%; likes pctl 36%; sold-value pctl 31%
vn,vn,438905996,Richy - Chi nhánh Miền Nam,20486486922,[TẶNG QUÀ ĐƠN TỪ 129K] Bánh mì hoa cúc ngàn lớp Fes'ta Richy,Thực phẩm và đồ uống,Thực phẩm và đồ uống,Fe’sta – Bánh tươi ăn vặt,25000,25000,29.0,29.0,8,8,38,133.0,133.0,199.0,30.24,Low Priority,Medium,Price is at the 2% country-category percentile. | Likes are at the 19% peer percentile. | Displayed discount is at the 79% peer percentile.,Price is at the 2% country-category percentile.,Likes are at the 19% peer percentile.,Displayed discount is at the 79% peer percentile.,vn | Thực phẩm và đồ uống; price pctl 2%; likes pctl 19%; sold-value pctl 24%
vn,vn,1546895026,Mars Snacking VN,42004001750,Combo 12 gói kẹo Sô cô la M&M's Crispy giòn 30g (30g x 12 gói),Thực phẩm và đồ uống,Thực phẩm và đồ uống,Tất cả sản phẩm,223104,223104,23.0,23.0,39,39,30,224.0,224.0,491.0,30.24,Maintain and Monitor,Medium,Shop credibility score is 83%. | Price is at the 81% country-category percentile. | The listing belongs to an official shop.,Shop credibility score is 83%.,Price is at the 81% country-category percentile.,The listing belongs to an official shop.,vn | Thực phẩm và đồ uống; price pctl 81%; likes pctl 43%; sold-value pctl 34%
vn,vn,1546895026,Mars Snacking VN,50259287600,"[MỚI RA MẮT] Combo 4 Gói Kẹo Sing-gum Cool Air Hương Bạc hà siêu the mát gói 159,5g",Thực phẩm và đồ uống,Thực phẩm và đồ uống,Tất cả sản phẩm,164560,164560,18.0,18.0,27,27,40,128.0,128.0,201.0,30.2,Maintain and Monitor,Medium,Shop credibility score is 83%. | Historical sold-value proxy is at the 25% peer percentile. | The listing belongs to an official shop.,Shop credibility score is 83%.,Historical sold-value proxy is at the 25% peer percentile.,The listing belongs to an official shop.,vn | Thực phẩm và đồ uống; price pctl 70%; likes pctl 35%; sold-value pctl 25%
vn,vn,1546895026,Mars Snacking VN,55906777440,Combo 6 Gói Kẹo Sôcôla đậu phộng M&M's 37g,Thực phẩm và đồ uống,Thực phẩm và đồ uống,Tất cả sản phẩm,116100,116100,19.0,19.0,9,9,14,604.0,604.0,657.0,30.19,Maintain and Monitor,Medium,Shop credibility score is 83%. | Likes are at the 20% peer percentile. | The listing belongs to an official shop.,Shop credibility score is 83%.,Likes are at the 20% peer percentile.,The listing belongs to an official shop.,vn | Thực phẩm và đồ uống; price pctl 47%; likes pctl 20%; sold-value pctl 39%
vn,vn,289646907,Orion VN Official Store,28886761728,[LIVESTREAM] Combo 2 Hộp Bánh Orion Chocopie TÌNH (435.6g/hộp),Thực phẩm và đồ uống,Thực phẩm và đồ uống,,129600,129600,10.0,10.0,23,23,15,165.0,165.0,420.0,29.99,Maintain and Monitor,Medium,Displayed discount is at the 14% peer percentile. | Shop credibility score is 79%. | The listing belongs to an official shop.,Displayed discount is at the 14% peer percentile.,Shop credibility score is 79%.,The listing belongs to an official shop.,vn | Thực phẩm và đồ uống; price pctl 55%; likes pctl 32%; sold-value pctl 32%
vn,vn,438905996,Richy - Chi nhánh Miền Nam,48206797229,"[TẶNG  QUÀ ĐƠN TỪ 129K]Combo 4 Bịch Bánh Mì Hoa Cúc, Bịch 3 Bánh, Bánh mì ăn sáng Bánh kẹo Richy - HSD 35 ngày",Thực phẩm và đồ uống,Thực phẩm và đồ uống,Fe’sta – Bánh tươi ăn vặt,90000,90000,36.0,36.0,18,18,53,119.0,119.0,268.0,29.97,Maintain and Monitor,Medium,Displayed discount is at the 91% peer percentile. | Likes are at the 28% peer percentile. | Historical sold-value proxy is at the 28% peer percentile.,Displayed discount is at the 91% peer percentile.,Likes are at the 28% peer percentile.,Historical sold-value proxy is at the 28% peer percentile.,vn | Thực phẩm và đồ uống; price pctl 38%; likes pctl 28%; sold-value pctl 28%
vn,vn,438905996,Richy - Chi nhánh Miền Nam,21377681750,"[TẶNG QUÀ TỪ 129K] Combo "" ĂN VẶT VĂN PHÒNG"" bánh yến mạch Oatmeal và bánh quy hành kem dẻo Kenju Richy",Thực phẩm và đồ uống,Thực phẩm và đồ uống,Kenju- Ngon có gu,90000,90000,25.0,25.0,23,23,39,7.0,7.0,156.0,29.97,Maintain and Monitor,Medium,Historical sold-value proxy is at the 21% peer percentile. | Displayed discount is at the 73% peer percentile. | Likes are at the 32% peer percentile.,Historical sold-value proxy is at the 21% peer percentile.,Displayed discount is at the 73% peer percentile.,Likes are at the 32% peer percentile.,vn | Thực phẩm và đồ uống; price pctl 38%; likes pctl 32%; sold-value pctl 21%
vn,vn,1145316676,Nestlé Health Science,45951323803,"Bộ 2 Sữa Bột NESTLÉ PEPTAMENJUNIOR Thụy Sĩ Hỗ Trợ Kém Hấp Thu,Giảm Chức Năng Tiêu Hóa 400G",Thực phẩm và đồ uống,Thực phẩm và đồ uống,PEPTAMEN + ORAL,959400,959400,36.0,36.0,65,65,44,73.0,73.0,312.0,29.91,Maintain and Monitor,Medium,Price is at the 98% country-category percentile. | Displayed discount is at the 91% peer percentile. | The listing belongs to an official shop.,Price is at the 98% country-category percentile.,Displayed discount is at the 91% peer percentile.,The listing belongs to an official shop.,vn | Thực phẩm và đồ uống; price pctl 98%; likes pctl 53%; sold-value pctl 29%
vn,vn,438905996,Richy - Chi nhánh Miền Nam,29738422873,"[Tặng quà đơn từ 129k]Combo 5 bịch bánh Mix vị, 2 bánh Karo chà bông, 3 bánh mì hoa cúc, Bánh mì Lụa Fe'sta , HSD 35-4",Thực phẩm và đồ uống,Thực phẩm và đồ uống,Karo – Bánh tươi năng lượng,133760,133760,46.0,46.0,33,33,47,24.0,24.0,186.0,29.86,Maintain and Monitor,Medium,Displayed discount is at the 98% peer percentile. | Historical sold-value proxy is at the 23% peer percentile. | Engagement exceeds sold-value strength by 14%.,Displayed discount is at the 98% peer percentile.,Historical sold-value proxy is at the 23% peer percentile.,Engagement exceeds sold-value strength by 14%.,vn | Thực phẩm và đồ uống; price pctl 59%; likes pctl 39%; sold-value pctl 23%
vn,vn,438905996,Richy - Chi nhánh Miền Nam,47461246089,"QUÀ TẶNG KHÔNG BÁN- TẶNG VỊ NGẪU NHIÊN BÁNH GẠO JINJU VỊ BÒ TIÊU, MUỐI HỒNG DATE T11/2026",Thực phẩm và đồ uống,Thực phẩm và đồ uống,,400890,400890,20.0,20.0,1,1,165,1000.0,1000.0,1000.0,29.84,Maintain and Monitor,Medium,Likes are at the 5% peer percentile. | Price is at the 89% country-category percentile. | Shop credibility score is 62%.,Likes are at the 5% peer percentile.,Price is at the 89% country-category percentile.,Shop credibility score is 62%.,vn | Thực phẩm và đồ uống; price pctl 89%; likes pctl 5%; sold-value pctl 51%
vn,vn,1145316676,Nestlé Health Science,45612809011,"Bộ 2 Collagen Thủy Phân Dạng Bột NESTLÉ VITAL PROTEINS Mỹ Hỗ Trợ Làm Đẹp Da,Móng,Tóc 284G",Sức Khỏe,Sức Khỏe,,1241152,1241152,44.0,44.0,4,4,0,177.0,177.0,177.0,29.75,Maintain and Monitor,Medium,Historical sold-value proxy is at the 21% peer percentile. | The listing belongs to an official shop. | Shop credibility score is 64%.,Historical sold-value proxy is at the 21% peer percentile.,The listing belongs to an official shop.,Shop credibility score is 64%.,vn | Sức Khỏe; price pctl 55%; likes pctl 36%; sold-value pctl 21%
vn,vn,464391416,Bánh Kẹo Hải Hà - Chính hãng,11213091333,Bánh Xốp Ống Nhân Kem Cốm Miniwaf HẢI HÀ Thơm Ngon Mùi Cốm Xanh Mới Túi 330g,Thực phẩm và đồ uống,Thực phẩm và đồ uống,BST BÁNH NGON HẢI HÀ,30000,30000,0.0,0.0,19,19,15,,,43.0,29.64,Low Priority,Medium,Displayed discount is at the 2% peer percentile. | Price is at the 4% country-category percentile. | Historical sold-value proxy is at the 11% peer percentile.,Displayed discount is at the 2% peer percentile.,Price is at the 4% country-category percentile.,Historical sold-value proxy is at the 11% peer percentile.,vn | Thực phẩm và đồ uống; price pctl 4%; likes pctl 29%; sold-value pctl 11%
vn,vn,140360136,Kinh Do Official Store,42675914026,[HỎA TỐC] Combo 2 Hộp Bánh Bông Lan Solite Tết 2026 Cuộn Kem Vị Lá Dứa & Vị Dâu 324g - LIVE,Thực phẩm và đồ uống,Thực phẩm và đồ uống,Tất cả sản phẩm,176000,176000,12.0,12.0,11,11,55,217.0,217.0,601.0,29.56,Maintain and Monitor,Medium,Likes are at the 22% peer percentile. | Displayed discount is at the 25% peer percentile. | The listing belongs to an official shop.,Likes are at the 22% peer percentile.,Displayed discount is at the 25% peer percentile.,The listing belongs to an official shop.,vn | Thực phẩm và đồ uống; price pctl 75%; likes pctl 22%; sold-value pctl 38%
vn,vn,173513432,Richy - Chi Nhánh Miền Bắc,27434676228,"[Quà Tặng Đơn 129k] Combo 5 Bánh Tươi Karo Richy: Karo Sợi Gà, Karo Hoàng Kim, Karo Gấu & 2 Bánh Mì Hoa Cúc",Thực phẩm và đồ uống,Thực phẩm và đồ uống,,145200,145200,24.0,24.0,35,35,32,179.0,179.0,341.0,29.5,Maintain and Monitor,Medium,Displayed discount is at the 70% peer percentile. | Historical sold-value proxy is at the 30% peer percentile. | Price is at the 65% country-category percentile.,Displayed discount is at the 70% peer percentile.,Historical sold-value proxy is at the 30% peer percentile.,Price is at the 65% country-category percentile.,vn | Thực phẩm và đồ uống; price pctl 65%; likes pctl 40%; sold-value pctl 30%
vn,vn,1145316676,Nestlé Health Science,47260940318,[MỚI] Sữa Bột NESTLÉ BOOST GLUCOSE CONTROL Đức Bổ Sung Dinh Dưỡng Người Tiểu Đường 400G,Thực phẩm và đồ uống,Thực phẩm và đồ uống,SẢN PHẨM MỚI - BOOST GLUCOSE CONTROL,408526,408526,35.0,35.0,24,24,79,780.0,780.0,784.0,29.49,Maintain and Monitor,Medium,Price is at the 90% country-category percentile. | Displayed discount is at the 90% peer percentile. | The listing belongs to an official shop.,Price is at the 90% country-category percentile.,Displayed discount is at the 90% peer percentile.,The listing belongs to an official shop.,vn | Thực phẩm và đồ uống; price pctl 90%; likes pctl 33%; sold-value pctl 42%
vn,vn,438905996,Richy - Chi nhánh Miền Nam,25950531610,"[ TẶNG QUẠT ĐƠN TỪ 250K] Thùng bánh mì hoa cúc ngàn lớp Festa Richy, HSD 35 ngày, Khách cân nhắc khi đặt SL lớn",Thực phẩm và đồ uống,Thực phẩm và đồ uống,Bánh kẹo sỉ,317890,317890,36.0,36.0,51,51,40,1.0,1.0,192.0,29.21,Maintain and Monitor,Medium,Displayed discount is at the 91% peer percentile. | Price is at the 86% country-category percentile. | Historical sold-value proxy is at the 24% peer percentile.,Displayed discount is at the 91% peer percentile.,Price is at the 86% country-category percentile.,Historical sold-value proxy is at the 24% peer percentile.,vn | Thực phẩm và đồ uống; price pctl 86%; likes pctl 48%; sold-value pctl 24%
vn,vn,1145316676,Nestlé Health Science,54658185548,Bộ 2 Sữa Bột NESTLÉ NUTREN JUNIOR Thụy Sĩ Với Công Thức BIG Hỗ Trợ Tăng Trưởng Cho Bé 800G+Lốc 4 hộp sữa pha sẵn 180ML,Mẹ & Bé,Mẹ & Bé,ƯU ĐÃI THÁNG 6 - DEAL VÀNG RỘN RÀNG,1205400,1205400,37.0,37.0,17,17,3,105.0,105.0,114.0,29.21,Maintain and Monitor,Medium,Price is at the 94% country-category percentile. | The listing belongs to an official shop. | Historical sold-value proxy is at the 31% peer percentile.,Price is at the 94% country-category percentile.,The listing belongs to an official shop.,Historical sold-value proxy is at the 31% peer percentile.,vn | Mẹ & Bé; price pctl 94%; likes pctl 68%; sold-value pctl 31%
vn,vn,438905996,Richy - Chi nhánh Miền Nam,46800472365,"[MUA 1 TẶNG 1] Hộp Bánh Tết Kenju Kim Cương, Kenju Rau Củ, Kenju Tôm, Kenju Kem Dẻo, Hộp Giấy 325g-360g",Thực phẩm và đồ uống,Thực phẩm và đồ uống,🔥MUA 1 TẶNG 1,140800,140800,17.0,17.0,21,21,50,1.0,1.0,450.0,29.19,Maintain and Monitor,Medium,Likes are at the 31% peer percentile. | Historical sold-value proxy is at the 33% peer percentile. | Price is at the 63% country-category percentile.,Likes are at the 31% peer percentile.,Historical sold-value proxy is at the 33% peer percentile.,Price is at the 63% country-category percentile.,vn | Thực phẩm và đồ uống; price pctl 63%; likes pctl 31%; sold-value pctl 33%
vn,vn,173513432,Richy - Chi Nhánh Miền Bắc,58010293888,"[Mua 1 Tặng 1, Mua 2 Tặng 2,..] Hộp/Túi Kẹo Dẻo Vị Trái Cây Richy 4D Fruit Gummy 2 Vị Xoài & Đào",Thực phẩm và đồ uống,Thực phẩm và đồ uống,SIÊU SALE MUA 1 TẶNG 1,71100,71100,29.0,29.0,20,20,27,177.0,177.0,190.0,29.19,Low Priority,Medium,Displayed discount is at the 79% peer percentile. | Historical sold-value proxy is at the 23% peer percentile. | Price is at the 29% country-category percentile.,Displayed discount is at the 79% peer percentile.,Historical sold-value proxy is at the 23% peer percentile.,Price is at the 29% country-category percentile.,vn | Thực phẩm và đồ uống; price pctl 29%; likes pctl 30%; sold-value pctl 23%
vn,vn,1145316676,Nestlé Health Science,42232012026,"Bộ 3 Collagen Thủy Phân Dạng Bột NESTLÉ VITAL PROTEINS Mỹ Hỗ Trợ Làm Đẹp Da,Móng,Tóc 567G",Sức Khỏe,Sức Khỏe,,3033180,3033180,47.0,47.0,4,4,0,,,,29.18,Maintain and Monitor,Medium,Price is at the 100% country-category percentile. | Displayed discount is at the 95% peer percentile. | The listing belongs to an official shop.,Price is at the 100% country-category percentile.,Displayed discount is at the 95% peer percentile.,The listing belongs to an official shop.,vn | Sức Khỏe; price pctl 100%; likes pctl 36%; sold-value pctl 50%
vn,vn,1145316676,Nestlé Health Science,57710464097,[Quà tặng không bán] Thùng Đồ Chơi Có LEGO NESTLÉ,Mẹ & Bé,Mẹ & Bé,,381800,381800,24.0,24.0,1,1,8,78.0,78.0,79.0,29.14,Maintain and Monitor,Medium,Historical sold-value proxy is at the 20% peer percentile. | The listing belongs to an official shop. | Likes are at the 30% peer percentile.,Historical sold-value proxy is at the 20% peer percentile.,The listing belongs to an official shop.,Likes are at the 30% peer percentile.,vn | Mẹ & Bé; price pctl 40%; likes pctl 30%; sold-value pctl 20%
vn,vn,438905996,Richy - Chi nhánh Miền Nam,54709901533,"[Tặng quà đơn từ129k][VỊ SỮA MỚI] Combo 3 bịch bánh Karo chà bông sợi gà, Bánh ăn sáng, Bánh kẹo Richy, HSD 45 ngày",Thực phẩm và đồ uống,Thực phẩm và đồ uống,Karo – Bánh tươi năng lượng,67500,67500,33.0,33.0,5,5,9,816.0,816.0,826.0,29.12,Maintain and Monitor,Medium,Displayed discount is at the 86% peer percentile. | Likes are at the 14% peer percentile. | Price is at the 27% country-category percentile.,Displayed discount is at the 86% peer percentile.,Likes are at the 14% peer percentile.,Price is at the 27% country-category percentile.,vn | Thực phẩm và đồ uống; price pctl 27%; likes pctl 14%; sold-value pctl 43%
vn,vn,438905996,Richy - Chi nhánh Miền Nam,22759887263,"[TẶNG QUẠT ĐƠN 180K]  Combo 3 Bịch Kenju kem dẻo 186G, bánh kẹo Richy",Thực phẩm và đồ uống,Thực phẩm và đồ uống,Kenju- Ngon có gu,126000,126000,26.0,26.0,27,27,35,9.0,9.0,180.0,29.0,Maintain and Monitor,Medium,Historical sold-value proxy is at the 22% peer percentile. | Displayed discount is at the 76% peer percentile. | Likes are at the 35% peer percentile.,Historical sold-value proxy is at the 22% peer percentile.,Displayed discount is at the 76% peer percentile.,Likes are at the 35% peer percentile.,vn | Thực phẩm và đồ uống; price pctl 52%; likes pctl 35%; sold-value pctl 22%
vn,vn,289646907,Orion VN Official Store,42779834059,[LIVESTREAM] Combo 2 Hộp Bánh Goute Creme Dâu (16 Gói/Hộp),Thực phẩm và đồ uống,Thực phẩm và đồ uống,,122400,122400,10.0,10.0,6,6,56,202.0,202.0,242.0,28.95,Low Priority,Medium,Displayed discount is at the 14% peer percentile. | Likes are at the 16% peer percentile. | Shop credibility score is 79%.,Displayed discount is at the 14% peer percentile.,Likes are at the 16% peer percentile.,Shop credibility score is 79%.,vn | Thực phẩm và đồ uống; price pctl 50%; likes pctl 16%; sold-value pctl 26%
vn,vn,213989179,Bibica Official Store ,44106711271,Combo 2 Hộp Bánh Bông Lan Hura Layer Cake Bibica 300g Kem Bơ Sữa Mềm Xốp Tiện Lợi,Thực phẩm và đồ uống,Thực phẩm và đồ uống,,86670,86670,19.0,19.0,17,17,21,68.0,68.0,238.0,28.95,Low Priority,Medium,The listing belongs to an official shop. | Shop credibility score is 75%. | Historical sold-value proxy is at the 26% peer percentile.,The listing belongs to an official shop.,Shop credibility score is 75%.,Historical sold-value proxy is at the 26% peer percentile.,vn | Thực phẩm và đồ uống; price pctl 35%; likes pctl 26%; sold-value pctl 26%
vn,vn,140360136,Kinh Do Official Store,47554242165,Combo 2 Lon Bánh Lát Snack Khoai Tây Slide Vị Pizza Sò Điệp Và Bào Ngư 60g,Thực phẩm và đồ uống,Thực phẩm và đồ uống,Tất cả sản phẩm,54000,54000,10.0,10.0,5,5,23,112.0,112.0,222.0,28.9,Low Priority,Medium,Likes are at the 14% peer percentile. | Displayed discount is at the 14% peer percentile. | Price is at the 21% country-category percentile.,Likes are at the 14% peer percentile.,Displayed discount is at the 14% peer percentile.,Price is at the 21% country-category percentile.,vn | Thực phẩm và đồ uống; price pctl 21%; likes pctl 14%; sold-value pctl 26%
vn,vn,1546895026,Mars Snacking VN,42256214100,[Quà tặng không bán] Kẹo sô cô la M&M'S gói 37g,Thực phẩm và đồ uống,Thực phẩm và đồ uống,,805100,805100,19.0,19.0,1,1,4,3000.0,3000.0,3000.0,28.77,Maintain and Monitor,Medium,Price is at the 97% country-category percentile. | Likes are at the 5% peer percentile. | Shop credibility score is 83%.,Price is at the 97% country-category percentile.,Likes are at the 5% peer percentile.,Shop credibility score is 83%.,vn | Thực phẩm và đồ uống; price pctl 97%; likes pctl 5%; sold-value pctl 66%
vn,vn,438905996,Richy - Chi nhánh Miền Nam,51460942294,"[NEW] [TẶNG QUÀ ĐƠN TỪ 129K]Combo 3 Karo Gấu chà bông, Bánh kẹo Richy",Thực phẩm và đồ uống,Thực phẩm và đồ uống,Karo – Bánh tươi năng lượng,25000,25000,17.0,17.0,7,7,27,101.0,101.0,110.0,28.75,Low Priority,Medium,Price is at the 2% country-category percentile. | Likes are at the 18% peer percentile. | Historical sold-value proxy is at the 19% peer percentile.,Price is at the 2% country-category percentile.,Likes are at the 18% peer percentile.,Historical sold-value proxy is at the 19% peer percentile.,vn | Thực phẩm và đồ uống; price pctl 2%; likes pctl 18%; sold-value pctl 19%
vn,vn,140360136,Kinh Do Official Store,46551403561,Combo 2 Hộp Bánh Bông Lan Solite Tầng Kem Phô Mai 230g ,Thực phẩm và đồ uống,Thực phẩm và đồ uống,Tất cả sản phẩm,122400,122400,10.0,10.0,18,18,31,6.0,6.0,167.0,28.68,Low Priority,Medium,Displayed discount is at the 14% peer percentile. | Historical sold-value proxy is at the 22% peer percentile. | The listing belongs to an official shop.,Displayed discount is at the 14% peer percentile.,Historical sold-value proxy is at the 22% peer percentile.,The listing belongs to an official shop.,vn | Thực phẩm và đồ uống; price pctl 50%; likes pctl 28%; sold-value pctl 22%
vn,vn,1145316676,Nestlé Health Science,55062789130,"Combo Collagen Thủy Phân Dạng Bột NESTLÉ VITAL PROTEINS Mỹ Hỗ Trợ Làm Đẹp Da,Móng,Tóc 567G & 284G",Sức Khỏe,Sức Khỏe,,1656810,1656810,45.0,45.0,4,4,0,177.0,177.0,177.0,28.65,Maintain and Monitor,Medium,Historical sold-value proxy is at the 21% peer percentile. | The listing belongs to an official shop. | Shop credibility score is 64%.,Historical sold-value proxy is at the 21% peer percentile.,The listing belongs to an official shop.,Shop credibility score is 64%.,vn | Sức Khỏe; price pctl 64%; likes pctl 36%; sold-value pctl 21%
vn,vn,173513432,Richy - Chi Nhánh Miền Bắc,40752936468,[Tặng Quạt Đơn 180k] Combo 2-3 Hộp Bánh Quy Kenju Richy Vị Rau Củ - Hộp 288g,Thực phẩm và đồ uống,Thực phẩm và đồ uống,,111600,111600,20.0,20.0,15,15,43,179.0,179.0,332.0,28.6,Low Priority,Medium,Likes are at the 25% peer percentile. | Historical sold-value proxy is at the 30% peer percentile. | Shop credibility score is 64%.,Likes are at the 25% peer percentile.,Historical sold-value proxy is at the 30% peer percentile.,Shop credibility score is 64%.,vn | Thực phẩm và đồ uống; price pctl 46%; likes pctl 25%; sold-value pctl 30%
vn,vn,213989179,Bibica Official Store ,47461281311,(Mua 5 TẶNG 5) Bánh Ăn Sáng Bibica - Bông lan Olive Chà Bông/Nho Khô Mềm Mịn (Date mới),Thực phẩm và đồ uống,Thực phẩm và đồ uống,Bánh Ăn Sáng,53208,53208,17.0,17.0,11,11,20,80.0,80.0,80.0,28.43,Low Priority,High,Historical sold-value proxy is at the 16% peer percentile. | Price is at the 20% country-category percentile. | Likes are at the 22% peer percentile.,Historical sold-value proxy is at the 16% peer percentile.,Price is at the 20% country-category percentile.,Likes are at the 22% peer percentile.,vn | Thực phẩm và đồ uống; price pctl 20%; likes pctl 22%; sold-value pctl 16%
vn,vn,1145316676,Nestlé Health Science,57260472404,[Quà tặng không bán] Bộ Vợt Cầu Lông,Mẹ & Bé,Mẹ & Bé,,381800,381800,24.0,24.0,0,0,0,,,,28.33,Maintain and Monitor,Medium,Likes are at the 12% peer percentile. | The listing belongs to an official shop. | Displayed discount is at the 34% peer percentile.,Likes are at the 12% peer percentile.,The listing belongs to an official shop.,Displayed discount is at the 34% peer percentile.,vn | Mẹ & Bé; price pctl 40%; likes pctl 12%; sold-value pctl 50%
vn,vn,464391416,Bánh Kẹo Hải Hà - Chính hãng,19002502525,Kẹo dẻo Jelly Chip Chip HẢI HÀ - Túi 100 Gram - Combo 3 túi tiện lợi,Thực phẩm và đồ uống,Thực phẩm và đồ uống,CHIP CHIP,33000,33000,0.0,0.0,22,22,7,,,37.0,28.27,Low Priority,High,Displayed discount is at the 2% peer percentile. | Price is at the 5% country-category percentile. | Historical sold-value proxy is at the 10% peer percentile.,Displayed discount is at the 2% peer percentile.,Price is at the 5% country-category percentile.,Historical sold-value proxy is at the 10% peer percentile.,vn | Thực phẩm và đồ uống; price pctl 5%; likes pctl 32%; sold-value pctl 10%
vn,vn,213989179,Bibica Official Store ,49607284576,"(NEW) Combo Kẹo Dẻo Kem Tuyết Zoo Bibica 25g - Mềm Dẻo Hương Trái Cây Mix Vị Nho, Chuối, Đào",Thực phẩm và đồ uống,Thực phẩm và đồ uống,Kẹo Cho Bé,64800,64800,19.0,19.0,22,22,9,36.0,36.0,85.0,28.23,Low Priority,High,Historical sold-value proxy is at the 17% peer percentile. | The listing belongs to an official shop. | Shop credibility score is 75%.,Historical sold-value proxy is at the 17% peer percentile.,The listing belongs to an official shop.,Shop credibility score is 75%.,vn | Thực phẩm và đồ uống; price pctl 26%; likes pctl 32%; sold-value pctl 17%
vn,vn,289646907,Orion VN Official Store,53457449519,Combo 10 Hộp Bánh Quy Ăn Sáng Toonies Miz Socola 2P (2 Gói/Hộp),Thực phẩm và đồ uống,Thực phẩm và đồ uống,Cuồng nhiệt Bóng Đá 2026,158400,158400,12.0,12.0,22,22,10,371.0,371.0,460.0,28.12,Maintain and Monitor,High,Shop credibility score is 79%. | Displayed discount is at the 25% peer percentile. | The listing belongs to an official shop.,Shop credibility score is 79%.,Displayed discount is at the 25% peer percentile.,The listing belongs to an official shop.,vn | Thực phẩm và đồ uống; price pctl 68%; likes pctl 32%; sold-value pctl 34%
vn,vn,213989179,Bibica Official Store ,52960468270,[ĐỘC QUYỀN] Combo 30 Gói Kẹo Dẻo Trái Cây - Hộp Kẹo Dẻo Đồ Chơi Zoo Candy Box - Đại Chiến Zoẳn Zoò Zì - Quà Tặng Cho Bé,Thực phẩm và đồ uống,Thực phẩm và đồ uống,Kẹo Cho Bé,136620,136620,34.0,34.0,23,23,32,108.0,108.0,129.0,28.02,Maintain and Monitor,High,Displayed discount is at the 88% peer percentile. | Historical sold-value proxy is at the 20% peer percentile. | The listing belongs to an official shop.,Displayed discount is at the 88% peer percentile.,Historical sold-value proxy is at the 20% peer percentile.,The listing belongs to an official shop.,vn | Thực phẩm và đồ uống; price pctl 61%; likes pctl 32%; sold-value pctl 20%
vn,vn,213989179,Bibica Official Store ,29743621127,"Combo 2 Hộp Bánh Ăn Kiêng Không Đường Quasure Sugar Free 224g, 240g Bibica",Thực phẩm và đồ uống,Thực phẩm và đồ uống,,130896,130896,19.0,19.0,19,19,16,215.0,215.0,353.0,27.97,Maintain and Monitor,High,The listing belongs to an official shop. | Shop credibility score is 75%. | Likes are at the 29% peer percentile.,The listing belongs to an official shop.,Shop credibility score is 75%.,Likes are at the 29% peer percentile.,vn | Thực phẩm và đồ uống; price pctl 56%; likes pctl 29%; sold-value pctl 31%
vn,vn,1546895026,Mars Snacking VN,43378940395,Combo 3 Túi Kẹo Sôcôla Đậu Phộng M&M's (3 túi x 175.5g),Thực phẩm và đồ uống,Thực phẩm và đồ uống,Tất cả sản phẩm,272505,272505,24.0,24.0,30,30,11,504.0,504.0,550.0,27.93,Maintain and Monitor,High,Price is at the 83% country-category percentile. | Shop credibility score is 83%. | The listing belongs to an official shop.,Price is at the 83% country-category percentile.,Shop credibility score is 83%.,The listing belongs to an official shop.,vn | Thực phẩm và đồ uống; price pctl 83%; likes pctl 37%; sold-value pctl 37%
vn,vn,108166524,Nestlé Chính hãng,49552029594,[Tặng Bộ 3 hũ đựng gia vị NESCAFÉ] Bịch Cà phê Hòa tan NESCAFÉ CAFÉ VIỆT 35 gói Vị Mạnh đặc trưng,Thực phẩm và đồ uống,Thực phẩm và đồ uống,Cà phê & Trà,176000,176000,12.0,12.0,24,24,20,45.0,45.0,101.0,27.83,Low Priority,High,Shop credibility score is 90%. | Historical sold-value proxy is at the 19% peer percentile. | Displayed discount is at the 25% peer percentile.,Shop credibility score is 90%.,Historical sold-value proxy is at the 19% peer percentile.,Displayed discount is at the 25% peer percentile.,vn | Thực phẩm và đồ uống; price pctl 75%; likes pctl 33%; sold-value pctl 19%
vn,vn,438905996,Richy - Chi nhánh Miền Nam,46712105892,"[ MUA 1 TẶNG 1, MUA 2 TẶNG 2,...] WISMO BÁNH QUE PHỦ KEM VỊ SOCOLA / DÂU / VANI – HỘP 400G (20 GÓI NHỎ)",Thực phẩm và đồ uống,Thực phẩm và đồ uống,🔥MUA 1 TẶNG 1,62100,62100,10.0,10.0,19,19,13,80.0,80.0,84.0,27.76,Low Priority,High,Displayed discount is at the 14% peer percentile. | Historical sold-value proxy is at the 17% peer percentile. | Price is at the 24% country-category percentile.,Displayed discount is at the 14% peer percentile.,Historical sold-value proxy is at the 17% peer percentile.,Price is at the 24% country-category percentile.,vn | Thực phẩm và đồ uống; price pctl 24%; likes pctl 29%; sold-value pctl 17%
vn,vn,173513432,Richy - Chi Nhánh Miền Bắc,47713181860,"[Mua 1 Tặng 1, Mua 2 Tặng 2,..HSD: T11/2026] Bánh Quy Giòn Cracker Richy Kenju Vị Đậu Nành Mè, Trà Sữa Hộp 288g",Thực phẩm và đồ uống,Thực phẩm và đồ uống,,58500,58500,42.0,42.0,0,0,0,,,,27.57,Maintain and Monitor,Medium,Likes are at the 2% peer percentile. | Displayed discount is at the 96% peer percentile. | Price is at the 24% country-category percentile.,Likes are at the 2% peer percentile.,Displayed discount is at the 96% peer percentile.,Price is at the 24% country-category percentile.,vn | Thực phẩm và đồ uống; price pctl 24%; likes pctl 2%; sold-value pctl 50%
vn,vn,438905996,Richy - Chi nhánh Miền Nam,24002925688,"[MUA 1 TẶNG 1] Hộp Bánh Bông Lan phủ socola Peppie Richy Hoàng Kim, Phú Quý - Hộp Giấy 468g",Thực phẩm và đồ uống,Thực phẩm và đồ uống,🔥MUA 1 TẶNG 1,108000,108000,28.0,28.0,17,17,32,3.0,3.0,221.0,27.37,Low Priority,High,Displayed discount is at the 78% peer percentile. | Historical sold-value proxy is at the 26% peer percentile. | Likes are at the 26% peer percentile.,Displayed discount is at the 78% peer percentile.,Historical sold-value proxy is at the 26% peer percentile.,Likes are at the 26% peer percentile.,vn | Thực phẩm và đồ uống; price pctl 45%; likes pctl 26%; sold-value pctl 26%
vn,vn,108166524,Nestlé Chính hãng,54752025528,[Tặng Ca đá Nescafé] Combo 4 Hộp Cà phê Hòa tan NESCAFÉ VỊ RANG ĐẬM 20 gói Đậm Thơm Hoàn Hảo,Thực phẩm và đồ uống,Thực phẩm và đồ uống,Cà phê & Trà,282200,282200,17.0,17.0,16,16,11,480.0,480.0,502.0,27.02,Maintain and Monitor,High,Shop credibility score is 90%. | Price is at the 84% country-category percentile. | The listing belongs to an official shop.,Shop credibility score is 90%.,Price is at the 84% country-category percentile.,The listing belongs to an official shop.,vn | Thực phẩm và đồ uống; price pctl 84%; likes pctl 26%; sold-value pctl 35%
vn,vn,438905996,Richy - Chi nhánh Miền Nam,23826107700,VỊ MỚI | MUA 3 TẶNG 1] Tổng 4 gói Bánh phủ socola Peppie Richy vị Vani loại khay 360g,Thực phẩm và đồ uống,Thực phẩm và đồ uống,Pepie – Bánh mềm phủ socola,46800,46800,32.0,32.0,10,10,20,17.0,17.0,74.0,26.98,Low Priority,High,Price is at the 15% country-category percentile. | Historical sold-value proxy is at the 16% peer percentile. | Displayed discount is at the 84% peer percentile.,Price is at the 15% country-category percentile.,Historical sold-value proxy is at the 16% peer percentile.,Displayed discount is at the 84% peer percentile.,vn | Thực phẩm và đồ uống; price pctl 15%; likes pctl 21%; sold-value pctl 16%
vn,vn,438905996,Richy - Chi nhánh Miền Nam,42500556873,"[TẶNG QUẠT ĐƠN 180K]  Combo Bánh Kenju, Kenju Kem Dẻo, Kenju Rau Củ,, kenju tôm",Thực phẩm và đồ uống,Thực phẩm và đồ uống,Kenju- Ngon có gu,121500,121500,24.0,24.0,18,18,31,62.0,62.0,198.0,26.92,Low Priority,High,Historical sold-value proxy is at the 24% peer percentile. | Likes are at the 28% peer percentile. | Displayed discount is at the 70% peer percentile.,Historical sold-value proxy is at the 24% peer percentile.,Likes are at the 28% peer percentile.,Displayed discount is at the 70% peer percentile.,vn | Thực phẩm và đồ uống; price pctl 50%; likes pctl 28%; sold-value pctl 24%
vn,vn,173513432,Richy - Chi Nhánh Miền Bắc,27231816576,"[Quà Tặng Đơn 129k] Combo 4 bánh Karo Richy gốm 2 bịch bánh Karo bơ trứng giòn 150g và 2 bịch bánh Karo phô mai, sợi gà",Thực phẩm và đồ uống,Thực phẩm và đồ uống,Karo - Bánh Tươi Cho Mọi Nhà,117000,117000,38.0,38.0,19,19,30,4.0,4.0,82.0,26.85,Low Priority,High,Displayed discount is at the 93% peer percentile. | Historical sold-value proxy is at the 16% peer percentile. | Likes are at the 29% peer percentile.,Displayed discount is at the 93% peer percentile.,Historical sold-value proxy is at the 16% peer percentile.,Likes are at the 29% peer percentile.,vn | Thực phẩm và đồ uống; price pctl 47%; likes pctl 29%; sold-value pctl 16%
vn,vn,173513432,Richy - Chi Nhánh Miền Bắc,56012087788,"[Mua 1 Tặng 1, Mua 2 Tặng 2,...-HSD: Tháng 12/2026] Bánh Que Giòn Richy Wismo Hộp 400g (20 gói/hộp) Vị Vani/Dâu/Socola",Thực phẩm và đồ uống,Thực phẩm và đồ uống,SIÊU SALE MUA 1 TẶNG 1,63000,63000,21.0,21.0,14,14,16,96.0,96.0,98.0,26.66,Low Priority,High,Historical sold-value proxy is at the 18% peer percentile. | Likes are at the 23% peer percentile. | Price is at the 26% country-category percentile.,Historical sold-value proxy is at the 18% peer percentile.,Likes are at the 23% peer percentile.,Price is at the 26% country-category percentile.,vn | Thực phẩm và đồ uống; price pctl 26%; likes pctl 23%; sold-value pctl 18%
vn,vn,438905996,Richy - Chi nhánh Miền Nam,47959526710,[Tặng quà đơn 129k] [BAO BÌ MỚI] Combo 2 Túi Bánh Karo Richy Bơ Trứng Giòn 150g,Thực phẩm và đồ uống,Thực phẩm và đồ uống,Karo – Bánh tươi năng lượng,54000,54000,45.0,45.0,11,11,20,64.0,64.0,97.0,26.6,Low Priority,High,Displayed discount is at the 97% peer percentile. | Historical sold-value proxy is at the 18% peer percentile. | Price is at the 21% country-category percentile.,Displayed discount is at the 97% peer percentile.,Historical sold-value proxy is at the 18% peer percentile.,Price is at the 21% country-category percentile.,vn | Thực phẩm và đồ uống; price pctl 21%; likes pctl 22%; sold-value pctl 18%
vn,vn,1145316676,Nestlé Health Science,47408351576,Bộ 3 Sữa Bột NESTLÉ NUTREN JUNIOR Thụy Sĩ Với Công Thức BIG Hỗ Trợ Tăng Trưởng Cho Bé 800G+2 Lốc 4 hộp sữa pha sẵn 180ML,Mẹ & Bé,Mẹ & Bé,ƯU ĐÃI THÁNG 6 - DEAL VÀNG RỘN RÀNG,1815480,1815480,39.0,39.0,22,22,2,8.0,8.0,19.0,26.56,Maintain and Monitor,High,Price is at the 100% country-category percentile. | Historical sold-value proxy is at the 4% peer percentile. | Engagement exceeds sold-value strength by 36%.,Price is at the 100% country-category percentile.,Historical sold-value proxy is at the 4% peer percentile.,Engagement exceeds sold-value strength by 36%.,vn | Mẹ & Bé; price pctl 100%; likes pctl 70%; sold-value pctl 4%
vn,vn,289646907,Orion VN Official Store,45808391874,[LIVESTREAM] Combo 2 Hộp Bánh Goute Creme Đậu Phộng (16 Gói/Hộp),Thực phẩm và đồ uống,Thực phẩm và đồ uống,,122400,122400,10.0,10.0,6,6,32,117.0,117.0,160.0,26.48,Low Priority,High,Displayed discount is at the 14% peer percentile. | Likes are at the 16% peer percentile. | Shop credibility score is 79%.,Displayed discount is at the 14% peer percentile.,Likes are at the 16% peer percentile.,Shop credibility score is 79%.,vn | Thực phẩm và đồ uống; price pctl 50%; likes pctl 16%; sold-value pctl 21%
vn,vn,173513432,Richy - Chi Nhánh Miền Bắc,45712735406,"[Quà Tặng Không Bán] Hộp Bánh Giòn Các Vị 120g: Trà Sữa, Đậu Nành Mè, Bơ Trứng Giòn",Thực phẩm và đồ uống,Thực phẩm và đồ uống,,158400,158400,21.0,21.0,2,2,70,467.0,467.0,498.0,26.3,Maintain and Monitor,High,Likes are at the 8% peer percentile. | Price is at the 68% country-category percentile. | Historical sold-value proxy is at the 35% peer percentile.,Likes are at the 8% peer percentile.,Price is at the 68% country-category percentile.,Historical sold-value proxy is at the 35% peer percentile.,vn | Thực phẩm và đồ uống; price pctl 68%; likes pctl 8%; sold-value pctl 35%
vn,vn,108166524,Nestlé Chính hãng,50556508874,Combo 2 hộp Thực phẩm bổ sung Trà Vị Đào NESTEA hộp 16 gói x 12 g,Thực phẩm và đồ uống,Thực phẩm và đồ uống,Cà phê & Trà,72000,72000,10.0,10.0,3,3,0,301.0,301.0,301.0,26.2,Low Priority,High,Shop credibility score is 90%. | Likes are at the 11% peer percentile. | Displayed discount is at the 14% peer percentile.,Shop credibility score is 90%.,Likes are at the 11% peer percentile.,Displayed discount is at the 14% peer percentile.,vn | Thực phẩm và đồ uống; price pctl 29%; likes pctl 11%; sold-value pctl 29%
vn,vn,108166524,Nestlé Chính hãng,54712094391,[Tặng chai 200ml] Nước tương Đậu Nành Đậm Đặc MAGGI chai 700ml - Khuyến mại tặng chai 200ml cùng loại.,Thực phẩm và đồ uống,Thực phẩm và đồ uống,,45500,45500,0.0,0.0,5,5,5,63.0,63.0,64.0,26.16,Low Priority,High,Displayed discount is at the 2% peer percentile. | Shop credibility score is 90%. | Price is at the 13% country-category percentile.,Displayed discount is at the 2% peer percentile.,Shop credibility score is 90%.,Price is at the 13% country-category percentile.,vn | Thực phẩm và đồ uống; price pctl 13%; likes pctl 14%; sold-value pctl 15%
vn,vn,438905996,Richy - Chi nhánh Miền Nam,57259950354,[MUA 1 TẶNG 1]Kẹo Dẻo Richy 4D Fruit Gummies 216g Sốt Trái Cây Tươi Vị Đào/ Xoài Ngọt Ngào,Thực phẩm và đồ uống,Thực phẩm và đồ uống,🔥MUA 1 TẶNG 1,67500,67500,21.0,21.0,19,19,9,56.0,56.0,84.0,26.03,Low Priority,High,Historical sold-value proxy is at the 17% peer percentile. | Price is at the 27% country-category percentile. | Likes are at the 29% peer percentile.,Historical sold-value proxy is at the 17% peer percentile.,Price is at the 27% country-category percentile.,Likes are at the 29% peer percentile.,vn | Thực phẩm và đồ uống; price pctl 27%; likes pctl 29%; sold-value pctl 17%
vn,vn,1145316676,Nestlé Health Science,18987408217,[Quà tặng không bán] Bộ gối ôm con rồng kèm nón và balo NUTREN JUNIOR,Mẹ & Bé,Mẹ & Bé,,664000,664000,22.0,22.0,1,1,5,99.0,99.0,123.0,26.03,Maintain and Monitor,High,Displayed discount is at the 10% peer percentile. | The listing belongs to an official shop. | Price is at the 72% country-category percentile.,Displayed discount is at the 10% peer percentile.,The listing belongs to an official shop.,Price is at the 72% country-category percentile.,vn | Mẹ & Bé; price pctl 72%; likes pctl 30%; sold-value pctl 33%
vn,vn,213989179,Bibica Official Store ,49461278439,(Mua 5 TẶNG 5) Bánh Ăn Sáng Bibica - Bánh Tươi Olive có nhân Cốm/Bơ Sữa 50g (Date mới),Thực phẩm và đồ uống,Thực phẩm và đồ uống,Bánh Ăn Sáng,34004,34004,8.0,8.0,6,6,8,41.0,41.0,41.0,26.0,Low Priority,High,Price is at the 6% country-category percentile. | Displayed discount is at the 7% peer percentile. | Historical sold-value proxy is at the 11% peer percentile.,Price is at the 6% country-category percentile.,Displayed discount is at the 7% peer percentile.,Historical sold-value proxy is at the 11% peer percentile.,vn | Thực phẩm và đồ uống; price pctl 6%; likes pctl 16%; sold-value pctl 11%
vn,vn,289646907,Orion VN Official Store,56158376123,[LIVESTREAM] Combo 2 Hộp Bánh Goute Topping Cốm Dừa (16 Gói/Hộp),Thực phẩm và đồ uống,Thực phẩm và đồ uống,,129600,129600,10.0,10.0,9,9,29,34.0,34.0,69.0,25.92,Low Priority,High,Displayed discount is at the 14% peer percentile. | Historical sold-value proxy is at the 15% peer percentile. | Likes are at the 20% peer percentile.,Displayed discount is at the 14% peer percentile.,Historical sold-value proxy is at the 15% peer percentile.,Likes are at the 20% peer percentile.,vn | Thực phẩm và đồ uống; price pctl 55%; likes pctl 20%; sold-value pctl 15%
vn,vn,464391416,Bánh Kẹo Hải Hà - Chính hãng,17566024845,Combo 3 Kẹo Dẻo Jelly HẢI HÀ Hương Trái Cây Tổng Hợp - Túi 175g,Thực phẩm và đồ uống,Thực phẩm và đồ uống,CHIP CHIP,57000,57000,0.0,0.0,21,21,5,,,35.0,25.84,Low Priority,High,Displayed discount is at the 2% peer percentile. | Historical sold-value proxy is at the 9% peer percentile. | Price is at the 23% country-category percentile.,Displayed discount is at the 2% peer percentile.,Historical sold-value proxy is at the 9% peer percentile.,Price is at the 23% country-category percentile.,vn | Thực phẩm và đồ uống; price pctl 23%; likes pctl 31%; sold-value pctl 9%
vn,vn,1546895026,Mars Snacking VN,29794288663,Combo 2 Túi Kẹo Sôcôla Đậu Phộng M&M's Funsize (2 túi x 175.5g),Thực phẩm và đồ uống,Thực phẩm và đồ uống,Tất cả sản phẩm,192614,192614,20.0,20.0,34,34,6,175.0,175.0,203.0,25.8,Low Priority,High,Shop credibility score is 83%. | Price is at the 77% country-category percentile. | Historical sold-value proxy is at the 25% peer percentile.,Shop credibility score is 83%.,Price is at the 77% country-category percentile.,Historical sold-value proxy is at the 25% peer percentile.,vn | Thực phẩm và đồ uống; price pctl 77%; likes pctl 40%; sold-value pctl 25%
vn,vn,438905996,Richy - Chi nhánh Miền Nam,29575235557,[MUA 1 TẶNG 1] Kẹo LOT 100 Cocoaland vị xoài túi 1kg,Thực phẩm và đồ uống,Thực phẩm và đồ uống,🔥MUA 1 TẶNG 1,196240,196240,18.0,18.0,26,26,27,,,189.0,25.52,Maintain and Monitor,High,Price is at the 78% country-category percentile. | Historical sold-value proxy is at the 23% peer percentile. | Likes are at the 34% peer percentile.,Price is at the 78% country-category percentile.,Historical sold-value proxy is at the 23% peer percentile.,Likes are at the 34% peer percentile.,vn | Thực phẩm và đồ uống; price pctl 78%; likes pctl 34%; sold-value pctl 23%
vn,vn,289646907,Orion VN Official Store,55807566103,[Orion x Hannah Olala] Combo 2 Hộp 12 Gói Bánh ChocoPie Giảm Đường (360g),Thực phẩm và đồ uống,Thực phẩm và đồ uống,,132000,132000,12.0,12.0,6,6,7,311.0,311.0,351.0,25.45,Maintain and Monitor,High,Likes are at the 16% peer percentile. | Shop credibility score is 79%. | Displayed discount is at the 25% peer percentile.,Likes are at the 16% peer percentile.,Shop credibility score is 79%.,Displayed discount is at the 25% peer percentile.,vn | Thực phẩm và đồ uống; price pctl 57%; likes pctl 16%; sold-value pctl 30%
vn,vn,173513432,Richy - Chi Nhánh Miền Bắc,14728068605,"[MUA 1 TẶNG 1, MUA 2 TẶNG 2,..- HSD Tháng 9-Tháng 11/2026] Kẹo Crown Hoa Quả HG 220G",Thực phẩm và đồ uống,Thực phẩm và đồ uống,SIÊU SALE MUA 1 TẶNG 1,71100,71100,41.0,41.0,15,15,11,23.0,23.0,63.0,25.18,Low Priority,High,Displayed discount is at the 96% peer percentile. | Historical sold-value proxy is at the 14% peer percentile. | Likes are at the 25% peer percentile.,Displayed discount is at the 96% peer percentile.,Historical sold-value proxy is at the 14% peer percentile.,Likes are at the 25% peer percentile.,vn | Thực phẩm và đồ uống; price pctl 29%; likes pctl 25%; sold-value pctl 14%
vn,vn,213989179,Bibica Official Store ,48257280275,Hộp Kẹo Thạch Trái Cây Zoo Bibica 750g,Thực phẩm và đồ uống,Thực phẩm và đồ uống,Kẹo Cho Bé,67500,67500,22.0,22.0,7,7,6,51.0,51.0,119.0,24.72,Low Priority,High,Likes are at the 18% peer percentile. | Historical sold-value proxy is at the 20% peer percentile. | The listing belongs to an official shop.,Likes are at the 18% peer percentile.,Historical sold-value proxy is at the 20% peer percentile.,The listing belongs to an official shop.,vn | Thực phẩm và đồ uống; price pctl 27%; likes pctl 18%; sold-value pctl 20%
vn,vn,438905996,Richy - Chi nhánh Miền Nam,45410969628,[MUA 1 TẶNG 1]Kẹo Dẻo Richy 4D Fruit Gummies 246g Sốt Trái Cây Tươi Vị Đào/ Xoài Ngọt Ngào Date t11/2026,Thực phẩm và đồ uống,Thực phẩm và đồ uống,🔥MUA 1 TẶNG 1,67500,67500,44.0,44.0,8,8,17,61.0,61.0,66.0,24.71,Low Priority,High,Displayed discount is at the 97% peer percentile. | Historical sold-value proxy is at the 15% peer percentile. | Likes are at the 19% peer percentile.,Displayed discount is at the 97% peer percentile.,Historical sold-value proxy is at the 15% peer percentile.,Likes are at the 19% peer percentile.,vn | Thực phẩm và đồ uống; price pctl 27%; likes pctl 19%; sold-value pctl 15%
vn,vn,438905996,Richy - Chi nhánh Miền Nam,25344436117,"[Tặng quà đơn từ 129k]Combo 5 bánh mix vị, Bánh mì hoa cúc ngàn lớp Fes'ta, Bánh Karo Gấu phô mai 8 bánh/bịch, HSD 35-",Thực phẩm và đồ uống,Thực phẩm và đồ uống,Karo – Bánh tươi năng lượng,126000,126000,37.0,37.0,23,23,12,8.0,8.0,64.0,24.71,Low Priority,High,Displayed discount is at the 92% peer percentile. | Historical sold-value proxy is at the 15% peer percentile. | Likes are at the 32% peer percentile.,Displayed discount is at the 92% peer percentile.,Historical sold-value proxy is at the 15% peer percentile.,Likes are at the 32% peer percentile.,vn | Thực phẩm và đồ uống; price pctl 52%; likes pctl 32%; sold-value pctl 15%
vn,vn,173513432,Richy - Chi Nhánh Miền Bắc,28334687948,[Quà Tặng Đơn 129k] Combo 6 Túi Bánh Tươi RICHY: Karo Phô Mai & Bánh Mì Hoa Cúc,Thực phẩm và đồ uống,Thực phẩm và đồ uống,,161920,161920,26.0,26.0,16,16,32,8.0,8.0,105.0,24.54,Low Priority,High,Historical sold-value proxy is at the 19% peer percentile. | Displayed discount is at the 76% peer percentile. | Likes are at the 26% peer percentile.,Historical sold-value proxy is at the 19% peer percentile.,Displayed discount is at the 76% peer percentile.,Likes are at the 26% peer percentile.,vn | Thực phẩm và đồ uống; price pctl 70%; likes pctl 26%; sold-value pctl 19%
vn,vn,108166524,Nestlé Chính hãng,43526722905,[Tặng Ca đá]  Combo 3 Bịch Cà phê Hòa tan NESCAFÉ VỊ RANG ĐẬM 46 gói Đậm Thơm Hoàn Hảo,Thực phẩm và đồ uống,Thực phẩm và đồ uống,Cà phê & Trà,481320,481320,29.0,29.0,16,16,2,526.0,526.0,550.0,24.44,Maintain and Monitor,High,Price is at the 94% country-category percentile. | Shop credibility score is 90%. | Displayed discount is at the 79% peer percentile.,Price is at the 94% country-category percentile.,Shop credibility score is 90%.,Displayed discount is at the 79% peer percentile.,vn | Thực phẩm và đồ uống; price pctl 94%; likes pctl 26%; sold-value pctl 37%
vn,vn,289646907,Orion VN Official Store,56108385268,[LIVESTREAM] Combo 5 Túi Bánh Cest Bon Mochi Cốm Dừa (5 Gói/Túi),Thực phẩm và đồ uống,Thực phẩm và đồ uống,,193600,193600,12.0,12.0,17,17,15,142.0,142.0,194.0,24.29,Low Priority,High,Shop credibility score is 79%. | Price is at the 77% country-category percentile. | Historical sold-value proxy is at the 24% peer percentile.,Shop credibility score is 79%.,Price is at the 77% country-category percentile.,Historical sold-value proxy is at the 24% peer percentile.,vn | Thực phẩm và đồ uống; price pctl 77%; likes pctl 26%; sold-value pctl 24%
vn,vn,438905996,Richy - Chi nhánh Miền Nam,41628205893,"[MUA 2 TẶNG 1 QUẠT] Combo 2 Kenju Gà Nướng Phô Mai, Kenju 2 Lớp Chà Bông, Túi 216g, Bánh Kẹo Richy",Thực phẩm và đồ uống,Thực phẩm và đồ uống,Kenju- Ngon có gu,106200,106200,38.0,38.0,9,9,23,49.0,49.0,97.0,24.19,Low Priority,High,Displayed discount is at the 93% peer percentile. | Historical sold-value proxy is at the 18% peer percentile. | Likes are at the 20% peer percentile.,Displayed discount is at the 93% peer percentile.,Historical sold-value proxy is at the 18% peer percentile.,Likes are at the 20% peer percentile.,vn | Thực phẩm và đồ uống; price pctl 44%; likes pctl 20%; sold-value pctl 18%
vn,vn,1145316676,Nestlé Health Science,51407984307,"Bộ 3 Sữa Bột NESTLÉ PEPTAMEN Thụy Sĩ Hỗ Trợ Người Kém Hấp Thu,Giảm Chức Năng Tiêu Hóa 400G",Thực phẩm và đồ uống,Thực phẩm và đồ uống,PEPTAMEN + ORAL,1730200,1730200,31.0,31.0,20,20,45,131.0,131.0,263.0,24.17,Maintain and Monitor,High,Price is at the 100% country-category percentile. | Displayed discount is at the 82% peer percentile. | The listing belongs to an official shop.,Price is at the 100% country-category percentile.,Displayed discount is at the 82% peer percentile.,The listing belongs to an official shop.,vn | Thực phẩm và đồ uống; price pctl 100%; likes pctl 30%; sold-value pctl 27%
vn,vn,438905996,Richy - Chi nhánh Miền Nam,25052927410,[MUA 3 TẶNG 1]  Bánh peppie khay vị lá dứa 360g,Thực phẩm và đồ uống,Thực phẩm và đồ uống,Pepie – Bánh mềm phủ socola,46800,46800,10.0,10.0,7,7,8,15.0,15.0,25.0,23.85,Low Priority,High,Historical sold-value proxy is at the 8% peer percentile. | Displayed discount is at the 14% peer percentile. | Price is at the 15% country-category percentile.,Historical sold-value proxy is at the 8% peer percentile.,Displayed discount is at the 14% peer percentile.,Price is at the 15% country-category percentile.,vn | Thực phẩm và đồ uống; price pctl 15%; likes pctl 18%; sold-value pctl 8%
vn,vn,464391416,Bánh Kẹo Hải Hà - Chính hãng,14517785671,Bánh Trứng Sữa SOZOLL HẢI HÀ Giàu Dinh Dưỡng - Hộp 300 Gram,Thực phẩm và đồ uống,Thực phẩm và đồ uống,,45000,45000,0.0,0.0,6,6,7,,,48.0,23.82,Low Priority,High,Displayed discount is at the 2% peer percentile. | Price is at the 12% country-category percentile. | Historical sold-value proxy is at the 12% peer percentile.,Displayed discount is at the 2% peer percentile.,Price is at the 12% country-category percentile.,Historical sold-value proxy is at the 12% peer percentile.,vn | Thực phẩm và đồ uống; price pctl 12%; likes pctl 16%; sold-value pctl 12%
vn,vn,438905996,Richy - Chi nhánh Miền Nam,57260349532,"[TẶNG QUẠT ĐƠN 180K]  COMBO ĂN VẶT: Kenju rau củ, kenju tôm, yến mạch phô mai 220g, ym sữa 250g",Thực phẩm và đồ uống,Thực phẩm và đồ uống,🔥 Combo mix vị siêu lời,154800,154800,19.0,19.0,0,0,0,,,,23.71,Maintain and Monitor,Medium,Likes are at the 2% peer percentile. | Price is at the 66% country-category percentile. | Shop credibility score is 62%.,Likes are at the 2% peer percentile.,Price is at the 66% country-category percentile.,Shop credibility score is 62%.,vn | Thực phẩm và đồ uống; price pctl 66%; likes pctl 2%; sold-value pctl 50%
vn,vn,1546895026,Mars Snacking VN,49507285464,[Quà tặng không bán] Hũ Kẹo sing-gum Cool Air 38 viên,Thực phẩm và đồ uống,Thực phẩm và đồ uống,,805100,805100,19.0,19.0,0,0,16,677.0,677.0,800.0,23.68,Maintain and Monitor,High,Likes are at the 2% peer percentile. | Price is at the 97% country-category percentile. | Shop credibility score is 83%.,Likes are at the 2% peer percentile.,Price is at the 97% country-category percentile.,Shop credibility score is 83%.,vn | Thực phẩm và đồ uống; price pctl 97%; likes pctl 2%; sold-value pctl 42%
vn,vn,1546895026,Mars Snacking VN,45411169119,Túi Kẹo sôcôla sữa M&M's Funsize 175.5g,Thực phẩm và đồ uống,Thực phẩm và đồ uống,,102600,102600,14.0,14.0,4,4,4,150.0,150.0,151.0,23.59,Low Priority,High,Likes are at the 13% peer percentile. | Shop credibility score is 83%. | Historical sold-value proxy is at the 21% peer percentile.,Likes are at the 13% peer percentile.,Shop credibility score is 83%.,Historical sold-value proxy is at the 21% peer percentile.,vn | Thực phẩm và đồ uống; price pctl 42%; likes pctl 13%; sold-value pctl 21%
vn,vn,213989179,Bibica Official Store ,49561265568,"Combo Tiệc Sinh Nhật Cho Bé - 10 Kem Tuyết, 10 Sâu Kỳ Thú, 10 Dưa hấu 24g, Kẹo Thạch Nhân Dừa 360g, Kẹo Mút Cheery 570g",Thực phẩm và đồ uống,Thực phẩm và đồ uống,,246883,246883,25.0,25.0,1,1,0,,,,23.52,Maintain and Monitor,Medium,Likes are at the 5% peer percentile. | Price is at the 83% country-category percentile. | The listing belongs to an official shop.,Likes are at the 5% peer percentile.,Price is at the 83% country-category percentile.,The listing belongs to an official shop.,vn | Thực phẩm và đồ uống; price pctl 83%; likes pctl 5%; sold-value pctl 50%
vn,vn,1145316676,Nestlé Health Science,52257990316,"Bộ 3 Sữa Bột NESTLÉ PEPTAMENJUNIOR Thụy Sĩ Hỗ Trợ Kém Hấp Thu,Giảm Chức Năng Tiêu Hóa 400G",Thực phẩm và đồ uống,Thực phẩm và đồ uống,PEPTAMEN + ORAL,1435000,1435000,36.0,36.0,33,33,20,94.0,94.0,168.0,23.51,Maintain and Monitor,High,Price is at the 99% country-category percentile. | Displayed discount is at the 91% peer percentile. | Historical sold-value proxy is at the 22% peer percentile.,Price is at the 99% country-category percentile.,Displayed discount is at the 91% peer percentile.,Historical sold-value proxy is at the 22% peer percentile.,vn | Thực phẩm và đồ uống; price pctl 99%; likes pctl 39%; sold-value pctl 22%
vn,vn,213989179,Bibica Official Store ,46208275058,"Bánh Goody Premium Cracker Khoai tây kem Bơ Đậu Phộng Bibica 112g, 224g",Thực phẩm và đồ uống,Thực phẩm và đồ uống,Sản Phẩm Mới,80626,80626,15.0,15.0,9,9,5,10.0,10.0,29.0,23.3,Low Priority,High,Historical sold-value proxy is at the 9% peer percentile. | Likes are at the 20% peer percentile. | The listing belongs to an official shop.,Historical sold-value proxy is at the 9% peer percentile.,Likes are at the 20% peer percentile.,The listing belongs to an official shop.,vn | Thực phẩm và đồ uống; price pctl 31%; likes pctl 20%; sold-value pctl 9%
vn,vn,1145316676,Nestlé Health Science,46857620541,Bộ 2 Sữa Bột NESTLÉ BOOST OPTIMUM Singapore Bổ Sung Dinh Dưỡng Cho Người Lớn Tuổi 400G,Thực phẩm và đồ uống,Thực phẩm và đồ uống,BOOST OPTIMUM - QUÀ TẶNG NGƯỜI CAO TUỔI,614200,614200,36.0,36.0,33,33,16,69.0,69.0,135.0,23.24,Maintain and Monitor,High,Price is at the 95% country-category percentile. | Displayed discount is at the 91% peer percentile. | Historical sold-value proxy is at the 20% peer percentile.,Price is at the 95% country-category percentile.,Displayed discount is at the 91% peer percentile.,Historical sold-value proxy is at the 20% peer percentile.,vn | Thực phẩm và đồ uống; price pctl 95%; likes pctl 39%; sold-value pctl 20%
vn,vn,438905996,Richy - Chi nhánh Miền Nam,22654206837,[MUA 3 TẶNG 1]Bánh gạo Jinju Hàn Quốc 303g,Thực phẩm và đồ uống,Thực phẩm và đồ uống,"Jinju – Bánh gạo giòn, ngon",42000,42000,30.0,30.0,7,7,4,10.0,10.0,35.0,23.23,Low Priority,High,Price is at the 9% country-category percentile. | Historical sold-value proxy is at the 9% peer percentile. | Likes are at the 18% peer percentile.,Price is at the 9% country-category percentile.,Historical sold-value proxy is at the 9% peer percentile.,Likes are at the 18% peer percentile.,vn | Thực phẩm và đồ uống; price pctl 9%; likes pctl 18%; sold-value pctl 9%
vn,vn,438905996,Richy - Chi nhánh Miền Nam,25145752808,"[MUA 10 TẶNG 5] Combo 10 Bánh mì Hotdog Vị Gà nướng Phô mai 42g, HSD 35 ngày",Thực phẩm và đồ uống,Thực phẩm và đồ uống,Karo – Bánh tươi năng lượng,121500,121500,18.0,18.0,6,6,26,5.0,5.0,77.0,23.21,Low Priority,High,Historical sold-value proxy is at the 16% peer percentile. | Likes are at the 16% peer percentile. | Shop credibility score is 62%.,Historical sold-value proxy is at the 16% peer percentile.,Likes are at the 16% peer percentile.,Shop credibility score is 62%.,vn | Thực phẩm và đồ uống; price pctl 50%; likes pctl 16%; sold-value pctl 16%
vn,vn,108166524,Nestlé Chính hãng,45552660535,[Tặng Ca đá Nescafé] Combo 4 Hộp Cà phê Hòa tan NESCAFÉ VỊ NGUYÊN BẢN 20 gói Đậm Thơm Hoàn Hảo,Thực phẩm và đồ uống,Thực phẩm và đồ uống,Cà phê & Trà,291330,291330,27.0,27.0,13,13,6,246.0,246.0,253.0,23.12,Low Priority,High,Shop credibility score is 90%. | Price is at the 84% country-category percentile. | Likes are at the 22% peer percentile.,Shop credibility score is 90%.,Price is at the 84% country-category percentile.,Likes are at the 22% peer percentile.,vn | Thực phẩm và đồ uống; price pctl 84%; likes pctl 22%; sold-value pctl 27%
vn,vn,1145316676,Nestlé Health Science,28844273090,Bộ 3 Sữa Bột NESTLÉ NUTREN JUNIOR Thụy Sĩ Với Công Thức BIG Hỗ Trợ Tăng Trưởng Cho Bé 400G,Mẹ & Bé,Mẹ & Bé,ƯU ĐÃI THÁNG 6 - DEAL VÀNG RỘN RÀNG,1011060,1011060,41.0,41.0,5,5,1,31.0,31.0,52.0,23.06,Low Priority,High,Displayed discount is at the 90% peer percentile. | Historical sold-value proxy is at the 12% peer percentile. | Price is at the 84% country-category percentile.,Displayed discount is at the 90% peer percentile.,Historical sold-value proxy is at the 12% peer percentile.,Price is at the 84% country-category percentile.,vn | Mẹ & Bé; price pctl 84%; likes pctl 51%; sold-value pctl 12%
vn,vn,438905996,Richy - Chi nhánh Miền Nam,43807592371,"[TẶNG QUẠT ĐƠN TỪ 250K]  Combo 8 bịch Bánh Karo chà bông sợi gà, Bánh tươi, Bánh kẹo Richy, HSD 45 ngày - cân nhắ",Thực phẩm và đồ uống,Thực phẩm và đồ uống,Karo – Bánh tươi năng lượng,161040,161040,46.0,46.0,9,9,32,89.0,89.0,129.0,22.66,Low Priority,High,Displayed discount is at the 98% peer percentile. | Likes are at the 20% peer percentile. | Historical sold-value proxy is at the 20% peer percentile.,Displayed discount is at the 98% peer percentile.,Likes are at the 20% peer percentile.,Historical sold-value proxy is at the 20% peer percentile.,vn | Thực phẩm và đồ uống; price pctl 70%; likes pctl 20%; sold-value pctl 20%
vn,vn,438905996,Richy - Chi nhánh Miền Nam,53210360524,"[TẶNG QUÀ ĐƠN TỪ 129K] COMBO 4 TÚI: Kenju kem dẻo 186g, kenju 2 lớp, ym phô mai 220g, ym sữa 250g",Thực phẩm và đồ uống,Thực phẩm và đồ uống,🔥 Combo mix vị siêu lời,178640,178640,22.0,22.0,0,0,0,,,,22.6,Maintain and Monitor,Medium,Likes are at the 2% peer percentile. | Price is at the 75% country-category percentile. | Displayed discount is at the 66% peer percentile.,Likes are at the 2% peer percentile.,Price is at the 75% country-category percentile.,Displayed discount is at the 66% peer percentile.,vn | Thực phẩm và đồ uống; price pctl 75%; likes pctl 2%; sold-value pctl 50%
vn,vn,1145316676,Nestlé Health Science,27127785457,[Quà tặng không bán] Vĩ nướng kèm nồi lẩu,Mẹ & Bé,Mẹ & Bé,,381800,381800,24.0,24.0,0,0,7,1.0,1.0,33.0,22.5,Low Priority,High,Historical sold-value proxy is at the 6% peer percentile. | Likes are at the 12% peer percentile. | The listing belongs to an official shop.,Historical sold-value proxy is at the 6% peer percentile.,Likes are at the 12% peer percentile.,The listing belongs to an official shop.,vn | Mẹ & Bé; price pctl 40%; likes pctl 12%; sold-value pctl 6%
vn,vn,289646907,Orion VN Official Store,27978176232,"[LIVESTREAM] [ĐỘC QUYỀN ONLINE] Hộp Quà Tặng Bánh Kẹo ĂN VẶT TEAMWORK Orion (992,6G)",Thực phẩm và đồ uống,Thực phẩm và đồ uống,,207500,207500,17.0,17.0,8,8,20,7.0,7.0,84.0,22.4,Low Priority,High,Historical sold-value proxy is at the 17% peer percentile. | Likes are at the 19% peer percentile. | Shop credibility score is 79%.,Historical sold-value proxy is at the 17% peer percentile.,Likes are at the 19% peer percentile.,Shop credibility score is 79%.,vn | Thực phẩm và đồ uống; price pctl 78%; likes pctl 19%; sold-value pctl 17%
vn,vn,438905996,Richy - Chi nhánh Miền Nam,56210343716,[MUA 2 TẶNG 1 QUẠT] Combo 4 bánh kenju kem dẻo và kenju gà phô mai 2 lớp,Thực phẩm và đồ uống,Thực phẩm và đồ uống,Kenju- Ngon có gu,174240,174240,21.0,21.0,3,3,0,900.0,900.0,902.0,22.37,Maintain and Monitor,High,Likes are at the 11% peer percentile. | Price is at the 74% country-category percentile. | Displayed discount is at the 64% peer percentile.,Likes are at the 11% peer percentile.,Price is at the 74% country-category percentile.,Displayed discount is at the 64% peer percentile.,vn | Thực phẩm và đồ uống; price pctl 74%; likes pctl 11%; sold-value pctl 44%
vn,vn,213989179,Bibica Official Store ,43831726714,Combo 3 Bánh Goody Jamy Nhân Mứt Bibica 200g,Thực phẩm và đồ uống,Thực phẩm và đồ uống,,88938,88938,19.0,19.0,1,1,0,244.0,244.0,245.0,22.27,Low Priority,High,Likes are at the 5% peer percentile. | The listing belongs to an official shop. | Shop credibility score is 75%.,Likes are at the 5% peer percentile.,The listing belongs to an official shop.,Shop credibility score is 75%.,vn | Thực phẩm và đồ uống; price pctl 36%; likes pctl 5%; sold-value pctl 27%
vn,vn,438905996,Richy - Chi nhánh Miền Nam,50410083782,"[MUA 3 TẶNG 1] Bánh Gạo JINJU RICHY muối hồng Gói 134,4g",Thực phẩm và đồ uống,Thực phẩm và đồ uống,"Jinju – Bánh gạo giòn, ngon",30000,30000,40.0,40.0,4,4,4,13.0,13.0,16.0,22.26,Low Priority,High,Price is at the 4% country-category percentile. | Displayed discount is at the 95% peer percentile. | Historical sold-value proxy is at the 7% peer percentile.,Price is at the 4% country-category percentile.,Displayed discount is at the 95% peer percentile.,Historical sold-value proxy is at the 7% peer percentile.,vn | Thực phẩm và đồ uống; price pctl 4%; likes pctl 13%; sold-value pctl 7%
vn,vn,289646907,Orion VN Official Store,46611116293,[LIVESTREAM] COMBO 5 Hộp Bánh Snack Khoai Tây Nướng Yegam vị Kim Chi Hàn Quốc (64G/Hộp),Thực phẩm và đồ uống,Thực phẩm và đồ uống,,140800,140800,12.0,12.0,6,6,15,45.0,45.0,48.0,22.24,Low Priority,High,Historical sold-value proxy is at the 12% peer percentile. | Likes are at the 16% peer percentile. | Shop credibility score is 79%.,Historical sold-value proxy is at the 12% peer percentile.,Likes are at the 16% peer percentile.,Shop credibility score is 79%.,vn | Thực phẩm và đồ uống; price pctl 63%; likes pctl 16%; sold-value pctl 12%
vn,vn,438905996,Richy - Chi nhánh Miền Nam,56811471193,"[MUA 1 TẶNG 1] Bánh quy Merry sữa dừa hộp 396g, bánh kẹo Richy Date t9/2026",Thực phẩm và đồ uống,Thực phẩm và đồ uống,🔥MUA 1 TẶNG 1,58500,58500,10.0,10.0,3,3,10,39.0,39.0,40.0,22.09,Low Priority,High,Likes are at the 11% peer percentile. | Historical sold-value proxy is at the 11% peer percentile. | Displayed discount is at the 14% peer percentile.,Likes are at the 11% peer percentile.,Historical sold-value proxy is at the 11% peer percentile.,Displayed discount is at the 14% peer percentile.,vn | Thực phẩm và đồ uống; price pctl 24%; likes pctl 11%; sold-value pctl 11%
vn,vn,438905996,Richy - Chi nhánh Miền Nam,26284532008,"[Tặng quà đơn từ 129k]Combo 6 bánh mix vị, Bánh mì hoa cúc ngàn lớp Fes'ta, Bánh Karo gấu phô mai, HSD 35-45 ngày",Thực phẩm và đồ uống,Thực phẩm và đồ uống,Karo – Bánh tươi năng lượng,126000,126000,37.0,37.0,15,15,10,3.0,3.0,31.0,22.07,Low Priority,High,Displayed discount is at the 92% peer percentile. | Historical sold-value proxy is at the 9% peer percentile. | Likes are at the 25% peer percentile.,Displayed discount is at the 92% peer percentile.,Historical sold-value proxy is at the 9% peer percentile.,Likes are at the 25% peer percentile.,vn | Thực phẩm và đồ uống; price pctl 52%; likes pctl 25%; sold-value pctl 9%
vn,vn,438905996,Richy - Chi nhánh Miền Nam,43957595456,"[Tặng quà đơn từ 129k]Combo 7 bánh Mix vị, 4 bịch Karo chà bông, 3 bịch Bánh mì hoa cúc Fe'sta, HSD 35-45 ngày",Thực phẩm và đồ uống,Thực phẩm và đồ uống,Karo – Bánh tươi năng lượng,187440,187440,38.0,38.0,21,21,12,2.0,2.0,72.0,22.01,Low Priority,High,Displayed discount is at the 93% peer percentile. | Historical sold-value proxy is at the 15% peer percentile. | Price is at the 76% country-category percentile.,Displayed discount is at the 93% peer percentile.,Historical sold-value proxy is at the 15% peer percentile.,Price is at the 76% country-category percentile.,vn | Thực phẩm và đồ uống; price pctl 76%; likes pctl 31%; sold-value pctl 15%
vn,vn,213989179,Bibica Official Store ,28438193554,Combo 5 Bánh Jamy Nhân Mứt Bibica 200g,Thực phẩm và đồ uống,Thực phẩm và đồ uống,,144936,144936,21.0,21.0,7,7,13,12.0,12.0,119.0,21.97,Low Priority,High,Likes are at the 18% peer percentile. | Historical sold-value proxy is at the 20% peer percentile. | The listing belongs to an official shop.,Likes are at the 18% peer percentile.,Historical sold-value proxy is at the 20% peer percentile.,The listing belongs to an official shop.,vn | Thực phẩm và đồ uống; price pctl 64%; likes pctl 18%; sold-value pctl 20%
vn,vn,1145316676,Nestlé Health Science,25164693944,[Quà tặng không bán] BỘ KHĂN CHOÀNG TẮM BÉ VÀ TÚI KHỦNG LONG,Mẹ & Bé,Mẹ & Bé,,381800,381800,24.0,24.0,1,1,1,,,10.0,21.95,Low Priority,High,Historical sold-value proxy is at the 2% peer percentile. | The listing belongs to an official shop. | Likes are at the 30% peer percentile.,Historical sold-value proxy is at the 2% peer percentile.,The listing belongs to an official shop.,Likes are at the 30% peer percentile.,vn | Mẹ & Bé; price pctl 40%; likes pctl 30%; sold-value pctl 2%
vn,vn,289646907,Orion VN Official Store,47660969325,COMBO 5 Hộp Bánh Snack Khoai Tây Nướng Yegam vị Nguyên Bản (64G/Hộp),Thực phẩm và đồ uống,Thực phẩm và đồ uống,,140800,140800,12.0,12.0,5,5,14,56.0,56.0,58.0,21.67,Low Priority,High,Historical sold-value proxy is at the 14% peer percentile. | Likes are at the 14% peer percentile. | Shop credibility score is 79%.,Historical sold-value proxy is at the 14% peer percentile.,Likes are at the 14% peer percentile.,Shop credibility score is 79%.,vn | Thực phẩm và đồ uống; price pctl 63%; likes pctl 14%; sold-value pctl 14%
vn,vn,1145316676,Nestlé Health Science,47857620474,Bộ 4 Sữa Bột NESTLÉ BOOST OPTIMUM Singapore Bổ Sung Dinh Dưỡng Cho Người Lớn Tuổi 400G,Thực phẩm và đồ uống,Thực phẩm và đồ uống,BOOST OPTIMUM - QUÀ TẶNG NGƯỜI CAO TUỔI,1251648,1251648,35.0,35.0,26,26,15,157.0,157.0,191.0,21.64,Low Priority,High,Price is at the 99% country-category percentile. | Displayed discount is at the 90% peer percentile. | Historical sold-value proxy is at the 23% peer percentile.,Price is at the 99% country-category percentile.,Displayed discount is at the 90% peer percentile.,Historical sold-value proxy is at the 23% peer percentile.,vn | Thực phẩm và đồ uống; price pctl 99%; likes pctl 34%; sold-value pctl 23%
vn,vn,213989179,Bibica Official Store ,42431344632,(Mua 5 TẶNG 5) Bánh Ăn Sáng Bibica - Bánh mì Sandwich Vị Bò sốt bulgogi/Cá hồi tiêu/Gà Terayaki 56g(Date mới),Thực phẩm và đồ uống,Thực phẩm và đồ uống,Bánh Ăn Sáng,57834,57834,19.0,19.0,3,3,4,23.0,23.0,23.0,21.4,Low Priority,High,Historical sold-value proxy is at the 8% peer percentile. | Likes are at the 11% peer percentile. | Price is at the 23% country-category percentile.,Historical sold-value proxy is at the 8% peer percentile.,Likes are at the 11% peer percentile.,Price is at the 23% country-category percentile.,vn | Thực phẩm và đồ uống; price pctl 23%; likes pctl 11%; sold-value pctl 8%
vn,vn,289646907,Orion VN Official Store,53162629503,[LIVESTREAM] [Phiên bản Bánh In Tên] COMBO 8 Hộp bánh Cá Marine Boy Orion vị Rong Biển Tuyết Xanh 35g/hộp,Thực phẩm và đồ uống,Thực phẩm và đồ uống,,108000,108000,10.0,10.0,0,0,0,206.0,206.0,206.0,21.26,Low Priority,High,Likes are at the 2% peer percentile. | Displayed discount is at the 14% peer percentile. | Shop credibility score is 79%.,Likes are at the 2% peer percentile.,Displayed discount is at the 14% peer percentile.,Shop credibility score is 79%.,vn | Thực phẩm và đồ uống; price pctl 45%; likes pctl 2%; sold-value pctl 25%
vn,vn,438905996,Richy - Chi nhánh Miền Nam,49106797794,"[TẶNG QUÀ ĐƠN TỪ 129K]Combo 8 Bịch Bánh Mì Hoa Cúc Ngàn Lớp, Bịch 3 Bánh,Bánh kẹo richy",Thực phẩm và đồ uống,Thực phẩm và đồ uống,Fe’sta – Bánh tươi ăn vặt,161040,161040,40.0,40.0,11,11,16,40.0,40.0,93.0,21.16,Low Priority,High,Displayed discount is at the 95% peer percentile. | Historical sold-value proxy is at the 18% peer percentile. | Likes are at the 22% peer percentile.,Displayed discount is at the 95% peer percentile.,Historical sold-value proxy is at the 18% peer percentile.,Likes are at the 22% peer percentile.,vn | Thực phẩm và đồ uống; price pctl 70%; likes pctl 22%; sold-value pctl 18%
vn,vn,438905996,Richy - Chi nhánh Miền Nam,16196107987,"[TẶNG QUẠT ĐƠN 180K] Thùng bánh quy hành Kenju kem dẻo loại hộp - 279g (12 Hộp/Thùng), Bánh Kẹo Richy",Thực phẩm và đồ uống,Thực phẩm và đồ uống,Kenju- Ngon có gu,673130,673130,19.0,19.0,19,19,18,1.0,1.0,75.0,21.04,Low Priority,High,Price is at the 96% country-category percentile. | Historical sold-value proxy is at the 16% peer percentile. | Likes are at the 29% peer percentile.,Price is at the 96% country-category percentile.,Historical sold-value proxy is at the 16% peer percentile.,Likes are at the 29% peer percentile.,vn | Thực phẩm và đồ uống; price pctl 96%; likes pctl 29%; sold-value pctl 16%
vn,vn,1145316676,Nestlé Health Science,29727782756,[Quà tặng không bán] Xe Chòi,Mẹ & Bé,Mẹ & Bé,,381800,381800,24.0,24.0,0,0,5,,,38.0,20.87,Low Priority,High,Historical sold-value proxy is at the 8% peer percentile. | Likes are at the 12% peer percentile. | The listing belongs to an official shop.,Historical sold-value proxy is at the 8% peer percentile.,Likes are at the 12% peer percentile.,The listing belongs to an official shop.,vn | Mẹ & Bé; price pctl 40%; likes pctl 12%; sold-value pctl 8%
vn,vn,438905996,Richy - Chi nhánh Miền Nam,26579122800,[MUA 3 TẶNG 1 QUAT] Combo 4 túi yến mạch sữa - phô mai 250g-220g,Thực phẩm và đồ uống,Thực phẩm và đồ uống,Yến mạch – Healthy mỗi ngày,165440,165440,34.0,34.0,8,8,18,41.0,41.0,99.0,20.78,Low Priority,High,Displayed discount is at the 88% peer percentile. | Historical sold-value proxy is at the 19% peer percentile. | Likes are at the 19% peer percentile.,Displayed discount is at the 88% peer percentile.,Historical sold-value proxy is at the 19% peer percentile.,Likes are at the 19% peer percentile.,vn | Thực phẩm và đồ uống; price pctl 71%; likes pctl 19%; sold-value pctl 19%
vn,vn,464391416,Bánh Kẹo Hải Hà - Chính hãng,11395342887,Combo 3 bánh kem xốp HẢI HÀ - Túi 230g,Thực phẩm và đồ uống,Thực phẩm và đồ uống,BST BÁNH NGON HẢI HÀ,56000,56000,0.0,0.0,5,5,3,,,6.0,20.64,Low Priority,High,Displayed discount is at the 2% peer percentile. | Historical sold-value proxy is at the 4% peer percentile. | Likes are at the 14% peer percentile.,Displayed discount is at the 2% peer percentile.,Historical sold-value proxy is at the 4% peer percentile.,Likes are at the 14% peer percentile.,vn | Thực phẩm và đồ uống; price pctl 22%; likes pctl 14%; sold-value pctl 4%
vn,vn,1145316676,Nestlé Health Science,53562237287,[Quà tặng không bán] Bộ đồ chơi gỗ giao thông,Mẹ & Bé,Mẹ & Bé,,381800,381800,24.0,24.0,0,0,4,54.0,54.0,55.0,20.6,Low Priority,High,Likes are at the 12% peer percentile. | Historical sold-value proxy is at the 14% peer percentile. | The listing belongs to an official shop.,Likes are at the 12% peer percentile.,Historical sold-value proxy is at the 14% peer percentile.,The listing belongs to an official shop.,vn | Mẹ & Bé; price pctl 40%; likes pctl 12%; sold-value pctl 14%
vn,vn,289646907,Orion VN Official Store,54811285979,Combo 5 Túi 14 Gói Bánh An Vị Nếp Cẩm Mật Hoa Dừa (140G/Túi),Thực phẩm và đồ uống,Thực phẩm và đồ uống,,171600,171600,12.0,12.0,8,8,9,37.0,37.0,39.0,20.51,Low Priority,High,Historical sold-value proxy is at the 10% peer percentile. | Likes are at the 19% peer percentile. | Shop credibility score is 79%.,Historical sold-value proxy is at the 10% peer percentile.,Likes are at the 19% peer percentile.,Shop credibility score is 79%.,vn | Thực phẩm và đồ uống; price pctl 73%; likes pctl 19%; sold-value pctl 10%
vn,vn,464391416,Bánh Kẹo Hải Hà - Chính hãng,21202484546,Combo 3 Túi Kẹo Dẻo Chipchip HẢI HÀ - Túi 450g,Thực phẩm và đồ uống,Thực phẩm và đồ uống,CHIP CHIP,144000,144000,0.0,0.0,9,9,12,,,27.0,20.5,Low Priority,High,Displayed discount is at the 2% peer percentile. | Historical sold-value proxy is at the 8% peer percentile. | Likes are at the 20% peer percentile.,Displayed discount is at the 2% peer percentile.,Historical sold-value proxy is at the 8% peer percentile.,Likes are at the 20% peer percentile.,vn | Thực phẩm và đồ uống; price pctl 64%; likes pctl 20%; sold-value pctl 8%
vn,vn,140360136,Kinh Do Official Store,53507099725,Combo 4 Hộp Bánh Quy Dinh Dưỡng AFC Vị Lúa Mì 172g,Thực phẩm và đồ uống,Thực phẩm và đồ uống,,111600,111600,10.0,10.0,10,10,1,8.0,8.0,12.0,20.5,Low Priority,High,Historical sold-value proxy is at the 5% peer percentile. | Displayed discount is at the 14% peer percentile. | Likes are at the 21% peer percentile.,Historical sold-value proxy is at the 5% peer percentile.,Displayed discount is at the 14% peer percentile.,Likes are at the 21% peer percentile.,vn | Thực phẩm và đồ uống; price pctl 46%; likes pctl 21%; sold-value pctl 5%
vn,vn,289646907,Orion VN Official Store,45810975410,COMBO 5 Hộp Bánh Snack Khoai Tây Nướng Yegam vị Kim Chi Hàn Quốc (64G/Hộp),Thực phẩm và đồ uống,Thực phẩm và đồ uống,,140800,140800,12.0,12.0,6,6,8,34.0,34.0,35.0,20.48,Low Priority,High,Historical sold-value proxy is at the 9% peer percentile. | Likes are at the 16% peer percentile. | Shop credibility score is 79%.,Historical sold-value proxy is at the 9% peer percentile.,Likes are at the 16% peer percentile.,Shop credibility score is 79%.,vn | Thực phẩm và đồ uống; price pctl 63%; likes pctl 16%; sold-value pctl 9%
vn,vn,213989179,Bibica Official Store ,49462558993,[QUÀ TẶNG KHÔNG BÁN] Kẹo dẻo Zoo một túi 24g vị bất kỳ,Thực phẩm và đồ uống,Thực phẩm và đồ uống,,90000,90000,10.0,10.0,0,0,9,59.0,59.0,59.0,20.47,Low Priority,High,Likes are at the 2% peer percentile. | Historical sold-value proxy is at the 14% peer percentile. | Displayed discount is at the 14% peer percentile.,Likes are at the 2% peer percentile.,Historical sold-value proxy is at the 14% peer percentile.,Displayed discount is at the 14% peer percentile.,vn | Thực phẩm và đồ uống; price pctl 38%; likes pctl 2%; sold-value pctl 14%
vn,vn,289646907,Orion VN Official Store,51161101482,[LIVESTREAM] COMBO 5 Hộp Bánh Snack Khoai Tây Nướng Yegam vị Nguyên Bản (64G/Hộp),Thực phẩm và đồ uống,Thực phẩm và đồ uống,,140800,140800,12.0,12.0,4,4,10,34.0,34.0,36.0,20.25,Low Priority,High,Historical sold-value proxy is at the 10% peer percentile. | Likes are at the 13% peer percentile. | Shop credibility score is 79%.,Historical sold-value proxy is at the 10% peer percentile.,Likes are at the 13% peer percentile.,Shop credibility score is 79%.,vn | Thực phẩm và đồ uống; price pctl 63%; likes pctl 13%; sold-value pctl 10%
vn,vn,213989179,Bibica Official Store ,56909219568,"Kẹo mút Cheery hai tầng hương vị nhân đôi niềm vui Bibica lan tỏa yêu thương 570g, 760g",Thực phẩm và đồ uống,Thực phẩm và đồ uống,,70537,70537,15.0,15.0,6,6,0,8.0,8.0,24.0,20.05,Low Priority,High,Historical sold-value proxy is at the 8% peer percentile. | Likes are at the 16% peer percentile. | The listing belongs to an official shop.,Historical sold-value proxy is at the 8% peer percentile.,Likes are at the 16% peer percentile.,The listing belongs to an official shop.,vn | Thực phẩm và đồ uống; price pctl 29%; likes pctl 16%; sold-value pctl 8%
vn,vn,438905996,Richy - Chi nhánh Miền Nam,56310231315,[TẶNG QUẠT ĐƠN TỪ 180K] Thùng kenju tôm 18 gói/ thùng,Thực phẩm và đồ uống,Thực phẩm và đồ uống,Bánh kẹo sỉ,649890,649890,19.0,19.0,2,2,52,198.0,198.0,200.0,19.96,Low Priority,High,Price is at the 96% country-category percentile. | Likes are at the 8% peer percentile. | Historical sold-value proxy is at the 24% peer percentile.,Price is at the 96% country-category percentile.,Likes are at the 8% peer percentile.,Historical sold-value proxy is at the 24% peer percentile.,vn | Thực phẩm và đồ uống; price pctl 96%; likes pctl 8%; sold-value pctl 24%
vn,vn,213989179,Bibica Official Store ,56761249618,(Mua 10 TẶNG 10) Bánh Ăn Sáng Bibica - Bánh Tươi Olive có nhân Cốm/Bơ Sữa 50g (Date mới),Thực phẩm và đồ uống,Thực phẩm và đồ uống,Bánh Ăn Sáng,108540,108540,19.0,19.0,6,6,2,13.0,13.0,13.0,19.92,Low Priority,High,Historical sold-value proxy is at the 6% peer percentile. | Likes are at the 16% peer percentile. | The listing belongs to an official shop.,Historical sold-value proxy is at the 6% peer percentile.,Likes are at the 16% peer percentile.,The listing belongs to an official shop.,vn | Thực phẩm và đồ uống; price pctl 45%; likes pctl 16%; sold-value pctl 6%
vn,vn,213989179,Bibica Official Store ,49212426528,(Mua 10 TẶNG 10) Bánh Ăn Sáng Bibica - Bánh Mì Chà Bông/ Phô Mai Trứng Muối 40g (Date mới),Thực phẩm và đồ uống,Thực phẩm và đồ uống,Bánh Ăn Sáng,97977,97977,19.0,19.0,4,4,1,51.0,51.0,51.0,19.89,Low Priority,High,Likes are at the 13% peer percentile. | Historical sold-value proxy is at the 13% peer percentile. | The listing belongs to an official shop.,Likes are at the 13% peer percentile.,Historical sold-value proxy is at the 13% peer percentile.,The listing belongs to an official shop.,vn | Thực phẩm và đồ uống; price pctl 41%; likes pctl 13%; sold-value pctl 13%
vn,vn,1546895026,Mars Snacking VN,57156774210,[PHIÊN BẢN MARVEL] Combo 3 Gói Kẹo Sôcôla Sữa M&M's 90g,Thực phẩm và đồ uống,Thực phẩm và đồ uống,Tất cả sản phẩm,141680,141680,19.0,19.0,4,4,0,142.0,142.0,150.0,19.86,Low Priority,High,Likes are at the 13% peer percentile. | Shop credibility score is 83%. | Historical sold-value proxy is at the 21% peer percentile.,Likes are at the 13% peer percentile.,Shop credibility score is 83%.,Historical sold-value proxy is at the 21% peer percentile.,vn | Thực phẩm và đồ uống; price pctl 63%; likes pctl 13%; sold-value pctl 21%
vn,vn,464391416,Bánh Kẹo Hải Hà - Chính hãng,14285234900,Combo 2 Túi Bánh Socola Mềm LongPie Hải Hà - Hộp 216g,Thực phẩm và đồ uống,Thực phẩm và đồ uống,,50000,50000,0.0,0.0,3,3,2,,,6.0,19.77,Low Priority,High,Displayed discount is at the 2% peer percentile. | Historical sold-value proxy is at the 4% peer percentile. | Likes are at the 11% peer percentile.,Displayed discount is at the 2% peer percentile.,Historical sold-value proxy is at the 4% peer percentile.,Likes are at the 11% peer percentile.,vn | Thực phẩm và đồ uống; price pctl 19%; likes pctl 11%; sold-value pctl 4%
vn,vn,140360136,Kinh Do Official Store,47052654690,[Video VC 20%] Thùng 14 Lon Bánh Lát Snack Khoai Tây Slide Vị Kem Chua & Hành 90g,Thực phẩm và đồ uống,Thực phẩm và đồ uống,Tất cả sản phẩm,430770,430770,17.0,17.0,18,18,6,20.0,20.0,53.0,19.77,Low Priority,High,Price is at the 92% country-category percentile. | Historical sold-value proxy is at the 13% peer percentile. | The listing belongs to an official shop.,Price is at the 92% country-category percentile.,Historical sold-value proxy is at the 13% peer percentile.,The listing belongs to an official shop.,vn | Thực phẩm và đồ uống; price pctl 92%; likes pctl 28%; sold-value pctl 13%
vn,vn,438905996,Richy - Chi nhánh Miền Nam,43600566645,[TẶNG QUẠT ĐƠN 180K]  Combo 2 -4 túi kenju rau củ 192g Bánh Kẹo Richy,Thực phẩm và đồ uống,Thực phẩm và đồ uống,Kenju- Ngon có gu,81000,81000,23.0,23.0,3,3,5,2.0,2.0,27.0,19.44,Low Priority,High,Historical sold-value proxy is at the 8% peer percentile. | Likes are at the 11% peer percentile. | Displayed discount is at the 68% peer percentile.,Historical sold-value proxy is at the 8% peer percentile.,Likes are at the 11% peer percentile.,Displayed discount is at the 68% peer percentile.,vn | Thực phẩm và đồ uống; price pctl 32%; likes pctl 11%; sold-value pctl 8%
vn,vn,173513432,Richy - Chi Nhánh Miền Bắc,49460866050,[Tặng Quạt Đơn 250k] Thùng/Hộp 18-32 Bánh Tươi NGON Combo Richy Fresh Box Mix Vị Karo Fe'sta,Thực phẩm và đồ uống,Thực phẩm và đồ uống,,144320,144320,42.0,42.0,7,7,9,59.0,59.0,60.0,19.33,Low Priority,High,Displayed discount is at the 96% peer percentile. | Historical sold-value proxy is at the 14% peer percentile. | Likes are at the 18% peer percentile.,Displayed discount is at the 96% peer percentile.,Historical sold-value proxy is at the 14% peer percentile.,Likes are at the 18% peer percentile.,vn | Thực phẩm và đồ uống; price pctl 64%; likes pctl 18%; sold-value pctl 14%
vn,vn,438905996,Richy - Chi nhánh Miền Nam,19448050564,[TẶNG QUẠT MINI CẦM TAY] Thùng Bánh Yến Mạch Richy vị Phô Mai vị Sữa mini bite 48 gói/ thùng,Thực phẩm và đồ uống,Thực phẩm và đồ uống,Yến mạch – Healthy mỗi ngày,525390,525390,30.0,30.0,17,17,13,,,64.0,19.28,Low Priority,High,Price is at the 94% country-category percentile. | Historical sold-value proxy is at the 15% peer percentile. | Displayed discount is at the 81% peer percentile.,Price is at the 94% country-category percentile.,Historical sold-value proxy is at the 15% peer percentile.,Displayed discount is at the 81% peer percentile.,vn | Thực phẩm và đồ uống; price pctl 94%; likes pctl 26%; sold-value pctl 15%
vn,vn,438905996,Richy - Chi nhánh Miền Nam,46805415448,"[MUA 2 TẶNG 1 QUẠT]Combo 3 Bịch Kenju Gà Nướng Phô Mai, Kenju 2 Lớp Chà Bông, Túi 216g, Bánh Kẹo RichyCombo 3 Bịch Kenju",Thực phẩm và đồ uống,Thực phẩm và đồ uống,Kenju- Ngon có gu,149600,149600,40.0,40.0,9,9,9,11.0,11.0,39.0,19.23,Low Priority,High,Displayed discount is at the 95% peer percentile. | Historical sold-value proxy is at the 10% peer percentile. | Likes are at the 20% peer percentile.,Displayed discount is at the 95% peer percentile.,Historical sold-value proxy is at the 10% peer percentile.,Likes are at the 20% peer percentile.,vn | Thực phẩm và đồ uống; price pctl 66%; likes pctl 20%; sold-value pctl 10%
vn,vn,1145316676,Nestlé Health Science,53358041887,"Bộ 2 Sữa Dinh Dưỡng Y Học NESTLÉ ORAL IMPACT Đức Cho Người Ung Thư,Phẫu Thuật 5 Gói x 74G",Thực phẩm và đồ uống,Thực phẩm và đồ uống,PEPTAMEN + ORAL,1053700,1053700,30.0,30.0,19,19,10,33.0,33.0,75.0,19.2,Low Priority,High,Price is at the 98% country-category percentile. | Historical sold-value proxy is at the 16% peer percentile. | Displayed discount is at the 81% peer percentile.,Price is at the 98% country-category percentile.,Historical sold-value proxy is at the 16% peer percentile.,Displayed discount is at the 81% peer percentile.,vn | Thực phẩm và đồ uống; price pctl 98%; likes pctl 29%; sold-value pctl 16%
vn,vn,438905996,Richy - Chi nhánh Miền Nam,40581612807,"[MUA 1 TẶNG 1] KENJU trà sữa 288gram, bánh kẹo Richy Date t1/2027",Thực phẩm và đồ uống,Thực phẩm và đồ uống,🔥MUA 1 TẶNG 1,54560,54560,12.0,12.0,2,2,2,18.0,18.0,19.0,19.18,Low Priority,High,Historical sold-value proxy is at the 7% peer percentile. | Likes are at the 8% peer percentile. | Price is at the 21% country-category percentile.,Historical sold-value proxy is at the 7% peer percentile.,Likes are at the 8% peer percentile.,Price is at the 21% country-category percentile.,vn | Thực phẩm và đồ uống; price pctl 21%; likes pctl 8%; sold-value pctl 7%
vn,vn,140360136,Kinh Do Official Store,53203426553,[Video VC 20%] Combo 6 Lon Bánh Lát Snack Khoai Tây Slide Vị Pizza Sò Điệp Và Bào Ngư 60g,Thực phẩm và đồ uống,Thực phẩm và đồ uống,Tất cả sản phẩm,158400,158400,12.0,12.0,2,2,3,108.0,108.0,126.0,19.12,Low Priority,High,Likes are at the 8% peer percentile. | Historical sold-value proxy is at the 20% peer percentile. | Displayed discount is at the 25% peer percentile.,Likes are at the 8% peer percentile.,Historical sold-value proxy is at the 20% peer percentile.,Displayed discount is at the 25% peer percentile.,vn | Thực phẩm và đồ uống; price pctl 68%; likes pctl 8%; sold-value pctl 20%
vn,vn,438905996,Richy - Chi nhánh Miền Nam,26589754927,"[ TẶNG QUẠT MINI ĐƠN TỪ 250K] Set bánh tươi mix vị từ 24-36 chiếc karo: gà, phô mai, sữa, gấu, festa hoa cúc, yến mạch.",Thực phẩm và đồ uống,Thực phẩm và đồ uống,Box độc quyền,139920,139920,30.0,30.0,6,6,10,32.0,32.0,38.0,19.11,Low Priority,High,Historical sold-value proxy is at the 10% peer percentile. | Likes are at the 16% peer percentile. | Displayed discount is at the 81% peer percentile.,Historical sold-value proxy is at the 10% peer percentile.,Likes are at the 16% peer percentile.,Displayed discount is at the 81% peer percentile.,vn | Thực phẩm và đồ uống; price pctl 62%; likes pctl 16%; sold-value pctl 10%
vn,vn,438905996,Richy - Chi nhánh Miền Nam,28488287544,"[Tặng quà đơn từ 129k] Combo Bánh Tươi các vị, Bánh Karo chà bông, Karo Gấu phô mai, Bánh mì hoa cúc, HSD 35-45ngày",Thực phẩm và đồ uống,Thực phẩm và đồ uống,Karo – Bánh tươi năng lượng,134100,134100,33.0,33.0,10,10,5,4.0,4.0,18.0,19.08,Low Priority,High,Historical sold-value proxy is at the 7% peer percentile. | Displayed discount is at the 86% peer percentile. | Likes are at the 21% peer percentile.,Historical sold-value proxy is at the 7% peer percentile.,Displayed discount is at the 86% peer percentile.,Likes are at the 21% peer percentile.,vn | Thực phẩm và đồ uống; price pctl 59%; likes pctl 21%; sold-value pctl 7%
vn,vn,1145316676,Nestlé Health Science,54858041814,"Bộ 3 Sữa Dinh Dưỡng Y Học NESTLÉ ORAL IMPACT Đức Cho Người Ung Thư,Phẫu Thuật 5 Gói x 74G",Thực phẩm và đồ uống,Thực phẩm và đồ uống,PEPTAMEN + ORAL,1576450,1576450,30.0,30.0,17,17,11,48.0,48.0,95.0,18.84,Low Priority,High,Price is at the 100% country-category percentile. | Historical sold-value proxy is at the 18% peer percentile. | Displayed discount is at the 81% peer percentile.,Price is at the 100% country-category percentile.,Historical sold-value proxy is at the 18% peer percentile.,Displayed discount is at the 81% peer percentile.,vn | Thực phẩm và đồ uống; price pctl 100%; likes pctl 26%; sold-value pctl 18%
vn,vn,1546895026,Mars Snacking VN,56261839007,[MỚI RA MẮT] Combo Kẹo Sing-gum Cool Air siêu the Mát Hương Bạc Hà/Nho,Thực phẩm và đồ uống,Thực phẩm và đồ uống,,137526,137526,18.0,18.0,5,5,2,25.0,25.0,26.0,18.79,Low Priority,High,Historical sold-value proxy is at the 8% peer percentile. | Likes are at the 14% peer percentile. | Shop credibility score is 83%.,Historical sold-value proxy is at the 8% peer percentile.,Likes are at the 14% peer percentile.,Shop credibility score is 83%.,vn | Thực phẩm và đồ uống; price pctl 61%; likes pctl 14%; sold-value pctl 8%
vn,vn,438905996,Richy - Chi nhánh Miền Nam,23476552513,[Mua 1 tặng 1]Bánh bơ trứng giòn Richy Rose Love hộp giấy 255g,Thực phẩm và đồ uống,Thực phẩm và đồ uống,🔥MUA 1 TẶNG 1,49000,49000,0.0,0.0,0,0,5,4.0,4.0,12.0,18.76,Low Priority,High,Likes are at the 2% peer percentile. | Displayed discount is at the 2% peer percentile. | Historical sold-value proxy is at the 5% peer percentile.,Likes are at the 2% peer percentile.,Displayed discount is at the 2% peer percentile.,Historical sold-value proxy is at the 5% peer percentile.,vn | Thực phẩm và đồ uống; price pctl 18%; likes pctl 2%; sold-value pctl 5%
vn,vn,213989179,Bibica Official Store ,56311234382,"Hộp Quà Sinh Nhật Cho Bé - Hộp Phần Thưởng Cho Bé Ngoan, Kẹo Dẻo Zoo Mix Đủ Vị",Thực phẩm và đồ uống,Thực phẩm và đồ uống,,45000,45000,26.0,26.0,1,1,0,5.0,5.0,5.0,18.58,Low Priority,High,Historical sold-value proxy is at the 3% peer percentile. | Likes are at the 5% peer percentile. | Price is at the 12% country-category percentile.,Historical sold-value proxy is at the 3% peer percentile.,Likes are at the 5% peer percentile.,Price is at the 12% country-category percentile.,vn | Thực phẩm và đồ uống; price pctl 12%; likes pctl 5%; sold-value pctl 3%
vn,vn,438905996,Richy - Chi nhánh Miền Nam,56612119914,[ QUÀ TẶNG KHÔNG BÁN] DATE T11/2026 BÁNH KARO BƠ TRỨNG GIÒN 150G,Thực phẩm và đồ uống,Thực phẩm và đồ uống,,400890,400890,20.0,20.0,0,0,30,206.0,206.0,208.0,18.58,Low Priority,High,Likes are at the 2% peer percentile. | Price is at the 89% country-category percentile. | Historical sold-value proxy is at the 25% peer percentile.,Likes are at the 2% peer percentile.,Price is at the 89% country-category percentile.,Historical sold-value proxy is at the 25% peer percentile.,vn | Thực phẩm và đồ uống; price pctl 89%; likes pctl 2%; sold-value pctl 25%
vn,vn,438905996,Richy - Chi nhánh Miền Nam,19760852081,[TẶNG QUẠT MINI CẦM TAY] Thùng Bánh Yến Mạch Richy Mix vị (10 phô mai 10 sữa),Thực phẩm và đồ uống,Thực phẩm và đồ uống,Yến mạch – Healthy mỗi ngày,409190,409190,26.0,26.0,10,10,14,1.0,1.0,70.0,18.5,Low Priority,High,Price is at the 90% country-category percentile. | Historical sold-value proxy is at the 15% peer percentile. | Likes are at the 21% peer percentile.,Price is at the 90% country-category percentile.,Historical sold-value proxy is at the 15% peer percentile.,Likes are at the 21% peer percentile.,vn | Thực phẩm và đồ uống; price pctl 90%; likes pctl 21%; sold-value pctl 15%
vn,vn,140360136,Kinh Do Official Store,45252660052,[Video VC 20%] Thùng 16 Hộp Bánh Quy Dinh Dưỡng AFC Vị Lúa Mì 172g,Thực phẩm và đồ uống,Thực phẩm và đồ uống,Tất cả sản phẩm,411680,411680,17.0,17.0,11,11,6,4.0,4.0,53.0,18.38,Low Priority,High,Price is at the 90% country-category percentile. | Historical sold-value proxy is at the 13% peer percentile. | Likes are at the 22% peer percentile.,Price is at the 90% country-category percentile.,Historical sold-value proxy is at the 13% peer percentile.,Likes are at the 22% peer percentile.,vn | Thực phẩm và đồ uống; price pctl 90%; likes pctl 22%; sold-value pctl 13%
vn,vn,438905996,Richy - Chi nhánh Miền Nam,40507120621,"[Tặng quà đơn từ 129k]Combo 4 Bịch, Bánh Karo chà bông sợi gà, Bánh mì hoa cúc Fe'sta, Bánh tươi, HSD 35-45 ngày",Thực phẩm và đồ uống,Thực phẩm và đồ uống,Karo – Bánh tươi năng lượng,90000,90000,52.0,52.0,4,4,2,3.0,3.0,13.0,18.22,Discount Efficiency Review,High,Displayed discount is at the 99% peer percentile. | Historical sold-value proxy is at the 6% peer percentile. | Likes are at the 13% peer percentile.,Displayed discount is at the 99% peer percentile.,Historical sold-value proxy is at the 6% peer percentile.,Likes are at the 13% peer percentile.,vn | Thực phẩm và đồ uống; price pctl 38%; likes pctl 13%; sold-value pctl 6%
vn,vn,1145316676,Nestlé Health Science,56109950507,Bộ 3 Sữa Bột NESTLÉ BOOST OPTIMUM Singapore Bổ Sung Dinh Dưỡng Cho Người Lớn Tuổi 800G,Thực phẩm và đồ uống,Thực phẩm và đồ uống,,1849920,1849920,35.0,35.0,18,18,9,36.0,36.0,45.0,18.05,Low Priority,High,Price is at the 100% country-category percentile. | Displayed discount is at the 90% peer percentile. | Historical sold-value proxy is at the 12% peer percentile.,Price is at the 100% country-category percentile.,Displayed discount is at the 90% peer percentile.,Historical sold-value proxy is at the 12% peer percentile.,vn | Thực phẩm và đồ uống; price pctl 100%; likes pctl 28%; sold-value pctl 12%
vn,vn,438905996,Richy - Chi nhánh Miền Nam,49559932159,"[ TẶNG QUẠT ĐƠN TỪ 250K]Combo 10 - 12 Bịch Bánh Mì Hoa Cúc, Bịch 3 Bánh, Bánh ăn sáng, Bánh kẹo Richy - HSD 35 ngày",Thực phẩm và đồ uống,Thực phẩm và đồ uống,Fe’sta – Bánh tươi ăn vặt,205040,205040,27.0,27.0,9,9,8,51.0,51.0,54.0,18.02,Low Priority,High,Historical sold-value proxy is at the 13% peer percentile. | Likes are at the 20% peer percentile. | Price is at the 78% country-category percentile.,Historical sold-value proxy is at the 13% peer percentile.,Likes are at the 20% peer percentile.,Price is at the 78% country-category percentile.,vn | Thực phẩm và đồ uống; price pctl 78%; likes pctl 20%; sold-value pctl 13%
vn,vn,438905996,Richy - Chi nhánh Miền Nam,50712699876,[QUÀ TẶNG KHÔNG BÁN] Kenju trà sữa 120g date t12/2026,Thực phẩm và đồ uống,Thực phẩm và đồ uống,,400890,400890,20.0,20.0,0,0,32,161.0,161.0,161.0,17.85,Low Priority,High,Likes are at the 2% peer percentile. | Price is at the 89% country-category percentile. | Historical sold-value proxy is at the 22% peer percentile.,Likes are at the 2% peer percentile.,Price is at the 89% country-category percentile.,Historical sold-value proxy is at the 22% peer percentile.,vn | Thực phẩm và đồ uống; price pctl 89%; likes pctl 2%; sold-value pctl 22%
vn,vn,289646907,Orion VN Official Store,57407453873,Thùng Bánh Chocopie Tình 2P (48 Hộp/Thùng),Thực phẩm và đồ uống,Thực phẩm và đồ uống,,581000,581000,19.0,19.0,2,2,0,303.0,303.0,305.0,17.82,Low Priority,High,Price is at the 95% country-category percentile. | Likes are at the 8% peer percentile. | Shop credibility score is 79%.,Price is at the 95% country-category percentile.,Likes are at the 8% peer percentile.,Shop credibility score is 79%.,vn | Thực phẩm và đồ uống; price pctl 95%; likes pctl 8%; sold-value pctl 29%
vn,vn,213989179,Bibica Official Store ,56712406423,(Mua 10 TẶNG 10) Bánh Ăn Sáng Bibica - Bông lan Olive Chà Bông/Nho Khô Mềm Mịn (Date mới),Thực phẩm và đồ uống,Thực phẩm và đồ uống,Bánh Ăn Sáng,97977,97977,19.0,19.0,4,4,0,4.0,4.0,4.0,17.54,Low Priority,High,Historical sold-value proxy is at the 3% peer percentile. | Likes are at the 13% peer percentile. | The listing belongs to an official shop.,Historical sold-value proxy is at the 3% peer percentile.,Likes are at the 13% peer percentile.,The listing belongs to an official shop.,vn | Thực phẩm và đồ uống; price pctl 41%; likes pctl 13%; sold-value pctl 3%
vn,vn,438905996,Richy - Chi nhánh Miền Nam,29088108842,"[MỚI | MUA 8 TẶNG 2] Combo 8 Bánh mì Hotdog Vị Gà nướng Phô mai 42g, HSD 35 ngày",Thực phẩm và đồ uống,Thực phẩm và đồ uống,Karo – Bánh tươi năng lượng,89100,89100,19.0,19.0,2,2,2,2.0,2.0,16.0,17.48,Low Priority,High,Historical sold-value proxy is at the 7% peer percentile. | Likes are at the 8% peer percentile. | Price is at the 37% country-category percentile.,Historical sold-value proxy is at the 7% peer percentile.,Likes are at the 8% peer percentile.,Price is at the 37% country-category percentile.,vn | Thực phẩm và đồ uống; price pctl 37%; likes pctl 8%; sold-value pctl 7%
vn,vn,140360136,Kinh Do Official Store,54951171331,[Video VC 20%] Thùng 24 Hộp Bánh Quy Sữa Cosy Marie 48g ,Thực phẩm và đồ uống,Thực phẩm và đồ uống,,351920,351920,17.0,17.0,6,6,3,71.0,71.0,83.0,17.46,Low Priority,High,Price is at the 87% country-category percentile. | Likes are at the 16% peer percentile. | Historical sold-value proxy is at the 17% peer percentile.,Price is at the 87% country-category percentile.,Likes are at the 16% peer percentile.,Historical sold-value proxy is at the 17% peer percentile.,vn | Thực phẩm và đồ uống; price pctl 87%; likes pctl 16%; sold-value pctl 17%
vn,vn,438905996,Richy - Chi nhánh Miền Nam,46961314681,"[MUA 1 TẶNG 1] KENJU ĐẬU NÀNH MÈ NGON, Bánh kẹo Richy Date t12/2026",Thực phẩm và đồ uống,Thực phẩm và đồ uống,🔥MUA 1 TẶNG 1,58500,58500,10.0,10.0,0,0,2,13.0,13.0,13.0,17.34,Low Priority,High,Likes are at the 2% peer percentile. | Historical sold-value proxy is at the 6% peer percentile. | Displayed discount is at the 14% peer percentile.,Likes are at the 2% peer percentile.,Historical sold-value proxy is at the 6% peer percentile.,Displayed discount is at the 14% peer percentile.,vn | Thực phẩm và đồ uống; price pctl 24%; likes pctl 2%; sold-value pctl 6%
vn,vn,1546895026,Mars Snacking VN,54161331719,Combo 3 gói kẹo Skittles Funsize vị truyền thống 150g x 3,Thực phẩm và đồ uống,Thực phẩm và đồ uống,,147822,147822,21.0,21.0,2,2,1,50.0,50.0,50.0,17.34,Low Priority,High,Likes are at the 8% peer percentile. | Historical sold-value proxy is at the 12% peer percentile. | Shop credibility score is 83%.,Likes are at the 8% peer percentile.,Historical sold-value proxy is at the 12% peer percentile.,Shop credibility score is 83%.,vn | Thực phẩm và đồ uống; price pctl 66%; likes pctl 8%; sold-value pctl 12%
vn,vn,464391416,Bánh Kẹo Hải Hà - Chính hãng,20637494201,Combo 10 Kẹo dẻo Jelly Chip Chip 175g[TẶNG 1 JELLY CHIP CHIP 175G],Thực phẩm và đồ uống,Thực phẩm và đồ uống,,209000,209000,0.0,0.0,15,15,1,,,32.0,17.17,Low Priority,High,Displayed discount is at the 2% peer percentile. | Historical sold-value proxy is at the 9% peer percentile. | Price is at the 79% country-category percentile.,Displayed discount is at the 2% peer percentile.,Historical sold-value proxy is at the 9% peer percentile.,Price is at the 79% country-category percentile.,vn | Thực phẩm và đồ uống; price pctl 79%; likes pctl 25%; sold-value pctl 9%
vn,vn,289646907,Orion VN Official Store,42579332927,[LIVESTREAM] Combo 5 Túi Bánh Gạo Nướng An vị Nấm Hương Om Nước Tương (140G/Túi),Thực phẩm và đồ uống,Thực phẩm và đồ uống,,171600,171600,12.0,12.0,3,3,1,45.0,45.0,53.0,17.1,Low Priority,High,Likes are at the 11% peer percentile. | Historical sold-value proxy is at the 13% peer percentile. | Shop credibility score is 79%.,Likes are at the 11% peer percentile.,Historical sold-value proxy is at the 13% peer percentile.,Shop credibility score is 79%.,vn | Thực phẩm và đồ uống; price pctl 73%; likes pctl 11%; sold-value pctl 13%
vn,vn,438905996,Richy - Chi nhánh Miền Nam,44007597771,"[TẶNG QUẠT ĐƠN 180K]   Combo 2-4 bịch Bánh quy Kenju rau củ vị Tôm giòn rụm, Bánh snack ăn vặt, Túi 192g,",Thực phẩm và đồ uống,Thực phẩm và đồ uống,Kenju- Ngon có gu,81000,81000,33.0,33.0,2,2,1,7.0,7.0,12.0,17.09,Low Priority,High,Historical sold-value proxy is at the 5% peer percentile. | Likes are at the 8% peer percentile. | Displayed discount is at the 86% peer percentile.,Historical sold-value proxy is at the 5% peer percentile.,Likes are at the 8% peer percentile.,Displayed discount is at the 86% peer percentile.,vn | Thực phẩm và đồ uống; price pctl 32%; likes pctl 8%; sold-value pctl 5%
vn,vn,173513432,Richy - Chi Nhánh Miền Bắc,54861515567,"[MUA 1 TẶNG 1 Vị Ngẫu Nhiên - HSD:T10/2026] Kẹo Crown Hoa Quả Túi 284g Nhập Khẩu Hàn Quốc Vị Dâu Đào, Vải Đào, Xoài Dưa",Thực phẩm và đồ uống,Thực phẩm và đồ uống,SIÊU SALE MUA 1 TẶNG 1,84600,84600,44.0,44.0,2,2,1,4.0,4.0,4.0,17.07,Low Priority,High,Historical sold-value proxy is at the 3% peer percentile. | Displayed discount is at the 97% peer percentile. | Likes are at the 8% peer percentile.,Historical sold-value proxy is at the 3% peer percentile.,Displayed discount is at the 97% peer percentile.,Likes are at the 8% peer percentile.,vn | Thực phẩm và đồ uống; price pctl 33%; likes pctl 8%; sold-value pctl 3%
vn,vn,1546895026,Mars Snacking VN,51351130220,[Quà tặng không bán] Kẹo sing-gum không đường Doublemint Refreshers hương bạc hà hũ 40g,Thực phẩm và đồ uống,Thực phẩm và đồ uống,,805100,805100,19.0,19.0,0,0,0,300.0,300.0,300.0,16.94,Low Priority,High,Likes are at the 2% peer percentile. | Price is at the 97% country-category percentile. | Shop credibility score is 83%.,Likes are at the 2% peer percentile.,Price is at the 97% country-category percentile.,Shop credibility score is 83%.,vn | Thực phẩm và đồ uống; price pctl 97%; likes pctl 2%; sold-value pctl 28%
vn,vn,438905996,Richy - Chi nhánh Miền Nam,47560964182,"[TẶNG  QUÀ ĐƠN TỪ 129K] [New]Combo 4 bịch bánh Karo Gấu chà bông, HSD 45 ngày - cân nhắc khi đặt SLL",Thực phẩm và đồ uống,Thực phẩm và đồ uống,Karo – Bánh tươi năng lượng,89100,89100,26.0,26.0,2,2,1,18.0,18.0,19.0,16.81,Low Priority,High,Historical sold-value proxy is at the 7% peer percentile. | Likes are at the 8% peer percentile. | Displayed discount is at the 76% peer percentile.,Historical sold-value proxy is at the 7% peer percentile.,Likes are at the 8% peer percentile.,Displayed discount is at the 76% peer percentile.,vn | Thực phẩm và đồ uống; price pctl 37%; likes pctl 8%; sold-value pctl 7%
vn,vn,1145316676,Nestlé Health Science,48560929285,[MỚI] Bộ 2 Sữa Bột NESTLÉ BOOST GLUCOSE CONTROL Đức Bổ Sung Dinh Dưỡng Người Tiểu Đường 400G,Thực phẩm và đồ uống,Thực phẩm và đồ uống,SẢN PHẨM MỚI - BOOST GLUCOSE CONTROL,848700,848700,33.0,33.0,14,14,8,19.0,19.0,20.0,16.68,Low Priority,High,Price is at the 98% country-category percentile. | Historical sold-value proxy is at the 7% peer percentile. | Displayed discount is at the 86% peer percentile.,Price is at the 98% country-category percentile.,Historical sold-value proxy is at the 7% peer percentile.,Displayed discount is at the 86% peer percentile.,vn | Thực phẩm và đồ uống; price pctl 98%; likes pctl 23%; sold-value pctl 7%
vn,vn,438905996,Richy - Chi nhánh Miền Nam,21188363250,"Combo 4 Bánh Mix Vị, 2 Bánh Karo - Chà Bông, Hoàng Kim, Yến Mạch Sữa 250g, Kenju kem dẻo túi 186g",Thực phẩm và đồ uống,Thực phẩm và đồ uống,🔥 Combo mix vị siêu lời,136400,136400,17.0,17.0,3,3,5,,,15.0,16.64,Low Priority,High,Historical sold-value proxy is at the 6% peer percentile. | Likes are at the 11% peer percentile. | Shop credibility score is 62%.,Historical sold-value proxy is at the 6% peer percentile.,Likes are at the 11% peer percentile.,Shop credibility score is 62%.,vn | Thực phẩm và đồ uống; price pctl 60%; likes pctl 11%; sold-value pctl 6%
vn,vn,438905996,Richy - Chi nhánh Miền Nam,49660842718,"[TẶNG QUẠT ĐƠN 180K]  Bánh quy Kenju giòn đậu nành, Kenju trà sữa hộp 288gr, Bánh Kẹo Richy",Thực phẩm và đồ uống,Thực phẩm và đồ uống,Kenju- Ngon có gu,55800,55800,20.0,20.0,1,1,0,2.0,2.0,3.0,16.23,Low Priority,High,Historical sold-value proxy is at the 2% peer percentile. | Likes are at the 5% peer percentile. | Price is at the 22% country-category percentile.,Historical sold-value proxy is at the 2% peer percentile.,Likes are at the 5% peer percentile.,Price is at the 22% country-category percentile.,vn | Thực phẩm và đồ uống; price pctl 22%; likes pctl 5%; sold-value pctl 2%
vn,vn,140360136,Kinh Do Official Store,52952634618,[Video VC 20%] Thùng 14 Lon Bánh Lát Snack Khoai Tây Slide Vị Pizza Sò Điệp Và Bào Ngư 145g,Thực phẩm và đồ uống,Thực phẩm và đồ uống,Tất cả sản phẩm,615860,615860,17.0,17.0,11,11,1,42.0,42.0,50.0,16.14,Low Priority,High,Price is at the 96% country-category percentile. | Historical sold-value proxy is at the 12% peer percentile. | Likes are at the 22% peer percentile.,Price is at the 96% country-category percentile.,Historical sold-value proxy is at the 12% peer percentile.,Likes are at the 22% peer percentile.,vn | Thực phẩm và đồ uống; price pctl 96%; likes pctl 22%; sold-value pctl 12%
vn,vn,289646907,Orion VN Official Store,27331553476,"[LIVESTREAM] [ĐỘC QUYỀN ONLINE] Hộp Quà Tặng Bánh Kẹo ĂN VẶT NĂNG LƯỢNG Orion (988,3G)",Thực phẩm và đồ uống,Thực phẩm và đồ uống,,207500,207500,17.0,17.0,5,5,1,5.0,5.0,16.0,16.05,Low Priority,High,Historical sold-value proxy is at the 7% peer percentile. | Likes are at the 14% peer percentile. | Shop credibility score is 79%.,Historical sold-value proxy is at the 7% peer percentile.,Likes are at the 14% peer percentile.,Shop credibility score is 79%.,vn | Thực phẩm và đồ uống; price pctl 78%; likes pctl 14%; sold-value pctl 7%
vn,vn,213989179,Bibica Official Store ,52411245289,"Combo 20 Gói Kẹo Dẻo Zoo Mix 4 Vị Ăn Thử - 5 Kem Tuyết, 5 Sâu Tuyết, 5 Dưa Hấu, 5 Sâu Kỳ Thú Đa Dạng 24g",Thực phẩm và đồ uống,Thực phẩm và đồ uống,,102870,102870,19.0,19.0,0,0,1,10.0,10.0,10.0,16.0,Low Priority,High,Likes are at the 2% peer percentile. | Historical sold-value proxy is at the 5% peer percentile. | The listing belongs to an official shop.,Likes are at the 2% peer percentile.,Historical sold-value proxy is at the 5% peer percentile.,The listing belongs to an official shop.,vn | Thực phẩm và đồ uống; price pctl 42%; likes pctl 2%; sold-value pctl 5%
vn,vn,438905996,Richy - Chi nhánh Miền Nam,28438413736,"[TẶNG QUẠT ĐƠN 180K]  Combo 2 Bánh Kenju kem dẻo túi 186g, Bánh Kenju rau củ túi 192g, Bánh Kẹo Richy",Thực phẩm và đồ uống,Thực phẩm và đồ uống,Kenju- Ngon có gu,81000,81000,49.0,49.0,2,2,0,4.0,4.0,5.0,15.85,Low Priority,High,Displayed discount is at the 98% peer percentile. | Historical sold-value proxy is at the 3% peer percentile. | Likes are at the 8% peer percentile.,Displayed discount is at the 98% peer percentile.,Historical sold-value proxy is at the 3% peer percentile.,Likes are at the 8% peer percentile.,vn | Thực phẩm và đồ uống; price pctl 32%; likes pctl 8%; sold-value pctl 3%
vn,vn,289646907,Orion VN Official Store,28044975197,[LIVESTREAM] Combo 5 Túi 14 Gói Bánh An Vị Nếp Cẩm Mật Hoa Dừa (140G/Túi),Thực phẩm và đồ uống,Thực phẩm và đồ uống,,171600,171600,12.0,12.0,3,3,1,14.0,14.0,14.0,15.77,Low Priority,High,Historical sold-value proxy is at the 6% peer percentile. | Likes are at the 11% peer percentile. | Shop credibility score is 79%.,Historical sold-value proxy is at the 6% peer percentile.,Likes are at the 11% peer percentile.,Shop credibility score is 79%.,vn | Thực phẩm và đồ uống; price pctl 73%; likes pctl 11%; sold-value pctl 6%
vn,vn,140360136,Kinh Do Official Store,49551557295,[CÓ TÚI GIẤY] Hộp Thiếc Bánh Quy OREO Tết 2026 Thập Cẩm 393.75g (Combo 2),Thực phẩm và đồ uống,Thực phẩm và đồ uống,Tất cả sản phẩm,322040,322040,17.0,17.0,0,0,2,97.0,97.0,100.0,15.75,Low Priority,High,Likes are at the 2% peer percentile. | Price is at the 86% country-category percentile. | Historical sold-value proxy is at the 19% peer percentile.,Likes are at the 2% peer percentile.,Price is at the 86% country-category percentile.,Historical sold-value proxy is at the 19% peer percentile.,vn | Thực phẩm và đồ uống; price pctl 86%; likes pctl 2%; sold-value pctl 19%
vn,vn,438905996,Richy - Chi nhánh Miền Nam,49410301908,[ QUÀ TẶNG KHÔNG BÁN] TẶNG VỊ NGẪU NHIÊN KẸO DẺO 4D RICHY VỊ ĐÀO/ XOÀI HỘP 216GRAM,Thực phẩm và đồ uống,Thực phẩm và đồ uống,,400890,400890,20.0,20.0,1,1,12,,,93.0,15.73,Low Priority,High,Likes are at the 5% peer percentile. | Price is at the 89% country-category percentile. | Historical sold-value proxy is at the 18% peer percentile.,Likes are at the 5% peer percentile.,Price is at the 89% country-category percentile.,Historical sold-value proxy is at the 18% peer percentile.,vn | Thực phẩm và đồ uống; price pctl 89%; likes pctl 5%; sold-value pctl 18%
vn,vn,1145316676,Nestlé Health Science,40931076959,[MỚI] Bộ 3 Sữa Bột NESTLÉ BOOST GLUCOSE CONTROL Đức Bổ Sung Dinh Dưỡng Người Tiểu Đường 400G,Thực phẩm và đồ uống,Thực phẩm và đồ uống,SẢN PHẨM MỚI - BOOST GLUCOSE CONTROL,1275100,1275100,33.0,33.0,16,16,2,7.0,7.0,9.0,15.55,Low Priority,High,Price is at the 99% country-category percentile. | Historical sold-value proxy is at the 5% peer percentile. | Displayed discount is at the 86% peer percentile.,Price is at the 99% country-category percentile.,Historical sold-value proxy is at the 5% peer percentile.,Displayed discount is at the 86% peer percentile.,vn | Thực phẩm và đồ uống; price pctl 99%; likes pctl 26%; sold-value pctl 5%
vn,vn,438905996,Richy - Chi nhánh Miền Nam,48961223310,"[TẶNG QUÀ ĐƠN TỪ 129K] Combo 4 Karo chà bông gấu mix vị, bánh kẹo richy, HSD 45 NGÀY, khách hàng lưu ý đặt sll",Thực phẩm và đồ uống,Thực phẩm và đồ uống,,90000,90000,40.0,40.0,2,2,0,4.0,4.0,6.0,15.3,Low Priority,High,Historical sold-value proxy is at the 4% peer percentile. | Displayed discount is at the 95% peer percentile. | Likes are at the 8% peer percentile.,Historical sold-value proxy is at the 4% peer percentile.,Displayed discount is at the 95% peer percentile.,Likes are at the 8% peer percentile.,vn | Thực phẩm và đồ uống; price pctl 38%; likes pctl 8%; sold-value pctl 4%
vn,vn,213989179,Bibica Official Store ,47963062968,QUÀ TẶNG KHÔNG BÁN | SỐ LƯỢNG CÓ HẠN Thạch Dừa Zoo Soda Trái Cây Bibica 360g (Date Tháng 09),Thực phẩm và đồ uống,Thực phẩm và đồ uống,,90000,90000,10.0,10.0,0,0,0,1.0,1.0,1.0,15.01,Low Priority,High,Historical sold-value proxy is at the 1% peer percentile. | Likes are at the 2% peer percentile. | Displayed discount is at the 14% peer percentile.,Historical sold-value proxy is at the 1% peer percentile.,Likes are at the 2% peer percentile.,Displayed discount is at the 14% peer percentile.,vn | Thực phẩm và đồ uống; price pctl 38%; likes pctl 2%; sold-value pctl 1%
vn,vn,438905996,Richy - Chi nhánh Miền Nam,53551695912,"[Tặng quà đơn từ 129k]Combo 3 bịch Karo Sữa, Vị nguyên bản, Karo chà bông sợi gà, Karo phô mai hoàng kim, HSD 45-90 ng",Thực phẩm và đồ uống,Thực phẩm và đồ uống,Karo – Bánh tươi năng lượng,103500,103500,14.0,14.0,2,2,0,,,2.0,14.86,Low Priority,High,Historical sold-value proxy is at the 2% peer percentile. | Likes are at the 8% peer percentile. | Displayed discount is at the 32% peer percentile.,Historical sold-value proxy is at the 2% peer percentile.,Likes are at the 8% peer percentile.,Displayed discount is at the 32% peer percentile.,vn | Thực phẩm và đồ uống; price pctl 43%; likes pctl 8%; sold-value pctl 2%
vn,vn,173513432,Richy - Chi Nhánh Miền Bắc,44080976527,[QUÀ TẶNG KHÔNG BÁN] Combo 2 quà tặng ngẫu nhiên,Thực phẩm và đồ uống,Thực phẩm và đồ uống,,158400,158400,21.0,21.0,0,0,5,,,40.0,14.84,Low Priority,High,Likes are at the 2% peer percentile. | Historical sold-value proxy is at the 11% peer percentile. | Price is at the 68% country-category percentile.,Likes are at the 2% peer percentile.,Historical sold-value proxy is at the 11% peer percentile.,Price is at the 68% country-category percentile.,vn | Thực phẩm và đồ uống; price pctl 68%; likes pctl 2%; sold-value pctl 11%
vn,vn,140360136,Kinh Do Official Store,50803338258,[Video VC 20%] Thùng 28 Lon Bánh Lát Snack Khoai Tây Slide Vị Pizza Sò Điệp Và Bào Ngư 60g,Thực phẩm và đồ uống,Thực phẩm và đồ uống,Tất cả sản phẩm,697200,697200,17.0,17.0,2,2,0,107.0,107.0,110.0,14.71,Low Priority,High,Price is at the 96% country-category percentile. | Likes are at the 8% peer percentile. | Historical sold-value proxy is at the 19% peer percentile.,Price is at the 96% country-category percentile.,Likes are at the 8% peer percentile.,Historical sold-value proxy is at the 19% peer percentile.,vn | Thực phẩm và đồ uống; price pctl 96%; likes pctl 8%; sold-value pctl 19%
vn,vn,289646907,Orion VN Official Store,55707444399,Thùng Bánh Custas Kem Trứng 2P (48 Hộp/Thùng),Thực phẩm và đồ uống,Thực phẩm và đồ uống,,581000,581000,19.0,19.0,3,3,1,48.0,48.0,50.0,14.54,Low Priority,High,Price is at the 95% country-category percentile. | Likes are at the 11% peer percentile. | Historical sold-value proxy is at the 12% peer percentile.,Price is at the 95% country-category percentile.,Likes are at the 11% peer percentile.,Historical sold-value proxy is at the 12% peer percentile.,vn | Thực phẩm và đồ uống; price pctl 95%; likes pctl 11%; sold-value pctl 12%
vn,vn,438905996,Richy - Chi nhánh Miền Nam,57701686736,"[Tặng quà đơn từ 129k]Combo 4 bịch Karo Sữa, VỊ nguyên bản, Karo Chà Bông Sợi Gà, Karo Phô Mai Hoàng Kim, Bánh Kẹo Ric",Thực phẩm và đồ uống,Thực phẩm và đồ uống,Karo – Bánh tươi năng lượng,133200,133200,33.0,33.0,1,1,2,7.0,7.0,8.0,14.37,Low Priority,High,Historical sold-value proxy is at the 4% peer percentile. | Likes are at the 5% peer percentile. | Displayed discount is at the 86% peer percentile.,Historical sold-value proxy is at the 4% peer percentile.,Likes are at the 5% peer percentile.,Displayed discount is at the 86% peer percentile.,vn | Thực phẩm và đồ uống; price pctl 58%; likes pctl 5%; sold-value pctl 4%
vn,vn,438905996,Richy - Chi nhánh Miền Nam,10466590734,[ TẶNG QUẠT ĐƠN TỪ 250K] Thùng 48 bánh trứng tươi - chà bông Karo Richy 26g/gói,Thực phẩm và đồ uống,Thực phẩm và đồ uống,Karo – Bánh tươi năng lượng,231570,231570,23.0,23.0,1,1,9,38.0,38.0,41.0,14.28,Low Priority,High,Likes are at the 5% peer percentile. | Historical sold-value proxy is at the 11% peer percentile. | Price is at the 82% country-category percentile.,Likes are at the 5% peer percentile.,Historical sold-value proxy is at the 11% peer percentile.,Price is at the 82% country-category percentile.,vn | Thực phẩm và đồ uống; price pctl 82%; likes pctl 5%; sold-value pctl 11%
vn,vn,1145316676,Nestlé Health Science,51960915243,[MỚI] Bộ 4 Sữa Bột NESTLÉ BOOST GLUCOSE CONTROL Đức Bổ Sung Dinh Dưỡng Người Tiểu Đường 400G,Thực phẩm và đồ uống,Thực phẩm và đồ uống,SẢN PHẨM MỚI - BOOST GLUCOSE CONTROL,1693300,1693300,33.0,33.0,13,13,1,8.0,8.0,8.0,14.11,Low Priority,High,Price is at the 100% country-category percentile. | Historical sold-value proxy is at the 4% peer percentile. | Displayed discount is at the 86% peer percentile.,Price is at the 100% country-category percentile.,Historical sold-value proxy is at the 4% peer percentile.,Displayed discount is at the 86% peer percentile.,vn | Thực phẩm và đồ uống; price pctl 100%; likes pctl 22%; sold-value pctl 4%
vn,vn,438905996,Richy - Chi nhánh Miền Nam,52710351721,[TẶNG  QUẠT ĐƠN 250K]Thùng 24 gói nhỏ ( 6 túi lớn) bánh Karo gấu chà bông phô mai bánh gấu,Thực phẩm và đồ uống,Thực phẩm và đồ uống,Bánh kẹo sỉ,209990,209990,30.0,30.0,4,4,2,1.0,1.0,5.0,14.09,Low Priority,High,Historical sold-value proxy is at the 3% peer percentile. | Likes are at the 13% peer percentile. | Displayed discount is at the 81% peer percentile.,Historical sold-value proxy is at the 3% peer percentile.,Likes are at the 13% peer percentile.,Displayed discount is at the 81% peer percentile.,vn | Thực phẩm và đồ uống; price pctl 79%; likes pctl 13%; sold-value pctl 3%
vn,vn,140360136,Kinh Do Official Store,26693594934,[CÓ TÚI GIẤY] Hộp Thiếc Bánh Quy Cosy Tết 2026 Bơ Vị Vani & Marie 408g (Combo 2),Thực phẩm và đồ uống,Thực phẩm và đồ uống,,300460,300460,17.0,17.0,2,2,0,44.0,44.0,44.0,13.78,Low Priority,High,Likes are at the 8% peer percentile. | Historical sold-value proxy is at the 12% peer percentile. | Price is at the 85% country-category percentile.,Likes are at the 8% peer percentile.,Historical sold-value proxy is at the 12% peer percentile.,Price is at the 85% country-category percentile.,vn | Thực phẩm và đồ uống; price pctl 85%; likes pctl 8%; sold-value pctl 12%
vn,vn,438905996,Richy - Chi nhánh Miền Nam,28045099629,"[MUA 1 TẶNG 1] Majestic HT Hoa Nhí 310g xanh, đỏ, bánh kẹo Richy",Thực phẩm và đồ uống,Thực phẩm và đồ uống,🔥MUA 1 TẶNG 1,91800,91800,10.0,10.0,0,0,0,1.0,1.0,1.0,13.62,Low Priority,High,Historical sold-value proxy is at the 1% peer percentile. | Likes are at the 2% peer percentile. | Displayed discount is at the 14% peer percentile.,Historical sold-value proxy is at the 1% peer percentile.,Likes are at the 2% peer percentile.,Displayed discount is at the 14% peer percentile.,vn | Thực phẩm và đồ uống; price pctl 39%; likes pctl 2%; sold-value pctl 1%
vn,vn,438905996,Richy - Chi nhánh Miền Nam,56860203157,"[ Tặng quà đơn từ 129k] Combo 4 karo sợi gà, karo phô mai, karo bơ trứng giòn, bánh kẹo Richy",Thực phẩm và đồ uống,Thực phẩm và đồ uống,Karo – Bánh tươi năng lượng,113400,113400,10.0,10.0,0,0,0,4.0,4.0,5.0,13.23,Low Priority,High,Likes are at the 2% peer percentile. | Historical sold-value proxy is at the 3% peer percentile. | Displayed discount is at the 14% peer percentile.,Likes are at the 2% peer percentile.,Historical sold-value proxy is at the 3% peer percentile.,Displayed discount is at the 14% peer percentile.,vn | Thực phẩm và đồ uống; price pctl 46%; likes pctl 2%; sold-value pctl 3%
vn,vn,213989179,Bibica Official Store ,54661236695,"(Fruity combo) Kẹo Dẻo Trái Cây Mix Vị Zoo, 10 Kẹo Dưa Hấu, 10 Kem Tuyết 24g, 2 Kẹo Dẻo Áo Dầu 100g",Thực phẩm và đồ uống,Thực phẩm và đồ uống,,134460,134460,19.0,19.0,0,0,0,2.0,2.0,2.0,12.97,Low Priority,High,Historical sold-value proxy is at the 2% peer percentile. | Likes are at the 2% peer percentile. | The listing belongs to an official shop.,Historical sold-value proxy is at the 2% peer percentile.,Likes are at the 2% peer percentile.,The listing belongs to an official shop.,vn | Thực phẩm và đồ uống; price pctl 59%; likes pctl 2%; sold-value pctl 2%
vn,vn,140360136,Kinh Do Official Store,56603333920,[Video VC 20%] Thùng 28 Lon Bánh Lát Snack Khoai Tây Slide Vị Kem Chua & Hành 60g,Thực phẩm và đồ uống,Thực phẩm và đồ uống,Tất cả sản phẩm,697200,697200,17.0,17.0,3,3,1,2.0,2.0,9.0,12.74,Low Priority,High,Price is at the 96% country-category percentile. | Historical sold-value proxy is at the 5% peer percentile. | Likes are at the 11% peer percentile.,Price is at the 96% country-category percentile.,Historical sold-value proxy is at the 5% peer percentile.,Likes are at the 11% peer percentile.,vn | Thực phẩm và đồ uống; price pctl 96%; likes pctl 11%; sold-value pctl 5%
vn,vn,438905996,Richy - Chi nhánh Miền Nam,50861006954,"[TẶNG QUẠT ĐƠN 180K] COMBO 4 kenju mix vị, 2 kem dẻo 186g, 2 kenju rau củ",Thực phẩm và đồ uống,Thực phẩm và đồ uống,Kenju- Ngon có gu,158400,158400,37.0,37.0,1,1,1,1.0,1.0,1.0,12.61,Low Priority,High,Historical sold-value proxy is at the 1% peer percentile. | Likes are at the 5% peer percentile. | Displayed discount is at the 92% peer percentile.,Historical sold-value proxy is at the 1% peer percentile.,Likes are at the 5% peer percentile.,Displayed discount is at the 92% peer percentile.,vn | Thực phẩm và đồ uống; price pctl 68%; likes pctl 5%; sold-value pctl 1%
vn,vn,438905996,Richy - Chi nhánh Miền Nam,49460368720,"[TẶNG QUẠT ĐƠN 180K] Combo 4 kenju rau củ và kenju tôm, bánh kẹo Richy",Thực phẩm và đồ uống,Thực phẩm và đồ uống,Kenju- Ngon có gu,149600,149600,21.0,21.0,2,2,0,4.0,4.0,5.0,12.59,Low Priority,High,Historical sold-value proxy is at the 3% peer percentile. | Likes are at the 8% peer percentile. | Price is at the 66% country-category percentile.,Historical sold-value proxy is at the 3% peer percentile.,Likes are at the 8% peer percentile.,Price is at the 66% country-category percentile.,vn | Thực phẩm và đồ uống; price pctl 66%; likes pctl 8%; sold-value pctl 3%
vn,vn,213989179,Bibica Official Store ,55561234333,"Combo 31 Gói Kẹo Dẻo Zoo Mix 4 Vị Ăn Thử - 10 Kem Tuyết, 10 Dưa Hấu, 10 Sâu Kỳ Thú 24g, 1 Kẹo Dẻo Áo Dầu 100g",Thực phẩm và đồ uống,Thực phẩm và đồ uống,,169884,169884,21.0,21.0,1,1,0,1.0,1.0,1.0,12.45,Low Priority,High,Historical sold-value proxy is at the 1% peer percentile. | Likes are at the 5% peer percentile. | The listing belongs to an official shop.,Historical sold-value proxy is at the 1% peer percentile.,Likes are at the 5% peer percentile.,The listing belongs to an official shop.,vn | Thực phẩm và đồ uống; price pctl 72%; likes pctl 5%; sold-value pctl 1%
vn,vn,289646907,Orion VN Official Store,54810955747,THÙNG BÁNH SNACK KHOAI TÂY NƯỚNG YEGAM VỊ KIM CHI HÀN QUỐC (20 HỘP/THÙNG),Thực phẩm và đồ uống,Thực phẩm và đồ uống,,514600,514600,20.0,20.0,1,1,0,30.0,30.0,30.0,12.1,Low Priority,High,Likes are at the 5% peer percentile. | Price is at the 94% country-category percentile. | Historical sold-value proxy is at the 9% peer percentile.,Likes are at the 5% peer percentile.,Price is at the 94% country-category percentile.,Historical sold-value proxy is at the 9% peer percentile.,vn | Thực phẩm và đồ uống; price pctl 94%; likes pctl 5%; sold-value pctl 9%
vn,vn,213989179,Bibica Official Store ,47262565646,[QUÀ TẶNG KHÔNG BÁN] Một Túi Kẹo dẻo Zoo 54g vị bất kỳ,Thực phẩm và đồ uống,Thực phẩm và đồ uống,,820000,820000,18.0,18.0,0,0,0,39.0,39.0,39.0,11.27,Low Priority,High,Price is at the 98% country-category percentile. | Likes are at the 2% peer percentile. | Historical sold-value proxy is at the 10% peer percentile.,Price is at the 98% country-category percentile.,Likes are at the 2% peer percentile.,Historical sold-value proxy is at the 10% peer percentile.,vn | Thực phẩm và đồ uống; price pctl 98%; likes pctl 2%; sold-value pctl 10%
vn,vn,438905996,Richy - Chi nhánh Miền Nam,51410286188,[MUA 3 TẶNG 1 QUAT]   Combo 6 túi yến mạch sữa - phô mai 250g-220g,Thực phẩm và đồ uống,Thực phẩm và đồ uống,Yến mạch – Healthy mỗi ngày,244850,244850,22.0,22.0,2,2,0,1.0,1.0,2.0,10.83,Low Priority,High,Historical sold-value proxy is at the 2% peer percentile. | Likes are at the 8% peer percentile. | Price is at the 82% country-category percentile.,Historical sold-value proxy is at the 2% peer percentile.,Likes are at the 8% peer percentile.,Price is at the 82% country-category percentile.,vn | Thực phẩm và đồ uống; price pctl 82%; likes pctl 8%; sold-value pctl 2%
vn,vn,438905996,Richy - Chi nhánh Miền Nam,47161022997,"[TẶNG QUẠT ĐƠN 180K] COMBO 4 kenju mix vị, 2 kem dẻo 186g, 2 kenju tôm",Thực phẩm và đồ uống,Thực phẩm và đồ uống,Kenju- Ngon có gu,158400,158400,37.0,37.0,0,0,0,2.0,2.0,2.0,10.79,Low Priority,High,Historical sold-value proxy is at the 2% peer percentile. | Likes are at the 2% peer percentile. | Displayed discount is at the 92% peer percentile.,Historical sold-value proxy is at the 2% peer percentile.,Likes are at the 2% peer percentile.,Displayed discount is at the 92% peer percentile.,vn | Thực phẩm và đồ uống; price pctl 68%; likes pctl 2%; sold-value pctl 2%
vn,vn,289646907,Orion VN Official Store,57160955850,THÙNG BÁNH SNACK KHOAI TÂY NƯỚNG YEGAM VỊ NGUYÊN BẢN (20 HỘP/THÙNG),Thực phẩm và đồ uống,Thực phẩm và đồ uống,,514600,514600,20.0,20.0,1,1,0,2.0,2.0,2.0,10.72,Low Priority,High,Historical sold-value proxy is at the 2% peer percentile. | Likes are at the 5% peer percentile. | Price is at the 94% country-category percentile.,Historical sold-value proxy is at the 2% peer percentile.,Likes are at the 5% peer percentile.,Price is at the 94% country-category percentile.,vn | Thực phẩm và đồ uống; price pctl 94%; likes pctl 5%; sold-value pctl 2%
vn,vn,438905996,Richy - Chi nhánh Miền Nam,43852307558,"Thùng bánh gạo Jinju, Bánh gạo mật ong, Bánh gạo cốm sữa, Bánh gạo muối hồng, Bánh gạo bò tiêu, - Bánh kẹo Richy",Thực phẩm và đồ uống,Thực phẩm và đồ uống,Bánh kẹo sỉ,367690,367690,20.0,20.0,0,0,1,1.0,1.0,1.0,9.86,Low Priority,High,Historical sold-value proxy is at the 1% peer percentile. | Likes are at the 2% peer percentile. | Price is at the 88% country-category percentile.,Historical sold-value proxy is at the 1% peer percentile.,Likes are at the 2% peer percentile.,Price is at the 88% country-category percentile.,vn | Thực phẩm và đồ uống; price pctl 88%; likes pctl 2%; sold-value pctl 1%
vn,vn,438905996,Richy - Chi nhánh Miền Nam,45460311001,"[TẶNG QUẠT ĐƠN 180K] Thùng bánh quy hành Kenju kem dẻo loại túi - 186g (18 túi/Thùng), Bánh Kẹo Richy",Thực phẩm và đồ uống,Thực phẩm và đồ uống,Bánh kẹo sỉ,691390,691390,19.0,19.0,2,2,0,2.0,2.0,2.0,9.48,Low Priority,High,Historical sold-value proxy is at the 2% peer percentile. | Price is at the 96% country-category percentile. | Likes are at the 8% peer percentile.,Historical sold-value proxy is at the 2% peer percentile.,Price is at the 96% country-category percentile.,Likes are at the 8% peer percentile.,vn | Thực phẩm và đồ uống; price pctl 96%; likes pctl 8%; sold-value pctl 2%
vn,vn,438905996,Richy - Chi nhánh Miền Nam,56062041503,"[ TẶNG QUẠT ĐƠN TỪ 250K] [NEW] Thùng 60 bánh karo gấu chà bông 100g, 5 bánh/ túi, date 45 ngày",Thực phẩm và đồ uống,Thực phẩm và đồ uống,Karo – Bánh tươi năng lượng,226590,226590,29.0,29.0,0,0,0,1.0,1.0,1.0,9.39,Low Priority,High,Historical sold-value proxy is at the 1% peer percentile. | Likes are at the 2% peer percentile. | Price is at the 81% country-category percentile.,Historical sold-value proxy is at the 1% peer percentile.,Likes are at the 2% peer percentile.,Price is at the 81% country-category percentile.,vn | Thực phẩm và đồ uống; price pctl 81%; likes pctl 2%; sold-value pctl 1%
vn,vn,438905996,Richy - Chi nhánh Miền Nam,57210285849,"[TẶNG QUẠT ĐƠN TỪ 180K] Thùng bánh quy hành Kenju rau củ - 192g (18 túi/Thùng), Bánh Kẹo Richy",Thực phẩm và đồ uống,Thực phẩm và đồ uống,Bánh kẹo sỉ,649890,649890,19.0,19.0,0,0,0,1.0,1.0,1.0,7.95,Low Priority,High,Historical sold-value proxy is at the 1% peer percentile. | Likes are at the 2% peer percentile. | Price is at the 96% country-category percentile.,Historical sold-value proxy is at the 1% peer percentile.,Likes are at the 2% peer percentile.,Price is at the 96% country-category percentile.,vn | Thực phẩm và đồ uống; price pctl 96%; likes pctl 2%; sold-value pctl 1%
